id,season,city,date,team1,team2,toss_winner,toss_decision,result,dl_applied,winner,win_by,result_margin,player_of_match,venue,umpire1,umpire2,umpire3
335982,2008,Bangalore,18/04/08,Kolkata Knight Riders,Royal Challengers Bangalore,Royal Challengers Bangalore,field,normal,0,Kolkata Knight Riders,runs,140,BB McCullum,M Chinnaswamy Stadium,Asad Rauf,RE Koertzen,
335983,2008,Chandigarh,19/04/08,Chennai Super Kings,Kings XI Punjab,Chennai Super Kings,bat,normal,0,Chennai Super Kings,runs,33,MEK Hussey,Punjab Cricket Association Stadium,MR Benson,SL Shastri,
335984,2008,Delhi,19/04/08,Rajasthan Royals,Delhi Daredevils,Rajasthan Royals,bat,normal,0,Delhi Daredevils,wickets,9,MF Maharoof,Feroz Shah Kotla,Aleem Dar,GA Pratapkumar,
335985,2008,Mumbai,20/04/08,Mumbai Indians,Royal Challengers Bangalore,Mumbai Indians,bat,normal,0,Royal Challengers Bangalore,wickets,5,MV Boucher,Wankhede Stadium,SJ Davis,DJ Harper,
335986,2008,Kolkata,20/04/08,Deccan Chargers,Kolkata Knight Riders,Deccan Chargers,bat,normal,0,Kolkata Knight Riders,wickets,5,DJ Hussey,Eden Gardens,BF Bowden,K Hariharan,
335987,2008,Jaipur,21/04/08,Kings XI Punjab,Rajasthan Royals,Kings XI Punjab,bat,normal,0,Rajasthan Royals,wickets,6,SR Watson,Sawai Mansingh Stadium,Aleem Dar,RB Tiffin,
335988,2008,Hyderabad,22/04/08,Deccan Chargers,Delhi Daredevils,Deccan Chargers,bat,normal,0,Delhi Daredevils,wickets,9,V Sehwag,Rajiv Gandhi International Stadium,IL Howell,AM Saheba,
335989,2008,Chennai,23/04/08,Chennai Super Kings,Mumbai Indians,Mumbai Indians,field,normal,0,Chennai Super Kings,runs,6,ML Hayden,MA Chidambaram Stadium,DJ Harper,GA Pratapkumar,
335990,2008,Hyderabad,24/04/08,Deccan Chargers,Rajasthan Royals,Rajasthan Royals,field,normal,0,Rajasthan Royals,wickets,3,YK Pathan,Rajiv Gandhi International Stadium,Asad Rauf,MR Benson,
335991,2008,Chandigarh,25/04/08,Kings XI Punjab,Mumbai Indians,Mumbai Indians,field,normal,0,Kings XI Punjab,runs,66,KC Sangakkara,Punjab Cricket Association Stadium,Aleem Dar,AM Saheba,
335992,2008,Bangalore,26/04/08,Royal Challengers Bangalore,Rajasthan Royals,Rajasthan Royals,field,normal,0,Rajasthan Royals,wickets,7,SR Watson,M Chinnaswamy Stadium,MR Benson,IL Howell,
335993,2008,Chennai,26/04/08,Kolkata Knight Riders,Chennai Super Kings,Kolkata Knight Riders,bat,normal,0,Chennai Super Kings,wickets,9,JDP Oram,MA Chidambaram Stadium,BF Bowden,AV Jayaprakash,
335994,2008,Mumbai,27/04/08,Mumbai Indians,Deccan Chargers,Deccan Chargers,field,normal,0,Deccan Chargers,wickets,10,AC Gilchrist,Dr DY Patil Sports Academy,Asad Rauf,SL Shastri,
335995,2008,Chandigarh,27/04/08,Delhi Daredevils,Kings XI Punjab,Delhi Daredevils,bat,normal,0,Kings XI Punjab,wickets,4,SM Katich,Punjab Cricket Association Stadium,RE Koertzen,I Shivram,
335996,2008,Bangalore,28/04/08,Chennai Super Kings,Royal Challengers Bangalore,Chennai Super Kings,bat,normal,0,Chennai Super Kings,runs,13,MS Dhoni,M Chinnaswamy Stadium,BR Doctrove,RB Tiffin,
335997,2008,Kolkata,29/04/08,Kolkata Knight Riders,Mumbai Indians,Kolkata Knight Riders,bat,normal,0,Mumbai Indians,wickets,7,ST Jayasuriya,Eden Gardens,BF Bowden,AV Jayaprakash,
335998,2008,Delhi,30/04/08,Delhi Daredevils,Royal Challengers Bangalore,Royal Challengers Bangalore,field,normal,0,Delhi Daredevils,runs,10,GD McGrath,Feroz Shah Kotla,Aleem Dar,I Shivram,
335999,2008,Hyderabad,01/05/08,Deccan Chargers,Kings XI Punjab,Kings XI Punjab,field,normal,0,Kings XI Punjab,wickets,7,SE Marsh,Rajiv Gandhi International Stadium,BR Doctrove,RB Tiffin,
336000,2008,Jaipur,01/05/08,Rajasthan Royals,Kolkata Knight Riders,Rajasthan Royals,bat,normal,0,Rajasthan Royals,runs,45,SA Asnodkar,Sawai Mansingh Stadium,RE Koertzen,GA Pratapkumar,
336001,2008,Chennai,02/05/08,Chennai Super Kings,Delhi Daredevils,Chennai Super Kings,bat,normal,0,Delhi Daredevils,wickets,8,V Sehwag,MA Chidambaram Stadium,BF Bowden,K Hariharan,
336002,2008,Hyderabad,25/05/08,Deccan Chargers,Royal Challengers Bangalore,Deccan Chargers,bat,normal,0,Royal Challengers Bangalore,wickets,5,R Vinay Kumar,Rajiv Gandhi International Stadium,Asad Rauf,RE Koertzen,
336003,2008,Chandigarh,03/05/08,Kings XI Punjab,Kolkata Knight Riders,Kings XI Punjab,bat,normal,0,Kings XI Punjab,runs,9,IK Pathan,Punjab Cricket Association Stadium,DJ Harper,I Shivram,
336004,2008,Mumbai,04/05/08,Mumbai Indians,Delhi Daredevils,Delhi Daredevils,field,normal,0,Mumbai Indians,runs,29,SM Pollock,Dr DY Patil Sports Academy,IL Howell,RE Koertzen,
336005,2008,Jaipur,04/05/08,Chennai Super Kings,Rajasthan Royals,Chennai Super Kings,bat,normal,0,Rajasthan Royals,wickets,8,Sohail Tanvir,Sawai Mansingh Stadium,Asad Rauf,AV Jayaprakash,
336006,2008,Bangalore,05/05/08,Royal Challengers Bangalore,Kings XI Punjab,Kings XI Punjab,field,normal,0,Kings XI Punjab,wickets,6,S Sreesanth,M Chinnaswamy Stadium,SJ Davis,BR Doctrove,
336007,2008,Chennai,06/05/08,Chennai Super Kings,Deccan Chargers,Deccan Chargers,field,normal,0,Deccan Chargers,wickets,7,AC Gilchrist,MA Chidambaram Stadium,MR Benson,RB Tiffin,
336008,2008,Mumbai,07/05/08,Rajasthan Royals,Mumbai Indians,Mumbai Indians,field,normal,0,Mumbai Indians,wickets,7,A Nehra,Dr DY Patil Sports Academy,DJ Harper,RE Koertzen,
336009,2008,Delhi,08/05/08,Delhi Daredevils,Chennai Super Kings,Chennai Super Kings,field,normal,0,Chennai Super Kings,wickets,4,MS Dhoni,Feroz Shah Kotla,Aleem Dar,RB Tiffin,
336010,2008,Kolkata,08/05/08,Kolkata Knight Riders,Royal Challengers Bangalore,Kolkata Knight Riders,bat,normal,0,Kolkata Knight Riders,runs,5,SC Ganguly,Eden Gardens,Asad Rauf,IL Howell,
336011,2008,Jaipur,09/05/08,Deccan Chargers,Rajasthan Royals,Rajasthan Royals,field,normal,0,Rajasthan Royals,wickets,8,YK Pathan,Sawai Mansingh Stadium,MR Benson,AM Saheba,
336012,2008,Bangalore,28/05/08,Royal Challengers Bangalore,Mumbai Indians,Mumbai Indians,field,normal,0,Mumbai Indians,wickets,9,CRD Fernando,M Chinnaswamy Stadium,BF Bowden,AV Jayaprakash,
336013,2008,Chennai,10/05/08,Chennai Super Kings,Kings XI Punjab,Kings XI Punjab,field,normal,0,Chennai Super Kings,runs,18,L Balaji,MA Chidambaram Stadium,AV Jayaprakash,BG Jerling,
336014,2008,Hyderabad,11/05/08,Kolkata Knight Riders,Deccan Chargers,Kolkata Knight Riders,bat,normal,0,Kolkata Knight Riders,runs,23,SC Ganguly,Rajiv Gandhi International Stadium,IL Howell,AM Saheba,
336015,2008,Jaipur,11/05/08,Delhi Daredevils,Rajasthan Royals,Rajasthan Royals,field,normal,0,Rajasthan Royals,wickets,3,SR Watson,Sawai Mansingh Stadium,SJ Davis,RE Koertzen,
336016,2008,Chandigarh,12/05/08,Royal Challengers Bangalore,Kings XI Punjab,Royal Challengers Bangalore,bat,normal,0,Kings XI Punjab,wickets,9,SE Marsh,Punjab Cricket Association Stadium,BR Doctrove,I Shivram,
336017,2008,Kolkata,13/05/08,Kolkata Knight Riders,Delhi Daredevils,Kolkata Knight Riders,bat,normal,0,Kolkata Knight Riders,runs,23,Shoaib Akhtar,Eden Gardens,Asad Rauf,IL Howell,
336018,2008,Mumbai,14/05/08,Chennai Super Kings,Mumbai Indians,Mumbai Indians,field,normal,0,Mumbai Indians,wickets,9,ST Jayasuriya,Wankhede Stadium,BR Doctrove,AM Saheba,
336019,2008,Chandigarh,28/05/08,Kings XI Punjab,Rajasthan Royals,Rajasthan Royals,field,normal,0,Kings XI Punjab,runs,41,SE Marsh,Punjab Cricket Association Stadium,SJ Davis,K Hariharan,
336020,2008,Delhi,15/05/08,Delhi Daredevils,Deccan Chargers,Deccan Chargers,field,normal,0,Delhi Daredevils,runs,12,A Mishra,Feroz Shah Kotla,BG Jerling,GA Pratapkumar,
336021,2008,Mumbai,16/05/08,Kolkata Knight Riders,Mumbai Indians,Mumbai Indians,field,normal,0,Mumbai Indians,wickets,8,SM Pollock,Wankhede Stadium,BR Doctrove,DJ Harper,
336022,2008,Delhi,17/05/08,Delhi Daredevils,Kings XI Punjab,Delhi Daredevils,bat,normal,1,Kings XI Punjab,runs,6,DPMD Jayawardene,Feroz Shah Kotla,AV Jayaprakash,RE Koertzen,
336023,2008,Jaipur,17/05/08,Rajasthan Royals,Royal Challengers Bangalore,Royal Challengers Bangalore,field,normal,0,Rajasthan Royals,runs,65,GC Smith,Sawai Mansingh Stadium,BF Bowden,SL Shastri,
336024,2008,Hyderabad,18/05/08,Mumbai Indians,Deccan Chargers,Deccan Chargers,field,normal,0,Mumbai Indians,runs,25,DJ Bravo,Rajiv Gandhi International Stadium,BR Doctrove,DJ Harper,
336025,2008,Kolkata,18/05/08,Kolkata Knight Riders,Chennai Super Kings,Kolkata Knight Riders,bat,normal,1,Chennai Super Kings,runs,3,M Ntini,Eden Gardens,Asad Rauf,K Hariharan,
336026,2008,Bangalore,19/05/08,Royal Challengers Bangalore,Delhi Daredevils,Delhi Daredevils,field,normal,0,Delhi Daredevils,wickets,5,SP Goswami,M Chinnaswamy Stadium,SJ Davis,GA Pratapkumar,
336027,2008,Kolkata,20/05/08,Kolkata Knight Riders,Rajasthan Royals,Rajasthan Royals,field,normal,0,Rajasthan Royals,wickets,6,YK Pathan,Eden Gardens,BG Jerling,RE Koertzen,
336028,2008,Mumbai,21/05/08,Kings XI Punjab,Mumbai Indians,Mumbai Indians,field,normal,0,Kings XI Punjab,runs,1,SE Marsh,Wankhede Stadium,BF Bowden,GA Pratapkumar,
336029,2008,Chennai,21/05/08,Royal Challengers Bangalore,Chennai Super Kings,Royal Challengers Bangalore,bat,normal,0,Royal Challengers Bangalore,runs,14,A Kumble,MA Chidambaram Stadium,DJ Harper,I Shivram,
336031,2008,Chandigarh,23/05/08,Deccan Chargers,Kings XI Punjab,Kings XI Punjab,field,normal,0,Kings XI Punjab,wickets,6,SE Marsh,Punjab Cricket Association Stadium,Asad Rauf,SJ Davis,
336032,2008,Delhi,24/05/08,Mumbai Indians,Delhi Daredevils,Delhi Daredevils,field,normal,0,Delhi Daredevils,wickets,5,KD Karthik,Feroz Shah Kotla,BF Bowden,K Hariharan,
336033,2008,Chennai,24/05/08,Rajasthan Royals,Chennai Super Kings,Rajasthan Royals,bat,normal,0,Rajasthan Royals,runs,10,JA Morkel,MA Chidambaram Stadium,DJ Harper,SL Shastri,
336034,2008,Bangalore,03/05/08,Royal Challengers Bangalore,Deccan Chargers,Deccan Chargers,field,normal,0,Royal Challengers Bangalore,runs,3,P Kumar,M Chinnaswamy Stadium,BR Doctrove,SL Shastri,
336035,2008,Kolkata,25/05/08,Kings XI Punjab,Kolkata Knight Riders,Kings XI Punjab,bat,normal,0,Kolkata Knight Riders,wickets,3,Umar Gul,Eden Gardens,SJ Davis,I Shivram,
336036,2008,Jaipur,26/05/08,Mumbai Indians,Rajasthan Royals,Rajasthan Royals,field,normal,0,Rajasthan Royals,wickets,5,Sohail Tanvir,Sawai Mansingh Stadium,BF Bowden,K Hariharan,
336037,2008,Hyderabad,27/05/08,Deccan Chargers,Chennai Super Kings,Deccan Chargers,bat,normal,0,Chennai Super Kings,wickets,7,SK Raina,Rajiv Gandhi International Stadium,BG Jerling,AM Saheba,
336038,2008,Mumbai,30/05/08,Rajasthan Royals,Delhi Daredevils,Delhi Daredevils,field,normal,0,Rajasthan Royals,runs,105,SR Watson,Wankhede Stadium,BF Bowden,RE Koertzen,
336039,2008,Mumbai,31/05/08,Kings XI Punjab,Chennai Super Kings,Kings XI Punjab,bat,normal,0,Chennai Super Kings,wickets,9,M Ntini,Wankhede Stadium,Asad Rauf,DJ Harper,
336040,2008,Mumbai,01/06/08,Chennai Super Kings,Rajasthan Royals,Rajasthan Royals,field,normal,0,Rajasthan Royals,wickets,3,YK Pathan,Dr DY Patil Sports Academy,BF Bowden,RE Koertzen,
392181,2009,Cape Town,18/04/09,Mumbai Indians,Chennai Super Kings,Chennai Super Kings,field,normal,0,Mumbai Indians,runs,19,SR Tendulkar,Newlands,BR Doctrove,K Hariharan,
392182,2009,Cape Town,18/04/09,Royal Challengers Bangalore,Rajasthan Royals,Royal Challengers Bangalore,bat,normal,0,Royal Challengers Bangalore,runs,75,R Dravid,Newlands,BR Doctrove,RB Tiffin,
392183,2009,Cape Town,19/04/09,Kings XI Punjab,Delhi Daredevils,Delhi Daredevils,field,normal,1,Delhi Daredevils,wickets,10,DL Vettori,Newlands,MR Benson,SD Ranade,
392183,2009,Cape Town,19/04/09 0:00,Kings XI Punjab,Delhi Daredevils,Delhi Daredevils,field,normal,1,Delhi Daredevils,wickets,10,DL Vettori,Newlands,MR Benson,SD Ranade,
392184,2009,Cape Town,19/04/09,Kolkata Knight Riders,Deccan Chargers,Kolkata Knight Riders,bat,normal,0,Deccan Chargers,wickets,8,RP Singh,Newlands,MR Benson,BR Doctrove,
392185,2009,Port Elizabeth,20/04/09,Chennai Super Kings,Royal Challengers Bangalore,Chennai Super Kings,bat,normal,0,Chennai Super Kings,runs,92,M Muralitharan,St George's Park,BG Jerling,SJA Taufel,
392186,2009,Durban,21/04/09,Kings XI Punjab,Kolkata Knight Riders,Kolkata Knight Riders,field,normal,1,Kolkata Knight Riders,runs,11,CH Gayle,Kingsmead,DJ Harper,SD Ranade,
392188,2009,Cape Town,22/04/09,Deccan Chargers,Royal Challengers Bangalore,Deccan Chargers,bat,normal,0,Deccan Chargers,runs,24,AC Gilchrist,Newlands,M Erasmus,AM Saheba,
392189,2009,Durban,23/04/09,Delhi Daredevils,Chennai Super Kings,Delhi Daredevils,bat,normal,0,Delhi Daredevils,runs,9,AB de Villiers,Kingsmead,BR Doctrove,SJA Taufel,
392190,2009,Cape Town,23/04/09,Rajasthan Royals,Kolkata Knight Riders,Kolkata Knight Riders,field,tie,0,Rajasthan Royals,,0,YK Pathan,Newlands,MR Benson,M Erasmus,
392191,2009,Durban,24/04/09,Royal Challengers Bangalore,Kings XI Punjab,Royal Challengers Bangalore,bat,normal,0,Kings XI Punjab,wickets,7,RS Bopara,Kingsmead,BR Doctrove,TH Wijewardene,
392192,2009,Durban,25/04/09,Deccan Chargers,Mumbai Indians,Deccan Chargers,bat,normal,0,Deccan Chargers,runs,12,PP Ojha,Kingsmead,HDPK Dharmasena,SJA Taufel,
392194,2009,Port Elizabeth,26/04/09,Royal Challengers Bangalore,Delhi Daredevils,Royal Challengers Bangalore,bat,normal,0,Delhi Daredevils,wickets,6,TM Dilshan,St George's Park,S Asnani,BG Jerling,
392195,2009,Cape Town,26/04/09,Kings XI Punjab,Rajasthan Royals,Kings XI Punjab,bat,normal,0,Kings XI Punjab,runs,27,KC Sangakkara,Newlands,M Erasmus,K Hariharan,
392196,2009,Durban,27/04/09,Chennai Super Kings,Deccan Chargers,Deccan Chargers,field,normal,0,Deccan Chargers,wickets,6,HH Gibbs,Kingsmead,IL Howell,TH Wijewardene,
392197,2009,Port Elizabeth,27/04/09,Mumbai Indians,Kolkata Knight Riders,Mumbai Indians,bat,normal,0,Mumbai Indians,runs,92,SR Tendulkar,St George's Park,BG Jerling,RB Tiffin,
392198,2009,Centurion,28/04/09,Delhi Daredevils,Rajasthan Royals,Delhi Daredevils,bat,normal,0,Rajasthan Royals,wickets,5,YK Pathan,SuperSport Park,GAV Baxter,RE Koertzen,
392199,2009,Durban,29/04/09,Kolkata Knight Riders,Royal Challengers Bangalore,Kolkata Knight Riders,bat,normal,0,Royal Challengers Bangalore,wickets,5,MV Boucher,Kingsmead,MR Benson,TH Wijewardene,
392200,2009,Durban,29/04/09,Kings XI Punjab,Mumbai Indians,Kings XI Punjab,bat,normal,0,Kings XI Punjab,runs,3,KC Sangakkara,Kingsmead,MR Benson,SL Shastri,
392201,2009,Centurion,30/04/09,Deccan Chargers,Delhi Daredevils,Delhi Daredevils,field,normal,0,Delhi Daredevils,wickets,6,DP Nannes,SuperSport Park,GAV Baxter,AM Saheba,
392202,2009,Centurion,30/04/09,Chennai Super Kings,Rajasthan Royals,Rajasthan Royals,field,normal,0,Chennai Super Kings,runs,38,SK Raina,SuperSport Park,GAV Baxter,RE Koertzen,
392203,2009,East London,01/05/09,Mumbai Indians,Kolkata Knight Riders,Mumbai Indians,bat,normal,0,Mumbai Indians,runs,9,JP Duminy,Buffalo Park,M Erasmus,SK Tarapore,
392204,2009,Durban,01/05/09,Royal Challengers Bangalore,Kings XI Punjab,Royal Challengers Bangalore,bat,normal,0,Royal Challengers Bangalore,runs,8,Yuvraj Singh,Kingsmead,HDPK Dharmasena,S Ravi,
392205,2009,Port Elizabeth,02/05/09,Deccan Chargers,Rajasthan Royals,Deccan Chargers,bat,normal,0,Rajasthan Royals,wickets,3,YK Pathan,St George's Park,S Asnani,BG Jerling,
392206,2009,Johannesburg,02/05/09,Chennai Super Kings,Delhi Daredevils,Delhi Daredevils,field,normal,0,Chennai Super Kings,runs,18,SB Jakati,New Wanderers Stadium,DJ Harper,RE Koertzen,
392207,2009,Port Elizabeth,03/05/09,Kolkata Knight Riders,Kings XI Punjab,Kolkata Knight Riders,bat,normal,0,Kings XI Punjab,wickets,6,DPMD Jayawardene,St George's Park,S Asnani,MR Benson,
392208,2009,Johannesburg,03/05/09,Mumbai Indians,Royal Challengers Bangalore,Mumbai Indians,bat,normal,0,Royal Challengers Bangalore,wickets,9,JH Kallis,New Wanderers Stadium,RE Koertzen,TH Wijewardene,
392209,2009,East London,04/05/09,Chennai Super Kings,Deccan Chargers,Chennai Super Kings,bat,normal,0,Chennai Super Kings,runs,78,MS Dhoni,Buffalo Park,BR Doctrove,M Erasmus,
392210,2009,Durban,05/05/09,Rajasthan Royals,Kings XI Punjab,Kings XI Punjab,field,normal,0,Rajasthan Royals,runs,78,GC Smith,Kingsmead,SS Hazare,IL Howell,
392211,2009,Durban,05/05/09,Kolkata Knight Riders,Delhi Daredevils,Kolkata Knight Riders,bat,normal,0,Delhi Daredevils,wickets,9,G Gambhir,Kingsmead,GAV Baxter,IL Howell,
392212,2009,Centurion,06/05/09,Deccan Chargers,Mumbai Indians,Deccan Chargers,bat,normal,0,Deccan Chargers,runs,19,RG Sharma,SuperSport Park,MR Benson,HDPK Dharmasena,
392213,2009,Centurion,07/05/09,Royal Challengers Bangalore,Rajasthan Royals,Rajasthan Royals,field,normal,0,Rajasthan Royals,wickets,7,A Singh,SuperSport Park,K Hariharan,DJ Harper,
392214,2009,Centurion,07/05/09,Chennai Super Kings,Kings XI Punjab,Chennai Super Kings,bat,normal,1,Chennai Super Kings,runs,12,ML Hayden,SuperSport Park,DJ Harper,TH Wijewardene,
392215,2009,East London,08/05/09,Mumbai Indians,Delhi Daredevils,Mumbai Indians,bat,normal,0,Delhi Daredevils,wickets,7,A Nehra,Buffalo Park,M Erasmus,SK Tarapore,
392216,2009,Kimberley,09/05/09,Deccan Chargers,Kings XI Punjab,Kings XI Punjab,field,normal,0,Kings XI Punjab,wickets,3,DPMD Jayawardene,De Beers Diamond Oval,GAV Baxter,AM Saheba,
392217,2009,Kimberley,09/05/09,Rajasthan Royals,Chennai Super Kings,Rajasthan Royals,bat,normal,0,Chennai Super Kings,wickets,7,S Badrinath,De Beers Diamond Oval,GAV Baxter,HDPK Dharmasena,
392218,2009,Port Elizabeth,10/05/09,Mumbai Indians,Royal Challengers Bangalore,Mumbai Indians,bat,normal,0,Mumbai Indians,runs,16,JP Duminy,St George's Park,BR Doctrove,BG Jerling,
392219,2009,Johannesburg,10/05/09,Kolkata Knight Riders,Delhi Daredevils,Delhi Daredevils,field,normal,0,Delhi Daredevils,wickets,7,A Mishra,New Wanderers Stadium,SL Shastri,RB Tiffin,
392220,2009,Kimberley,11/05/09,Deccan Chargers,Rajasthan Royals,Deccan Chargers,bat,normal,0,Deccan Chargers,runs,53,DR Smith,De Beers Diamond Oval,GAV Baxter,HDPK Dharmasena,
392221,2009,Centurion,12/05/09,Kolkata Knight Riders,Royal Challengers Bangalore,Royal Challengers Bangalore,field,normal,0,Royal Challengers Bangalore,wickets,6,LRPL Taylor,SuperSport Park,M Erasmus,SS Hazare,
392222,2009,Centurion,12/05/09,Kings XI Punjab,Mumbai Indians,Kings XI Punjab,bat,normal,0,Mumbai Indians,wickets,8,Harbhajan Singh,SuperSport Park,SS Hazare,RE Koertzen,
392223,2009,Durban,13/05/09,Delhi Daredevils,Deccan Chargers,Deccan Chargers,field,normal,0,Delhi Daredevils,runs,12,R Bhatia,Kingsmead,DJ Harper,SL Shastri,
392224,2009,Durban,14/05/09,Chennai Super Kings,Royal Challengers Bangalore,Chennai Super Kings,bat,normal,0,Royal Challengers Bangalore,wickets,2,LRPL Taylor,Kingsmead,BR Doctrove,DJ Harper,
392225,2009,Durban,14/05/09,Rajasthan Royals,Mumbai Indians,Rajasthan Royals,bat,normal,0,Rajasthan Royals,runs,2,SK Warne,Kingsmead,BR Doctrove,DJ Harper,
392226,2009,Bloemfontein,15/05/09,Delhi Daredevils,Kings XI Punjab,Kings XI Punjab,field,normal,0,Kings XI Punjab,wickets,6,B Lee,OUTsurance Oval,HDPK Dharmasena,IL Howell,
392227,2009,Port Elizabeth,16/05/09,Mumbai Indians,Chennai Super Kings,Mumbai Indians,bat,normal,0,Chennai Super Kings,wickets,7,ML Hayden,St George's Park,SK Tarapore,SJA Taufel,
392228,2009,Johannesburg,16/05/09,Kolkata Knight Riders,Deccan Chargers,Deccan Chargers,field,normal,0,Deccan Chargers,wickets,6,RG Sharma,New Wanderers Stadium,RE Koertzen,S Ravi,
392229,2009,Johannesburg,17/05/09,Kings XI Punjab,Deccan Chargers,Deccan Chargers,field,normal,0,Kings XI Punjab,runs,1,Yuvraj Singh,New Wanderers Stadium,S Ravi,RB Tiffin,
392230,2009,Bloemfontein,17/05/09,Delhi Daredevils,Rajasthan Royals,Delhi Daredevils,bat,normal,0,Delhi Daredevils,runs,14,AB de Villiers,OUTsurance Oval,SS Hazare,IL Howell,
392231,2009,Centurion,18/05/09,Chennai Super Kings,Kolkata Knight Riders,Chennai Super Kings,bat,normal,0,Kolkata Knight Riders,wickets,7,BJ Hodge,SuperSport Park,SJA Taufel,RB Tiffin,
392232,2009,Johannesburg,19/05/09,Delhi Daredevils,Royal Challengers Bangalore,Delhi Daredevils,bat,normal,0,Royal Challengers Bangalore,wickets,7,JH Kallis,New Wanderers Stadium,IL Howell,RB Tiffin,
392233,2009,Durban,20/05/09,Rajasthan Royals,Kolkata Knight Riders,Kolkata Knight Riders,field,normal,0,Kolkata Knight Riders,wickets,4,LR Shukla,Kingsmead,BG Jerling,SJA Taufel,
392234,2009,Durban,20/05/09,Chennai Super Kings,Kings XI Punjab,Chennai Super Kings,bat,normal,0,Chennai Super Kings,runs,24,M Muralitharan,Kingsmead,BG Jerling,SJA Taufel,
392235,2009,Centurion,21/05/09,Mumbai Indians,Delhi Daredevils,Delhi Daredevils,field,normal,0,Delhi Daredevils,wickets,4,V Sehwag,SuperSport Park,IL Howell,S Ravi,
392236,2009,Centurion,21/05/09,Royal Challengers Bangalore,Deccan Chargers,Royal Challengers Bangalore,bat,normal,0,Royal Challengers Bangalore,runs,12,MK Pandey,SuperSport Park,IL Howell,S Ravi,
392237,2009,Centurion,22/05/09,Delhi Daredevils,Deccan Chargers,Deccan Chargers,field,normal,0,Deccan Chargers,wickets,6,AC Gilchrist,SuperSport Park,BR Doctrove,DJ Harper,
392238,2009,Johannesburg,23/05/09,Chennai Super Kings,Royal Challengers Bangalore,Royal Challengers Bangalore,field,normal,0,Royal Challengers Bangalore,wickets,6,MK Pandey,New Wanderers Stadium,RE Koertzen,SJA Taufel,
392239,2009,Johannesburg,24/05/09,Deccan Chargers,Royal Challengers Bangalore,Royal Challengers Bangalore,field,normal,0,Deccan Chargers,runs,6,A Kumble,New Wanderers Stadium,RE Koertzen,SJA Taufel,
419106,2010,Mumbai,12/03/10,Kolkata Knight Riders,Deccan Chargers,Deccan Chargers,field,normal,0,Kolkata Knight Riders,runs,11,AD Mathews,Dr DY Patil Sports Academy,RE Koertzen,RB Tiffin,
419107,2010,Mumbai,13/03/10,Mumbai Indians,Rajasthan Royals,Mumbai Indians,bat,normal,0,Mumbai Indians,runs,4,YK Pathan,Brabourne Stadium,RE Koertzen,RB Tiffin,
419108,2010,Chandigarh,13/03/10,Kings XI Punjab,Delhi Daredevils,Delhi Daredevils,field,normal,0,Delhi Daredevils,wickets,5,G Gambhir,Punjab Cricket Association Stadium,BR Doctrove,S Ravi,
419109,2010,Kolkata,14/03/10,Royal Challengers Bangalore,Kolkata Knight Riders,Kolkata Knight Riders,field,normal,0,Kolkata Knight Riders,wickets,7,MK Tiwary,Eden Gardens,HDPK Dharmasena,AM Saheba,
419110,2010,Chennai,14/03/10,Deccan Chargers,Chennai Super Kings,Deccan Chargers,bat,normal,0,Deccan Chargers,runs,31,WPUJC Vaas,MA Chidambaram Stadium,K Hariharan,DJ Harper,
419111,2010,Ahmedabad,15/03/10,Rajasthan Royals,Delhi Daredevils,Delhi Daredevils,field,normal,0,Delhi Daredevils,wickets,6,V Sehwag,Sardar Patel Stadium,BG Jerling,RE Koertzen,
419112,2010,Bangalore,16/03/10,Kings XI Punjab,Royal Challengers Bangalore,Kings XI Punjab,bat,normal,0,Royal Challengers Bangalore,wickets,8,JH Kallis,M Chinnaswamy Stadium,S Das,DJ Harper,
419113,2010,Kolkata,16/03/10,Chennai Super Kings,Kolkata Knight Riders,Chennai Super Kings,bat,normal,0,Chennai Super Kings,runs,55,MS Dhoni,Eden Gardens,HDPK Dharmasena,AM Saheba,
419114,2010,Delhi,17/03/10,Mumbai Indians,Delhi Daredevils,Delhi Daredevils,field,normal,0,Mumbai Indians,runs,98,SR Tendulkar,Feroz Shah Kotla,BR Doctrove,SK Tarapore,
419114,2010,Delhi,17/03/10 0:00,Mumbai Indians,Delhi Daredevils,Delhi Daredevils,field,normal,0,Mumbai Indians,runs,98,SR Tendulkar,Feroz Shah Kotla,BR Doctrove,SK Tarapore,
419115,2010,Bangalore,18/03/10,Rajasthan Royals,Royal Challengers Bangalore,Royal Challengers Bangalore,field,normal,0,Royal Challengers Bangalore,wickets,10,JH Kallis,M Chinnaswamy Stadium,K Hariharan,DJ Harper,
419116,2010,Delhi,19/03/10,Delhi Daredevils,Chennai Super Kings,Delhi Daredevils,bat,normal,0,Chennai Super Kings,wickets,5,ML Hayden,Feroz Shah Kotla,BR Doctrove,SK Tarapore,
419116,2010,Delhi,19/03/10 0:00,Delhi Daredevils,Chennai Super Kings,Delhi Daredevils,bat,normal,0,Chennai Super Kings,wickets,5,ML Hayden,Feroz Shah Kotla,BR Doctrove,SK Tarapore,
419117,2010,Cuttack,19/03/10,Deccan Chargers,Kings XI Punjab,Kings XI Punjab,field,normal,0,Deccan Chargers,runs,6,A Symonds,Barabati Stadium,BF Bowden,M Erasmus,
419118,2010,Ahmedabad,20/03/10,Rajasthan Royals,Kolkata Knight Riders,Rajasthan Royals,bat,normal,0,Rajasthan Royals,runs,34,AA Jhunjhunwala,Sardar Patel Stadium,RE Koertzen,RB Tiffin,
419119,2010,Mumbai,20/03/10,Mumbai Indians,Royal Challengers Bangalore,Mumbai Indians,bat,normal,0,Royal Challengers Bangalore,wickets,7,JH Kallis,Brabourne Stadium,HDPK Dharmasena,SS Hazare,
419120,2010,Cuttack,21/03/10,Deccan Chargers,Delhi Daredevils,Deccan Chargers,bat,normal,0,Deccan Chargers,runs,10,A Symonds,Barabati Stadium,BF Bowden,M Erasmus,
419121,2010,Chennai,21/03/10,Kings XI Punjab,Chennai Super Kings,Chennai Super Kings,field,tie,0,Kings XI Punjab,,0,J Theron,MA Chidambaram Stadium,K Hariharan,DJ Harper,
419122,2010,Mumbai,22/03/10,Kolkata Knight Riders,Mumbai Indians,Kolkata Knight Riders,bat,normal,0,Mumbai Indians,wickets,7,SR Tendulkar,Brabourne Stadium,SS Hazare,SJA Taufel,
419123,2010,Bangalore,23/03/10,Royal Challengers Bangalore,Chennai Super Kings,Chennai Super Kings,field,normal,0,Royal Challengers Bangalore,runs,36,RV Uthappa,M Chinnaswamy Stadium,RE Koertzen,RB Tiffin,
419124,2010,Chandigarh,24/03/10,Rajasthan Royals,Kings XI Punjab,Kings XI Punjab,field,normal,0,Rajasthan Royals,runs,31,AC Voges,Punjab Cricket Association Stadium,BR Doctrove,SK Tarapore,
419125,2010,Mumbai,25/03/10,Chennai Super Kings,Mumbai Indians,Mumbai Indians,field,normal,0,Mumbai Indians,wickets,5,SR Tendulkar,Brabourne Stadium,AM Saheba,BF Bowden,
419126,2010,Ahmedabad,26/03/10,Deccan Chargers,Rajasthan Royals,Deccan Chargers,bat,normal,0,Rajasthan Royals,wickets,8,YK Pathan,Sardar Patel Stadium,HDPK Dharmasena,SJA Taufel,
419127,2010,Chandigarh,27/03/10,Kolkata Knight Riders,Kings XI Punjab,Kolkata Knight Riders,bat,normal,0,Kolkata Knight Riders,runs,39,MK Tiwary,Punjab Cricket Association Stadium,BR Doctrove,S Ravi,
419128,2010,Bangalore,25/03/10,Delhi Daredevils,Royal Challengers Bangalore,Royal Challengers Bangalore,field,normal,0,Delhi Daredevils,runs,17,KM Jadhav,M Chinnaswamy Stadium,BG Jerling,RE Koertzen,
419129,2010,Ahmedabad,28/03/10,Rajasthan Royals,Chennai Super Kings,Rajasthan Royals,bat,normal,0,Rajasthan Royals,runs,17,NV Ojha,Sardar Patel Stadium,SS Hazare,SJA Taufel,
419130,2010,Mumbai,28/03/10,Mumbai Indians,Deccan Chargers,Deccan Chargers,field,normal,0,Mumbai Indians,runs,41,Harbhajan Singh,Dr DY Patil Sports Academy,S Das,K Hariharan,
419131,2010,Delhi,29/03/10,Delhi Daredevils,Kolkata Knight Riders,Delhi Daredevils,bat,normal,0,Delhi Daredevils,runs,40,DA Warner,Feroz Shah Kotla,SS Hazare,SJA Taufel,
419131,2010,Delhi,29/03/10 0:00,Delhi Daredevils,Kolkata Knight Riders,Delhi Daredevils,bat,normal,0,Delhi Daredevils,runs,40,DA Warner,Feroz Shah Kotla,SS Hazare,SJA Taufel,
419132,2010,Mumbai,30/03/10,Kings XI Punjab,Mumbai Indians,Mumbai Indians,field,normal,0,Mumbai Indians,wickets,4,SL Malinga,Brabourne Stadium,BR Doctrove,SK Tarapore,
419133,2010,Chennai,31/03/10,Royal Challengers Bangalore,Chennai Super Kings,Royal Challengers Bangalore,bat,normal,0,Chennai Super Kings,wickets,5,M Vijay,MA Chidambaram Stadium,BG Jerling,RE Koertzen,
419134,2010,Delhi,31/03/10,Delhi Daredevils,Rajasthan Royals,Delhi Daredevils,bat,normal,0,Delhi Daredevils,runs,67,KD Karthik,Feroz Shah Kotla,HDPK Dharmasena,SJA Taufel,
419134,2010,Delhi,31/03/10 0:00,Delhi Daredevils,Rajasthan Royals,Delhi Daredevils,bat,normal,0,Delhi Daredevils,runs,67,KD Karthik,Feroz Shah Kotla,HDPK Dharmasena,SJA Taufel,
419135,2010,Kolkata,01/04/10,Kolkata Knight Riders,Deccan Chargers,Kolkata Knight Riders,bat,normal,0,Kolkata Knight Riders,runs,24,SC Ganguly,Eden Gardens,K Hariharan,DJ Harper,
419136,2010,Chandigarh,02/04/10,Kings XI Punjab,Royal Challengers Bangalore,Kings XI Punjab,bat,normal,0,Royal Challengers Bangalore,wickets,6,KP Pietersen,Punjab Cricket Association Stadium,BF Bowden,M Erasmus,
419137,2010,Chennai,03/04/10,Chennai Super Kings,Rajasthan Royals,Chennai Super Kings,bat,normal,0,Chennai Super Kings,runs,23,M Vijay,MA Chidambaram Stadium,RE Koertzen,RB Tiffin,
419138,2010,Mumbai,03/04/10,Mumbai Indians,Deccan Chargers,Mumbai Indians,bat,normal,0,Mumbai Indians,runs,63,AT Rayudu,Brabourne Stadium,BR Doctrove,S Ravi,
419139,2010,Kolkata,04/04/10,Kolkata Knight Riders,Kings XI Punjab,Kolkata Knight Riders,bat,normal,0,Kings XI Punjab,wickets,8,DPMD Jayawardene,Eden Gardens,S Asnani,DJ Harper,
419140,2010,Delhi,04/04/10,Delhi Daredevils,Royal Challengers Bangalore,Delhi Daredevils,bat,normal,0,Delhi Daredevils,runs,37,PD Collingwood,Feroz Shah Kotla,BF Bowden,M Erasmus,
419140,2010,Delhi,04/04/10 0:00,Delhi Daredevils,Royal Challengers Bangalore,Delhi Daredevils,bat,normal,0,Delhi Daredevils,runs,37,PD Collingwood,Feroz Shah Kotla,BF Bowden,M Erasmus,
419141,2010,Nagpur,05/04/10,Rajasthan Royals,Deccan Chargers,Rajasthan Royals,bat,normal,0,Rajasthan Royals,runs,2,SK Warne,Vidarbha Cricket Association Stadium,HDPK Dharmasena,SJA Taufel,
419142,2010,Chennai,06/04/10,Chennai Super Kings,Mumbai Indians,Chennai Super Kings,bat,normal,0,Chennai Super Kings,runs,24,SK Raina,MA Chidambaram Stadium,S Asnani,DJ Harper,
419143,2010,Jaipur,07/04/10,Kings XI Punjab,Rajasthan Royals,Kings XI Punjab,bat,normal,0,Rajasthan Royals,wickets,9,MJ Lumb,Sawai Mansingh Stadium,S Ravi,SK Tarapore,
419144,2010,Kolkata,07/04/10,Kolkata Knight Riders,Delhi Daredevils,Kolkata Knight Riders,bat,normal,0,Kolkata Knight Riders,runs,14,SC Ganguly,Eden Gardens,BG Jerling,RE Koertzen,
419145,2010,Bangalore,08/04/10,Royal Challengers Bangalore,Deccan Chargers,Deccan Chargers,field,normal,0,Deccan Chargers,wickets,7,TL Suman,M Chinnaswamy Stadium,S Asnani,DJ Harper,
419146,2010,Chandigarh,09/04/10,Mumbai Indians,Kings XI Punjab,Mumbai Indians,bat,normal,0,Kings XI Punjab,wickets,6,KC Sangakkara,Punjab Cricket Association Stadium,M Erasmus,AM Saheba,
419147,2010,Nagpur,10/04/10,Chennai Super Kings,Deccan Chargers,Chennai Super Kings,bat,normal,0,Deccan Chargers,wickets,6,RJ Harris,Vidarbha Cricket Association Stadium,HDPK Dharmasena,SJA Taufel,
419148,2010,Bangalore,10/04/10,Kolkata Knight Riders,Royal Challengers Bangalore,Royal Challengers Bangalore,field,normal,0,Royal Challengers Bangalore,wickets,7,R Vinay Kumar,M Chinnaswamy Stadium,K Hariharan,DJ Harper,
419149,2010,Delhi,11/04/10,Delhi Daredevils,Kings XI Punjab,Delhi Daredevils,bat,normal,0,Kings XI Punjab,wickets,7,PP Chawla,Feroz Shah Kotla,BF Bowden,AM Saheba,
419149,2010,Delhi,11/04/10 0:00,Delhi Daredevils,Kings XI Punjab,Delhi Daredevils,bat,normal,0,Kings XI Punjab,wickets,7,PP Chawla,Feroz Shah Kotla,BF Bowden,AM Saheba,
419150,2010,Jaipur,11/04/10,Mumbai Indians,Rajasthan Royals,Rajasthan Royals,field,normal,0,Mumbai Indians,runs,37,SR Tendulkar,Sawai Mansingh Stadium,BR Doctrove,SK Tarapore,
419151,2010,Nagpur,12/04/10,Deccan Chargers,Royal Challengers Bangalore,Royal Challengers Bangalore,field,normal,0,Deccan Chargers,runs,13,Harmeet Singh,Vidarbha Cricket Association Stadium,RE Koertzen,RB Tiffin,
419152,2010,Mumbai,13/04/10,Mumbai Indians,Delhi Daredevils,Mumbai Indians,bat,normal,0,Mumbai Indians,runs,39,KA Pollard,Brabourne Stadium,S Asnani,DJ Harper,
419153,2010,Chennai,13/04/10,Kolkata Knight Riders,Chennai Super Kings,Kolkata Knight Riders,bat,normal,0,Chennai Super Kings,wickets,9,R Ashwin,MA Chidambaram Stadium,SS Hazare,SJA Taufel,
419154,2010,Jaipur,14/04/10,Rajasthan Royals,Royal Challengers Bangalore,Rajasthan Royals,bat,normal,0,Royal Challengers Bangalore,wickets,5,KP Pietersen,Sawai Mansingh Stadium,BR Doctrove,S Ravi,
419155,2010,Chennai,15/04/10,Chennai Super Kings,Delhi Daredevils,Chennai Super Kings,bat,normal,0,Delhi Daredevils,wickets,6,G Gambhir,MA Chidambaram Stadium,HDPK Dharmasena,SS Hazare,
419156,2010,Dharamsala,16/04/10,Kings XI Punjab,Deccan Chargers,Deccan Chargers,field,normal,0,Deccan Chargers,wickets,5,RG Sharma,Himachal Pradesh Cricket Association Stadium,M Erasmus,AM Saheba,
419157,2010,Bangalore,17/04/10,Mumbai Indians,Royal Challengers Bangalore,Royal Challengers Bangalore,field,normal,0,Mumbai Indians,runs,57,R McLaren,M Chinnaswamy Stadium,HDPK Dharmasena,SJA Taufel,
419158,2010,Kolkata,17/04/10,Rajasthan Royals,Kolkata Knight Riders,Rajasthan Royals,bat,normal,0,Kolkata Knight Riders,wickets,8,JD Unadkat,Eden Gardens,BG Jerling,RB Tiffin,
419159,2010,Dharamsala,18/04/10,Kings XI Punjab,Chennai Super Kings,Chennai Super Kings,field,normal,0,Chennai Super Kings,wickets,6,MS Dhoni,Himachal Pradesh Cricket Association Stadium,BF Bowden,AM Saheba,
419160,2010,Delhi,18/04/10,Deccan Chargers,Delhi Daredevils,Deccan Chargers,bat,normal,0,Deccan Chargers,runs,11,A Symonds,Feroz Shah Kotla,BR Doctrove,SK Tarapore,
419160,2010,Delhi,18/04/10 0:00,Deccan Chargers,Delhi Daredevils,Deccan Chargers,bat,normal,0,Deccan Chargers,runs,11,A Symonds,Feroz Shah Kotla,BR Doctrove,SK Tarapore,
419161,2010,Kolkata,19/04/10,Mumbai Indians,Kolkata Knight Riders,Mumbai Indians,bat,normal,0,Kolkata Knight Riders,wickets,9,M Kartik,Eden Gardens,BG Jerling,RE Koertzen,
419162,2010,Mumbai,21/04/10,Mumbai Indians,Royal Challengers Bangalore,Mumbai Indians,bat,normal,0,Mumbai Indians,runs,35,KA Pollard,Dr DY Patil Sports Academy,BR Doctrove,RB Tiffin,
419163,2010,Mumbai,22/04/10,Chennai Super Kings,Deccan Chargers,Chennai Super Kings,bat,normal,0,Chennai Super Kings,runs,38,DE Bollinger,Dr DY Patil Sports Academy,BR Doctrove,RB Tiffin,
419164,2010,Mumbai,24/04/10,Deccan Chargers,Royal Challengers Bangalore,Deccan Chargers,bat,normal,0,Royal Challengers Bangalore,wickets,9,A Kumble,Dr DY Patil Sports Academy,RE Koertzen,SJA Taufel,
419165,2010,Mumbai,25/04/10,Chennai Super Kings,Mumbai Indians,Chennai Super Kings,bat,normal,0,Chennai Super Kings,runs,22,SK Raina,Dr DY Patil Sports Academy,RE Koertzen,SJA Taufel,
501198,2011,Chennai,08/04/11,Chennai Super Kings,Kolkata Knight Riders,Chennai Super Kings,bat,normal,0,Chennai Super Kings,runs,2,S Anirudha,MA Chidambaram Stadium,BR Doctrove,PR Reiffel,
501199,2011,Hyderabad,09/04/11,Deccan Chargers,Rajasthan Royals,Rajasthan Royals,field,normal,0,Rajasthan Royals,wickets,8,SK Trivedi,Rajiv Gandhi International Stadium,RE Koertzen,SK Tarapore,
501200,2011,Kochi,09/04/11,Kochi Tuskers Kerala,Royal Challengers Bangalore,Kochi Tuskers Kerala,bat,normal,0,Royal Challengers Bangalore,wickets,6,AB de Villiers,Nehru Stadium,HDPK Dharmasena,K Hariharan,
501201,2011,Delhi,10/04/11,Delhi Daredevils,Mumbai Indians,Delhi Daredevils,bat,normal,0,Mumbai Indians,wickets,8,SL Malinga,Feroz Shah Kotla,AM Saheba,RB Tiffin,
501201,2011,Delhi,10/04/11 0:00,Delhi Daredevils,Mumbai Indians,Delhi Daredevils,bat,normal,0,Mumbai Indians,wickets,8,SL Malinga,Feroz Shah Kotla,AM Saheba,RB Tiffin,
501202,2011,Mumbai,10/04/11,Kings XI Punjab,Pune Warriors,Kings XI Punjab,bat,normal,0,Pune Warriors,wickets,7,SB Wagh,Dr DY Patil Sports Academy,BR Doctrove,PR Reiffel,
501203,2011,Kolkata,11/04/11,Kolkata Knight Riders,Deccan Chargers,Kolkata Knight Riders,bat,normal,0,Kolkata Knight Riders,runs,9,JH Kallis,Eden Gardens,RE Koertzen,SK Tarapore,
501204,2011,Jaipur,12/04/11,Delhi Daredevils,Rajasthan Royals,Delhi Daredevils,bat,normal,0,Rajasthan Royals,wickets,6,SK Warne,Sawai Mansingh Stadium,Aleem Dar,RB Tiffin,
501205,2011,Bangalore,12/04/11,Royal Challengers Bangalore,Mumbai Indians,Mumbai Indians,field,normal,0,Mumbai Indians,wickets,9,SR Tendulkar,M Chinnaswamy Stadium,HDPK Dharmasena,AL Hill,
501206,2011,Chandigarh,13/04/11,Chennai Super Kings,Kings XI Punjab,Kings XI Punjab,field,normal,0,Kings XI Punjab,wickets,6,PC Valthaty,Punjab Cricket Association Stadium,Asad Rauf,SL Shastri,
501207,2011,Mumbai,13/04/11,Kochi Tuskers Kerala,Pune Warriors,Kochi Tuskers Kerala,bat,normal,0,Pune Warriors,wickets,4,MD Mishra,Dr DY Patil Sports Academy,S Asnani,PR Reiffel,
501208,2011,Hyderabad,14/04/11,Deccan Chargers,Royal Challengers Bangalore,Royal Challengers Bangalore,field,normal,0,Deccan Chargers,runs,33,DW Steyn,Rajiv Gandhi International Stadium,RE Koertzen,S Ravi,
501209,2011,Jaipur,15/04/11,Rajasthan Royals,Kolkata Knight Riders,Kolkata Knight Riders,field,normal,0,Kolkata Knight Riders,wickets,9,G Gambhir,Sawai Mansingh Stadium,Aleem Dar,SS Hazare,
501210,2011,Mumbai,15/04/11,Mumbai Indians,Kochi Tuskers Kerala,Kochi Tuskers Kerala,field,normal,0,Kochi Tuskers Kerala,wickets,8,BB McCullum,Wankhede Stadium,BR Doctrove,PR Reiffel,
501211,2011,Chennai,16/04/11,Chennai Super Kings,Royal Challengers Bangalore,Chennai Super Kings,bat,normal,0,Chennai Super Kings,runs,21,MEK Hussey,MA Chidambaram Stadium,HDPK Dharmasena,AL Hill,
501212,2011,Hyderabad,16/04/11,Deccan Chargers,Kings XI Punjab,Kings XI Punjab,field,normal,0,Kings XI Punjab,wickets,8,PC Valthaty,Rajiv Gandhi International Stadium,RE Koertzen,S Ravi,
501213,2011,Mumbai,17/04/11,Pune Warriors,Delhi Daredevils,Delhi Daredevils,field,normal,0,Delhi Daredevils,wickets,3,Yuvraj Singh,Dr DY Patil Sports Academy,Asad Rauf,AM Saheba,
501214,2011,Kolkata,17/04/11,Rajasthan Royals,Kolkata Knight Riders,Kolkata Knight Riders,field,normal,0,Kolkata Knight Riders,wickets,8,L Balaji,Eden Gardens,Aleem Dar,RB Tiffin,
501215,2011,Kochi,18/04/11,Chennai Super Kings,Kochi Tuskers Kerala,Kochi Tuskers Kerala,field,normal,1,Kochi Tuskers Kerala,wickets,7,BB McCullum,Nehru Stadium,K Hariharan,AL Hill,
501216,2011,Delhi,19/04/11,Deccan Chargers,Delhi Daredevils,Deccan Chargers,bat,normal,0,Deccan Chargers,runs,16,S Sohal,Feroz Shah Kotla,PR Reiffel,RJ Tucker,
501216,2011,Delhi,19/04/11 0:00,Deccan Chargers,Delhi Daredevils,Deccan Chargers,bat,normal,0,Deccan Chargers,runs,16,S Sohal,Feroz Shah Kotla,PR Reiffel,RJ Tucker,
501218,2011,Mumbai,20/04/11,Pune Warriors,Mumbai Indians,Pune Warriors,bat,normal,0,Mumbai Indians,wickets,7,MM Patel,Wankhede Stadium,Asad Rauf,AM Saheba,
501219,2011,Kolkata,20/04/11,Kochi Tuskers Kerala,Kolkata Knight Riders,Kolkata Knight Riders,field,normal,0,Kochi Tuskers Kerala,runs,6,DPMD Jayawardene,Eden Gardens,Aleem Dar,RB Tiffin,
501220,2011,Chandigarh,21/04/11,Kings XI Punjab,Rajasthan Royals,Rajasthan Royals,field,normal,0,Kings XI Punjab,runs,48,SE Marsh,Punjab Cricket Association Stadium,S Asnani,PR Reiffel,
501221,2011,Mumbai,22/04/11,Mumbai Indians,Chennai Super Kings,Chennai Super Kings,field,normal,0,Mumbai Indians,runs,8,Harbhajan Singh,Wankhede Stadium,Asad Rauf,AM Saheba,
501222,2011,Kolkata,22/04/11,Kolkata Knight Riders,Royal Challengers Bangalore,Royal Challengers Bangalore,field,normal,0,Royal Challengers Bangalore,wickets,9,CH Gayle,Eden Gardens,SS Hazare,RB Tiffin,
501223,2011,Delhi,23/04/11,Delhi Daredevils,Kings XI Punjab,Kings XI Punjab,field,normal,0,Delhi Daredevils,runs,29,DA Warner,Feroz Shah Kotla,S Asnani,RE Koertzen,
501223,2011,Delhi,23/04/11 0:00,Delhi Daredevils,Kings XI Punjab,Kings XI Punjab,field,normal,0,Delhi Daredevils,runs,29,DA Warner,Feroz Shah Kotla,S Asnani,RE Koertzen,
501224,2011,Hyderabad,24/04/11,Mumbai Indians,Deccan Chargers,Deccan Chargers,field,normal,0,Mumbai Indians,runs,37,SL Malinga,Rajiv Gandhi International Stadium,HDPK Dharmasena,AL Hill,
501225,2011,Jaipur,24/04/11,Kochi Tuskers Kerala,Rajasthan Royals,Rajasthan Royals,field,normal,0,Rajasthan Royals,wickets,8,SK Warne,Sawai Mansingh Stadium,BR Doctrove,SK Tarapore,
501226,2011,Chennai,25/04/11,Chennai Super Kings,Pune Warriors,Pune Warriors,field,normal,0,Chennai Super Kings,runs,25,MEK Hussey,MA Chidambaram Stadium,Aleem Dar,RB Tiffin,
501227,2011,Delhi,26/04/11,Delhi Daredevils,Royal Challengers Bangalore,Royal Challengers Bangalore,field,normal,0,Royal Challengers Bangalore,wickets,3,V Kohli,Feroz Shah Kotla,S Asnani,RJ Tucker,
501227,2011,Delhi,26/04/11 0:00,Delhi Daredevils,Royal Challengers Bangalore,Royal Challengers Bangalore,field,normal,0,Royal Challengers Bangalore,wickets,3,V Kohli,Feroz Shah Kotla,S Asnani,RJ Tucker,
501228,2011,Mumbai,27/04/11,Pune Warriors,Chennai Super Kings,Pune Warriors,bat,normal,0,Chennai Super Kings,wickets,8,DE Bollinger,Dr DY Patil Sports Academy,Asad Rauf,SL Shastri,
501229,2011,Kochi,27/04/11,Deccan Chargers,Kochi Tuskers Kerala,Kochi Tuskers Kerala,field,normal,0,Deccan Chargers,runs,55,I Sharma,Nehru Stadium,HDPK Dharmasena,AL Hill,
501230,2011,Delhi,28/04/11,Kolkata Knight Riders,Delhi Daredevils,Delhi Daredevils,field,normal,0,Kolkata Knight Riders,runs,17,MK Tiwary,Feroz Shah Kotla,PR Reiffel,RJ Tucker,
501230,2011,Delhi,28/04/11 0:00,Kolkata Knight Riders,Delhi Daredevils,Delhi Daredevils,field,normal,0,Kolkata Knight Riders,runs,17,MK Tiwary,Feroz Shah Kotla,PR Reiffel,RJ Tucker,
501231,2011,Jaipur,29/04/11,Mumbai Indians,Rajasthan Royals,Rajasthan Royals,field,normal,0,Rajasthan Royals,wickets,7,J Botha,Sawai Mansingh Stadium,Asad Rauf,SK Tarapore,
501232,2011,Bangalore,29/04/11,Royal Challengers Bangalore,Pune Warriors,Pune Warriors,field,normal,0,Royal Challengers Bangalore,runs,26,V Kohli,M Chinnaswamy Stadium,Aleem Dar,SS Hazare,
501233,2011,Kochi,30/04/11,Delhi Daredevils,Kochi Tuskers Kerala,Delhi Daredevils,bat,normal,0,Delhi Daredevils,runs,38,V Sehwag,Nehru Stadium,HDPK Dharmasena,AL Hill,
501234,2011,Kolkata,30/04/11,Kings XI Punjab,Kolkata Knight Riders,Kolkata Knight Riders,field,normal,0,Kolkata Knight Riders,wickets,8,Iqbal Abdulla,Eden Gardens,AM Saheba,SL Shastri,
501235,2011,Jaipur,01/05/11,Pune Warriors,Rajasthan Royals,Rajasthan Royals,field,normal,0,Rajasthan Royals,wickets,6,LRPL Taylor,Sawai Mansingh Stadium,SK Tarapore,SJA Taufel,
501236,2011,Chennai,01/05/11,Chennai Super Kings,Deccan Chargers,Chennai Super Kings,bat,normal,0,Chennai Super Kings,runs,19,JA Morkel,MA Chidambaram Stadium,Aleem Dar,RB Tiffin,
501237,2011,Mumbai,02/05/11,Mumbai Indians,Kings XI Punjab,Kings XI Punjab,field,normal,0,Mumbai Indians,runs,23,KA Pollard,Wankhede Stadium,HDPK Dharmasena,PR Reiffel,
501238,2011,Delhi,02/05/11,Delhi Daredevils,Kochi Tuskers Kerala,Kochi Tuskers Kerala,field,normal,0,Kochi Tuskers Kerala,wickets,7,P Parameswaran,Feroz Shah Kotla,Asad Rauf,SL Shastri,
501238,2011,Delhi,02/05/11 0:00,Delhi Daredevils,Kochi Tuskers Kerala,Kochi Tuskers Kerala,field,normal,0,Kochi Tuskers Kerala,wickets,7,P Parameswaran,Feroz Shah Kotla,Asad Rauf,SL Shastri,
501239,2011,Hyderabad,03/05/11,Kolkata Knight Riders,Deccan Chargers,Deccan Chargers,field,normal,0,Kolkata Knight Riders,runs,20,YK Pathan,Rajiv Gandhi International Stadium,S Asnani,RJ Tucker,
501240,2011,Chennai,04/05/11,Rajasthan Royals,Chennai Super Kings,Rajasthan Royals,bat,normal,0,Chennai Super Kings,wickets,8,MEK Hussey,MA Chidambaram Stadium,SS Hazare,RB Tiffin,
501241,2011,Mumbai,04/05/11,Mumbai Indians,Pune Warriors,Pune Warriors,field,normal,0,Mumbai Indians,runs,21,R Sharma,Dr DY Patil Sports Academy,HDPK Dharmasena,SJA Taufel,
501242,2011,Kochi,05/05/11,Kochi Tuskers Kerala,Kolkata Knight Riders,Kolkata Knight Riders,field,normal,0,Kochi Tuskers Kerala,runs,17,BJ Hodge,Nehru Stadium,S Ravi,RJ Tucker,
501243,2011,Hyderabad,05/05/11,Deccan Chargers,Delhi Daredevils,Delhi Daredevils,field,normal,0,Delhi Daredevils,wickets,4,V Sehwag,Rajiv Gandhi International Stadium,Asad Rauf,AM Saheba,
501244,2011,Bangalore,06/05/11,Royal Challengers Bangalore,Kings XI Punjab,Kings XI Punjab,field,normal,0,Royal Challengers Bangalore,runs,85,CH Gayle,M Chinnaswamy Stadium,Aleem Dar,RB Tiffin,
501245,2011,Kolkata,07/05/11,Chennai Super Kings,Kolkata Knight Riders,Chennai Super Kings,bat,normal,1,Kolkata Knight Riders,runs,10,Iqbal Abdulla,Eden Gardens,Asad Rauf,PR Reiffel,
501246,2011,Mumbai,07/05/11,Mumbai Indians,Delhi Daredevils,Delhi Daredevils,field,normal,0,Mumbai Indians,runs,32,AT Rayudu,Wankhede Stadium,K Hariharan,SJA Taufel,
501247,2011,Bangalore,08/05/11,Kochi Tuskers Kerala,Royal Challengers Bangalore,Kochi Tuskers Kerala,bat,normal,0,Royal Challengers Bangalore,wickets,9,CH Gayle,M Chinnaswamy Stadium,Aleem Dar,SS Hazare,
501248,2011,Chandigarh,08/05/11,Kings XI Punjab,Pune Warriors,Kings XI Punjab,bat,normal,0,Pune Warriors,wickets,5,R Sharma,Punjab Cricket Association Stadium,SK Tarapore,RJ Tucker,
501249,2011,Jaipur,09/05/11,Chennai Super Kings,Rajasthan Royals,Rajasthan Royals,field,normal,0,Chennai Super Kings,runs,63,M Vijay,Sawai Mansingh Stadium,K Hariharan,SJA Taufel,
501250,2011,Hyderabad,10/05/11,Deccan Chargers,Pune Warriors,Deccan Chargers,bat,normal,0,Pune Warriors,wickets,6,MR Marsh,Rajiv Gandhi International Stadium,Asad Rauf,AM Saheba,
501251,2011,Chandigarh,10/05/11,Kings XI Punjab,Mumbai Indians,Mumbai Indians,field,normal,0,Kings XI Punjab,runs,76,BA Bhatt,Punjab Cricket Association Stadium,SK Tarapore,RJ Tucker,
501252,2011,Jaipur,11/05/11,Rajasthan Royals,Royal Challengers Bangalore,Royal Challengers Bangalore,field,normal,0,Royal Challengers Bangalore,wickets,9,S Aravind,Sawai Mansingh Stadium,HDPK Dharmasena,K Hariharan,
501253,2011,Chennai,12/05/11,Chennai Super Kings,Delhi Daredevils,Chennai Super Kings,bat,normal,0,Chennai Super Kings,runs,18,MS Dhoni,MA Chidambaram Stadium,AM Saheba,SL Shastri,
501254,2011,Indore,13/05/11,Kochi Tuskers Kerala,Kings XI Punjab,Kings XI Punjab,field,normal,0,Kings XI Punjab,wickets,6,KD Karthik,Holkar Cricket Stadium,S Asnani,RJ Tucker,
501255,2011,Bangalore,14/05/11,Kolkata Knight Riders,Royal Challengers Bangalore,Royal Challengers Bangalore,field,normal,1,Royal Challengers Bangalore,wickets,4,CH Gayle,M Chinnaswamy Stadium,RE Koertzen,RB Tiffin,
501256,2011,Mumbai,14/05/11,Deccan Chargers,Mumbai Indians,Deccan Chargers,bat,normal,0,Deccan Chargers,runs,10,A Mishra,Wankhede Stadium,S Ravi,SK Tarapore,
501257,2011,Dharamsala,15/05/11,Kings XI Punjab,Delhi Daredevils,Delhi Daredevils,field,normal,0,Kings XI Punjab,runs,29,PP Chawla,Himachal Pradesh Cricket Association Stadium,Asad Rauf,SL Shastri,
501258,2011,Indore,15/05/11,Rajasthan Royals,Kochi Tuskers Kerala,Kochi Tuskers Kerala,field,normal,0,Kochi Tuskers Kerala,wickets,8,BJ Hodge,Holkar Cricket Stadium,PR Reiffel,RJ Tucker,
501259,2011,Mumbai,16/05/11,Pune Warriors,Deccan Chargers,Deccan Chargers,field,normal,0,Deccan Chargers,wickets,6,A Mishra,Dr DY Patil Sports Academy,S Ravi,SK Tarapore,
501260,2011,Dharamsala,17/05/11,Kings XI Punjab,Royal Challengers Bangalore,Kings XI Punjab,bat,normal,0,Kings XI Punjab,runs,111,AC Gilchrist,Himachal Pradesh Cricket Association Stadium,Asad Rauf,AM Saheba,
501261,2011,Chennai,18/05/11,Chennai Super Kings,Kochi Tuskers Kerala,Chennai Super Kings,bat,normal,0,Chennai Super Kings,runs,11,WP Saha,MA Chidambaram Stadium,HDPK Dharmasena,RE Koertzen,
501262,2011,Mumbai,19/05/11,Pune Warriors,Kolkata Knight Riders,Kolkata Knight Riders,field,normal,0,Kolkata Knight Riders,wickets,7,YK Pathan,Dr DY Patil Sports Academy,S Ravi,SJA Taufel,
501263,2011,Mumbai,20/05/11,Mumbai Indians,Rajasthan Royals,Mumbai Indians,bat,normal,0,Rajasthan Royals,wickets,10,SR Watson,Wankhede Stadium,RE Koertzen,PR Reiffel,
501264,2011,Dharamsala,21/05/11,Deccan Chargers,Kings XI Punjab,Kings XI Punjab,field,normal,0,Deccan Chargers,runs,82,S Dhawan,Himachal Pradesh Cricket Association Stadium,Asad Rauf,AM Saheba,
501265,2011,Delhi,21/05/11,Delhi Daredevils,Pune Warriors,Delhi Daredevils,bat,no result,0,,,0,,Feroz Shah Kotla,SS Hazare,RJ Tucker,
501265,2011,Delhi,21/05/11 0:00,Delhi Daredevils,Pune Warriors,Delhi Daredevils,bat,no result,0,,,0,,Feroz Shah Kotla,SS Hazare,RJ Tucker,
501266,2011,Bangalore,22/05/11,Chennai Super Kings,Royal Challengers Bangalore,Royal Challengers Bangalore,field,normal,0,Royal Challengers Bangalore,wickets,8,CH Gayle,M Chinnaswamy Stadium,K Hariharan,RE Koertzen,
501267,2011,Kolkata,22/05/11,Kolkata Knight Riders,Mumbai Indians,Mumbai Indians,field,normal,0,Mumbai Indians,wickets,5,JEC Franklin,Eden Gardens,SK Tarapore,SJA Taufel,
501268,2011,Mumbai,24/05/11,Royal Challengers Bangalore,Chennai Super Kings,Chennai Super Kings,field,normal,0,Chennai Super Kings,wickets,6,SK Raina,Wankhede Stadium,Asad Rauf,SJA Taufel,
501269,2011,Mumbai,25/05/11,Kolkata Knight Riders,Mumbai Indians,Mumbai Indians,field,normal,0,Mumbai Indians,wickets,4,MM Patel,Wankhede Stadium,Asad Rauf,SJA Taufel,
501270,2011,Chennai,27/05/11,Royal Challengers Bangalore,Mumbai Indians,Mumbai Indians,field,normal,0,Royal Challengers Bangalore,runs,43,CH Gayle,MA Chidambaram Stadium,Asad Rauf,SJA Taufel,
501271,2011,Chennai,28/05/11,Chennai Super Kings,Royal Challengers Bangalore,Chennai Super Kings,bat,normal,0,Chennai Super Kings,runs,58,M Vijay,MA Chidambaram Stadium,Asad Rauf,SJA Taufel,
548306,2012,Chennai,04/04/12,Chennai Super Kings,Mumbai Indians,Mumbai Indians,field,normal,0,Mumbai Indians,wickets,8,RE Levi,MA Chidambaram Stadium,JD Cloete,SJA Taufel,
548307,2012,Kolkata,05/04/12,Kolkata Knight Riders,Delhi Daredevils,Delhi Daredevils,field,normal,0,Delhi Daredevils,wickets,8,IK Pathan,Eden Gardens,S Asnani,HDPK Dharmasena,
548308,2012,Mumbai,06/04/12,Pune Warriors,Mumbai Indians,Mumbai Indians,field,normal,0,Pune Warriors,runs,28,SPD Smith,Wankhede Stadium,AK Chaudhary,SJA Taufel,
548309,2012,Jaipur,06/04/12,Rajasthan Royals,Kings XI Punjab,Kings XI Punjab,field,normal,0,Rajasthan Royals,runs,31,AM Rahane,Sawai Mansingh Stadium,BF Bowden,SK Tarapore,
548310,2012,Bangalore,07/04/12,Royal Challengers Bangalore,Delhi Daredevils,Delhi Daredevils,field,normal,0,Royal Challengers Bangalore,runs,20,AB de Villiers,M Chinnaswamy Stadium,S Asnani,S Ravi,
548311,2012,Visakhapatnam,07/04/12,Chennai Super Kings,Deccan Chargers,Deccan Chargers,field,normal,0,Chennai Super Kings,runs,74,RA Jadeja,Dr. Y.S. Rajasekhara Reddy ACA-VDCA Cricket Stadium,JD Cloete,HDPK Dharmasena,
548312,2012,Jaipur,08/04/12,Rajasthan Royals,Kolkata Knight Riders,Kolkata Knight Riders,field,normal,0,Rajasthan Royals,runs,22,BJ Hodge,Sawai Mansingh Stadium,BF Bowden,VA Kulkarni,
548313,2012,Pune,08/04/12,Pune Warriors,Kings XI Punjab,Pune Warriors,bat,normal,0,Pune Warriors,runs,22,MN Samuels,Subrata Roy Sahara Stadium,S Das,SJA Taufel,
548314,2012,Visakhapatnam,09/04/12,Deccan Chargers,Mumbai Indians,Deccan Chargers,bat,normal,0,Mumbai Indians,wickets,5,RG Sharma,Dr. Y.S. Rajasekhara Reddy ACA-VDCA Cricket Stadium,AK Chaudhary,JD Cloete,
548315,2012,Bangalore,10/04/12,Kolkata Knight Riders,Royal Challengers Bangalore,Royal Challengers Bangalore,field,normal,0,Kolkata Knight Riders,runs,42,L Balaji,M Chinnaswamy Stadium,S Ravi,RJ Tucker,
548316,2012,Delhi,10/04/12,Chennai Super Kings,Delhi Daredevils,Delhi Daredevils,field,normal,0,Delhi Daredevils,wickets,8,M Morkel,Feroz Shah Kotla,Asad Rauf,SK Tarapore,
548317,2012,Mumbai,11/04/12,Mumbai Indians,Rajasthan Royals,Rajasthan Royals,field,normal,0,Mumbai Indians,runs,27,KA Pollard,Wankhede Stadium,Aleem Dar,BNJ Oxenford,
548318,2012,Chennai,12/04/12,Royal Challengers Bangalore,Chennai Super Kings,Royal Challengers Bangalore,bat,normal,0,Chennai Super Kings,wickets,5,F du Plessis,MA Chidambaram Stadium,HDPK Dharmasena,RJ Tucker,
548319,2012,Chandigarh,12/04/12,Pune Warriors,Kings XI Punjab,Kings XI Punjab,field,normal,0,Kings XI Punjab,wickets,7,AD Mascarenhas,Punjab Cricket Association Stadium,VA Kulkarni,SK Tarapore,
548320,2012,Kolkata,13/04/12,Rajasthan Royals,Kolkata Knight Riders,Rajasthan Royals,bat,normal,0,Kolkata Knight Riders,wickets,5,Shakib Al Hasan,Eden Gardens,Asad Rauf,S Asnani,
548321,2012,Delhi,19/04/12,Deccan Chargers,Delhi Daredevils,Deccan Chargers,bat,normal,0,Delhi Daredevils,wickets,5,KP Pietersen,Feroz Shah Kotla,BF Bowden,SK Tarapore,
548322,2012,Pune,14/04/12,Chennai Super Kings,Pune Warriors,Chennai Super Kings,bat,normal,0,Pune Warriors,wickets,7,JD Ryder,Subrata Roy Sahara Stadium,Aleem Dar,BNJ Oxenford,
548323,2012,Kolkata,15/04/12,Kings XI Punjab,Kolkata Knight Riders,Kolkata Knight Riders,field,normal,0,Kings XI Punjab,runs,2,SP Narine,Eden Gardens,Asad Rauf,S Asnani,
548324,2012,Bangalore,15/04/12,Rajasthan Royals,Royal Challengers Bangalore,Rajasthan Royals,bat,normal,0,Rajasthan Royals,runs,59,AM Rahane,M Chinnaswamy Stadium,JD Cloete,RJ Tucker,
548325,2012,Mumbai,16/04/12,Mumbai Indians,Delhi Daredevils,Delhi Daredevils,field,normal,0,Delhi Daredevils,wickets,7,S Nadeem,Wankhede Stadium,BF Bowden,SK Tarapore,
548326,2012,Jaipur,17/04/12,Deccan Chargers,Rajasthan Royals,Deccan Chargers,bat,normal,0,Rajasthan Royals,wickets,5,BJ Hodge,Sawai Mansingh Stadium,Aleem Dar,BNJ Oxenford,
548327,2012,Bangalore,17/04/12,Pune Warriors,Royal Challengers Bangalore,Pune Warriors,bat,normal,0,Royal Challengers Bangalore,wickets,6,CH Gayle,M Chinnaswamy Stadium,S Asnani,S Das,
548328,2012,Chandigarh,18/04/12,Kings XI Punjab,Kolkata Knight Riders,Kings XI Punjab,bat,normal,0,Kolkata Knight Riders,wickets,8,G Gambhir,Punjab Cricket Association Stadium,JD Cloete,RJ Tucker,
548329,2012,Hyderabad,10/05/12,Deccan Chargers,Delhi Daredevils,Deccan Chargers,bat,normal,0,Delhi Daredevils,wickets,9,DA Warner,Rajiv Gandhi International Stadium,JD Cloete,SJA Taufel,
548330,2012,Chennai,19/04/12,Chennai Super Kings,Pune Warriors,Pune Warriors,field,normal,0,Chennai Super Kings,runs,13,KMDN Kulasekara,MA Chidambaram Stadium,Asad Rauf,S Das,
548331,2012,Chandigarh,20/04/12,Kings XI Punjab,Royal Challengers Bangalore,Royal Challengers Bangalore,field,normal,0,Royal Challengers Bangalore,wickets,5,CH Gayle,Punjab Cricket Association Stadium,S Ravi,RJ Tucker,
548332,2012,Chennai,21/04/12,Rajasthan Royals,Chennai Super Kings,Rajasthan Royals,bat,normal,0,Chennai Super Kings,wickets,7,F du Plessis,MA Chidambaram Stadium,Aleem Dar,BNJ Oxenford,
548333,2012,Delhi,21/04/12,Pune Warriors,Delhi Daredevils,Delhi Daredevils,field,normal,0,Pune Warriors,runs,20,SC Ganguly,Feroz Shah Kotla,Asad Rauf,S Das,
548334,2012,Mumbai,22/04/12,Mumbai Indians,Kings XI Punjab,Mumbai Indians,bat,normal,0,Kings XI Punjab,wickets,6,SE Marsh,Wankhede Stadium,S Ravi,RJ Tucker,
548335,2012,Cuttack,22/04/12,Deccan Chargers,Kolkata Knight Riders,Kolkata Knight Riders,field,normal,0,Kolkata Knight Riders,wickets,5,B Lee,Barabati Stadium,BF Bowden,SK Tarapore,
548336,2012,Jaipur,23/04/12,Royal Challengers Bangalore,Rajasthan Royals,Rajasthan Royals,field,normal,0,Royal Challengers Bangalore,runs,46,AB de Villiers,Sawai Mansingh Stadium,Asad Rauf,S Asnani,
548337,2012,Pune,24/04/12,Pune Warriors,Delhi Daredevils,Pune Warriors,bat,normal,0,Delhi Daredevils,wickets,8,V Sehwag,Subrata Roy Sahara Stadium,S Ravi,RJ Tucker,
548339,2012,Chandigarh,25/04/12,Kings XI Punjab,Mumbai Indians,Kings XI Punjab,bat,normal,0,Mumbai Indians,wickets,4,AT Rayudu,Punjab Cricket Association Stadium,Aleem Dar,BNJ Oxenford,
548341,2012,Pune,26/04/12,Deccan Chargers,Pune Warriors,Deccan Chargers,bat,normal,0,Deccan Chargers,runs,18,CL White,Subrata Roy Sahara Stadium,S Ravi,RJ Tucker,
548342,2012,Delhi,27/04/12,Delhi Daredevils,Mumbai Indians,Mumbai Indians,field,normal,0,Delhi Daredevils,runs,37,V Sehwag,Feroz Shah Kotla,Aleem Dar,BNJ Oxenford,
548343,2012,Chennai,28/04/12,Kings XI Punjab,Chennai Super Kings,Kings XI Punjab,bat,normal,0,Kings XI Punjab,runs,7,Mandeep Singh,MA Chidambaram Stadium,BF Bowden,SK Tarapore,
548344,2012,Kolkata,28/04/12,Kolkata Knight Riders,Royal Challengers Bangalore,Kolkata Knight Riders,bat,normal,0,Kolkata Knight Riders,runs,47,G Gambhir,Eden Gardens,Asad Rauf,BR Doctrove,
548345,2012,Delhi,29/04/12,Delhi Daredevils,Rajasthan Royals,Delhi Daredevils,bat,normal,0,Delhi Daredevils,runs,1,V Sehwag,Feroz Shah Kotla,S Ravi,RJ Tucker,
548346,2012,Mumbai,29/04/12,Deccan Chargers,Mumbai Indians,Mumbai Indians,field,normal,0,Mumbai Indians,wickets,5,DW Steyn,Wankhede Stadium,AK Chaudhary,BNJ Oxenford,
548347,2012,Chennai,30/04/12,Chennai Super Kings,Kolkata Knight Riders,Chennai Super Kings,bat,normal,0,Kolkata Knight Riders,wickets,5,G Gambhir,MA Chidambaram Stadium,BF Bowden,C Shamshuddin,
548348,2012,Cuttack,01/05/12,Deccan Chargers,Pune Warriors,Deccan Chargers,bat,normal,0,Deccan Chargers,runs,13,KC Sangakkara,Barabati Stadium,Aleem Dar,AK Chaudhary,
548349,2012,Jaipur,01/05/12,Rajasthan Royals,Delhi Daredevils,Rajasthan Royals,bat,normal,0,Delhi Daredevils,wickets,6,P Negi,Sawai Mansingh Stadium,JD Cloete,SJA Taufel,
548350,2012,Bangalore,02/05/12,Royal Challengers Bangalore,Kings XI Punjab,Kings XI Punjab,field,normal,0,Kings XI Punjab,wickets,4,Azhar Mahmood,M Chinnaswamy Stadium,BF Bowden,C Shamshuddin,
548351,2012,Pune,03/05/12,Mumbai Indians,Pune Warriors,Mumbai Indians,bat,normal,0,Mumbai Indians,runs,1,SL Malinga,Subrata Roy Sahara Stadium,Asad Rauf,S Asnani,
548352,2012,Chennai,04/05/12,Chennai Super Kings,Deccan Chargers,Chennai Super Kings,bat,normal,0,Chennai Super Kings,runs,10,SK Raina,MA Chidambaram Stadium,HDPK Dharmasena,BNJ Oxenford,
548353,2012,Kolkata,05/05/12,Kolkata Knight Riders,Pune Warriors,Kolkata Knight Riders,bat,normal,0,Kolkata Knight Riders,runs,7,SP Narine,Eden Gardens,BF Bowden,SK Tarapore,
548354,2012,Chandigarh,05/05/12,Rajasthan Royals,Kings XI Punjab,Rajasthan Royals,bat,normal,0,Rajasthan Royals,runs,43,SR Watson,Punjab Cricket Association Stadium,JD Cloete,SJA Taufel,
548355,2012,Mumbai,06/05/12,Chennai Super Kings,Mumbai Indians,Mumbai Indians,field,normal,0,Mumbai Indians,wickets,2,DR Smith,Wankhede Stadium,Asad Rauf,S Asnani,
548356,2012,Bangalore,06/05/12,Deccan Chargers,Royal Challengers Bangalore,Royal Challengers Bangalore,field,normal,0,Royal Challengers Bangalore,wickets,5,AB de Villiers,M Chinnaswamy Stadium,HDPK Dharmasena,BNJ Oxenford,
548357,2012,Delhi,07/05/12,Delhi Daredevils,Kolkata Knight Riders,Delhi Daredevils,bat,normal,0,Kolkata Knight Riders,wickets,6,JH Kallis,Feroz Shah Kotla,JD Cloete,S Ravi,
548358,2012,Pune,08/05/12,Pune Warriors,Rajasthan Royals,Pune Warriors,bat,normal,0,Rajasthan Royals,wickets,7,SR Watson,Subrata Roy Sahara Stadium,Asad Rauf,BR Doctrove,
548359,2012,Hyderabad,08/05/12,Kings XI Punjab,Deccan Chargers,Deccan Chargers,field,normal,0,Kings XI Punjab,runs,25,Mandeep Singh,Rajiv Gandhi International Stadium,HDPK Dharmasena,BNJ Oxenford,
548360,2012,Mumbai,09/05/12,Mumbai Indians,Royal Challengers Bangalore,Royal Challengers Bangalore,field,normal,0,Royal Challengers Bangalore,wickets,9,CH Gayle,Wankhede Stadium,BF Bowden,VA Kulkarni,
548361,2012,Jaipur,10/05/12,Rajasthan Royals,Chennai Super Kings,Chennai Super Kings,field,normal,0,Chennai Super Kings,wickets,4,BW Hilfenhaus,Sawai Mansingh Stadium,BNJ Oxenford,C Shamshuddin,
548362,2012,Pune,11/05/12,Royal Challengers Bangalore,Pune Warriors,Pune Warriors,field,normal,0,Royal Challengers Bangalore,runs,35,CH Gayle,Subrata Roy Sahara Stadium,BF Bowden,SK Tarapore,
548363,2012,Kolkata,12/05/12,Mumbai Indians,Kolkata Knight Riders,Mumbai Indians,bat,normal,0,Mumbai Indians,runs,27,RG Sharma,Eden Gardens,S Ravi,SJA Taufel,
548364,2012,Chennai,12/05/12,Delhi Daredevils,Chennai Super Kings,Chennai Super Kings,field,normal,0,Chennai Super Kings,wickets,9,BW Hilfenhaus,MA Chidambaram Stadium,S Das,BR Doctrove,
548365,2012,Jaipur,13/05/12,Rajasthan Royals,Pune Warriors,Rajasthan Royals,bat,normal,0,Rajasthan Royals,runs,45,A Chandila,Sawai Mansingh Stadium,BF Bowden,SK Tarapore,
548366,2012,Chandigarh,13/05/12,Deccan Chargers,Kings XI Punjab,Deccan Chargers,bat,normal,0,Kings XI Punjab,wickets,4,DJ Hussey,Punjab Cricket Association Stadium,HDPK Dharmasena,BNJ Oxenford,
548367,2012,Bangalore,14/05/12,Royal Challengers Bangalore,Mumbai Indians,Mumbai Indians,field,normal,0,Mumbai Indians,wickets,5,AT Rayudu,M Chinnaswamy Stadium,S Das,BR Doctrove,
548368,2012,Kolkata,14/05/12,Kolkata Knight Riders,Chennai Super Kings,Chennai Super Kings,field,normal,0,Chennai Super Kings,wickets,5,MEK Hussey,Eden Gardens,JD Cloete,SJA Taufel,
548369,2012,Delhi,15/05/12,Kings XI Punjab,Delhi Daredevils,Kings XI Punjab,bat,normal,0,Delhi Daredevils,wickets,5,UT Yadav,Feroz Shah Kotla,HDPK Dharmasena,BNJ Oxenford,
548370,2012,Mumbai,16/05/12,Kolkata Knight Riders,Mumbai Indians,Mumbai Indians,field,normal,0,Kolkata Knight Riders,runs,32,SP Narine,Wankhede Stadium,S Das,BR Doctrove,
548371,2012,Dharamsala,17/05/12,Chennai Super Kings,Kings XI Punjab,Kings XI Punjab,field,normal,0,Kings XI Punjab,wickets,6,AC Gilchrist,Himachal Pradesh Cricket Association Stadium,VA Kulkarni,SK Tarapore,
548372,2012,Delhi,17/05/12,Royal Challengers Bangalore,Delhi Daredevils,Delhi Daredevils,field,normal,0,Royal Challengers Bangalore,runs,21,CH Gayle,Feroz Shah Kotla,HDPK Dharmasena,C Shamshuddin,
548373,2012,Hyderabad,18/05/12,Rajasthan Royals,Deccan Chargers,Rajasthan Royals,bat,normal,0,Deccan Chargers,wickets,5,DW Steyn,Rajiv Gandhi International Stadium,S Ravi,SJA Taufel,
548374,2012,Dharamsala,19/05/12,Kings XI Punjab,Delhi Daredevils,Delhi Daredevils,field,normal,0,Delhi Daredevils,wickets,6,UT Yadav,Himachal Pradesh Cricket Association Stadium,BF Bowden,VA Kulkarni,
548375,2012,Pune,19/05/12,Kolkata Knight Riders,Pune Warriors,Kolkata Knight Riders,bat,normal,0,Kolkata Knight Riders,runs,34,Shakib Al Hasan,Subrata Roy Sahara Stadium,S Asnani,BR Doctrove,
548376,2012,Hyderabad,20/05/12,Deccan Chargers,Royal Challengers Bangalore,Royal Challengers Bangalore,field,normal,0,Deccan Chargers,runs,9,DW Steyn,Rajiv Gandhi International Stadium,S Ravi,SJA Taufel,
548377,2012,Jaipur,20/05/12,Rajasthan Royals,Mumbai Indians,Rajasthan Royals,bat,normal,0,Mumbai Indians,wickets,10,DR Smith,Sawai Mansingh Stadium,HDPK Dharmasena,C Shamshuddin,
548378,2012,Pune,22/05/12,Kolkata Knight Riders,Delhi Daredevils,Kolkata Knight Riders,bat,normal,0,Kolkata Knight Riders,runs,18,YK Pathan,Subrata Roy Sahara Stadium,BR Doctrove,SJA Taufel,
548379,2012,Bangalore,23/05/12,Chennai Super Kings,Mumbai Indians,Mumbai Indians,field,normal,0,Chennai Super Kings,runs,38,MS Dhoni,M Chinnaswamy Stadium,BF Bowden,HDPK Dharmasena,
548380,2012,Chennai,25/05/12,Chennai Super Kings,Delhi Daredevils,Delhi Daredevils,field,normal,0,Chennai Super Kings,runs,86,M Vijay,MA Chidambaram Stadium,BR Doctrove,SJA Taufel,
548381,2012,Chennai,27/05/12,Chennai Super Kings,Kolkata Knight Riders,Chennai Super Kings,bat,normal,0,Kolkata Knight Riders,wickets,5,MS Bisla,MA Chidambaram Stadium,BF Bowden,SJA Taufel,
597998,2013,Kolkata,03/04/13,Delhi Daredevils,Kolkata Knight Riders,Kolkata Knight Riders,field,normal,0,Kolkata Knight Riders,wickets,6,SP Narine,Eden Gardens,S Ravi,SJA Taufel,
597999,2013,Bangalore,04/04/13,Royal Challengers Bangalore,Mumbai Indians,Mumbai Indians,field,normal,0,Royal Challengers Bangalore,runs,2,CH Gayle,M Chinnaswamy Stadium,VA Kulkarni,C Shamshuddin,
598000,2013,Hyderabad,05/04/13,Sunrisers Hyderabad,Pune Warriors,Pune Warriors,field,normal,0,Sunrisers Hyderabad,runs,22,A Mishra,Rajiv Gandhi International Stadium,S Ravi,SJA Taufel,
598001,2013,Delhi,06/04/13,Rajasthan Royals,Delhi Daredevils,Rajasthan Royals,bat,normal,0,Rajasthan Royals,runs,5,R Dravid,Feroz Shah Kotla,S Das,C Shamshuddin,
598002,2013,Chennai,06/04/13,Mumbai Indians,Chennai Super Kings,Mumbai Indians,bat,normal,0,Mumbai Indians,runs,9,KA Pollard,MA Chidambaram Stadium,M Erasmus,VA Kulkarni,
598003,2013,Pune,07/04/13,Pune Warriors,Kings XI Punjab,Pune Warriors,bat,normal,0,Kings XI Punjab,wickets,8,M Vohra,Subrata Roy Sahara Stadium,S Asnani,SJA Taufel,
598004,2013,Hyderabad,07/04/13,Royal Challengers Bangalore,Sunrisers Hyderabad,Royal Challengers Bangalore,bat,tie,0,Sunrisers Hyderabad,,0,GH Vihari,Rajiv Gandhi International Stadium,AK Chaudhary,S Ravi,
598005,2013,Jaipur,08/04/13,Rajasthan Royals,Kolkata Knight Riders,Kolkata Knight Riders,field,normal,0,Rajasthan Royals,runs,19,SK Trivedi,Sawai Mansingh Stadium,Aleem Dar,S Das,
598006,2013,Mumbai,09/04/13,Mumbai Indians,Delhi Daredevils,Mumbai Indians,bat,normal,0,Mumbai Indians,runs,44,KD Karthik,Wankhede Stadium,M Erasmus,VA Kulkarni,
598007,2013,Chandigarh,10/04/13,Kings XI Punjab,Chennai Super Kings,Chennai Super Kings,field,normal,0,Chennai Super Kings,wickets,10,MEK Hussey,Punjab Cricket Association Stadium,Aleem Dar,C Shamshuddin,
598008,2013,Bangalore,11/04/13,Kolkata Knight Riders,Royal Challengers Bangalore,Royal Challengers Bangalore,field,normal,0,Royal Challengers Bangalore,wickets,8,CH Gayle,M Chinnaswamy Stadium,Asad Rauf,AK Chaudhary,
598009,2013,Pune,11/04/13,Rajasthan Royals,Pune Warriors,Rajasthan Royals,bat,normal,0,Pune Warriors,wickets,7,AJ Finch,Subrata Roy Sahara Stadium,M Erasmus,K Srinath,
598010,2013,Delhi,12/04/13,Delhi Daredevils,Sunrisers Hyderabad,Delhi Daredevils,bat,normal,0,Sunrisers Hyderabad,wickets,3,A Mishra,Feroz Shah Kotla,Aleem Dar,Subroto Das,
598011,2013,Mumbai,13/04/13,Mumbai Indians,Pune Warriors,Mumbai Indians,bat,normal,0,Mumbai Indians,runs,41,RG Sharma,Wankhede Stadium,S Ravi,SJA Taufel,
598012,2013,Chennai,13/04/13,Royal Challengers Bangalore,Chennai Super Kings,Chennai Super Kings,field,normal,0,Chennai Super Kings,wickets,4,RA Jadeja,MA Chidambaram Stadium,Asad Rauf,AK Chaudhary,
598013,2013,Kolkata,14/04/13,Kolkata Knight Riders,Sunrisers Hyderabad,Kolkata Knight Riders,bat,normal,0,Kolkata Knight Riders,runs,48,G Gambhir,Eden Gardens,M Erasmus,VA Kulkarni,
598014,2013,Jaipur,14/04/13,Kings XI Punjab,Rajasthan Royals,Rajasthan Royals,field,normal,0,Rajasthan Royals,wickets,6,JP Faulkner,Sawai Mansingh Stadium,Aleem Dar,C Shamshuddin,
598015,2013,Chennai,15/04/13,Pune Warriors,Chennai Super Kings,Pune Warriors,bat,normal,0,Pune Warriors,runs,24,SPD Smith,MA Chidambaram Stadium,Asad Rauf,AK Chaudhary,
598016,2013,Chandigarh,16/04/13,Kings XI Punjab,Kolkata Knight Riders,Kolkata Knight Riders,field,normal,0,Kings XI Punjab,runs,4,MS Gony,Punjab Cricket Association Stadium,CK Nandan,SJA Taufel,
598017,2013,Bangalore,16/04/13,Delhi Daredevils,Royal Challengers Bangalore,Royal Challengers Bangalore,field,tie,0,Royal Challengers Bangalore,,0,V Kohli,M Chinnaswamy Stadium,M Erasmus,VA Kulkarni,
598018,2013,Pune,17/04/13,Sunrisers Hyderabad,Pune Warriors,Pune Warriors,field,normal,0,Sunrisers Hyderabad,runs,11,A Mishra,Maharashtra Cricket Association Stadium,Asad Rauf,AK Chaudhary,
598019,2013,Jaipur,17/04/13,Rajasthan Royals,Mumbai Indians,Rajasthan Royals,bat,normal,0,Rajasthan Royals,runs,87,AM Rahane,Sawai Mansingh Stadium,Aleem Dar,C Shamshuddin,
598020,2013,Delhi,18/04/13,Chennai Super Kings,Delhi Daredevils,Chennai Super Kings,bat,normal,0,Chennai Super Kings,runs,86,MEK Hussey,Feroz Shah Kotla,M Erasmus,VA Kulkarni,
598021,2013,Hyderabad,19/04/13,Kings XI Punjab,Sunrisers Hyderabad,Kings XI Punjab,bat,normal,0,Sunrisers Hyderabad,wickets,5,GH Vihari,Rajiv Gandhi International Stadium,HDPK Dharmasena,CK Nandan,
598022,2013,Kolkata,20/04/13,Kolkata Knight Riders,Chennai Super Kings,Kolkata Knight Riders,bat,normal,0,Chennai Super Kings,wickets,4,RA Jadeja,Eden Gardens,Asad Rauf,AK Chaudhary,
598023,2013,Bangalore,20/04/13,Rajasthan Royals,Royal Challengers Bangalore,Royal Challengers Bangalore,field,normal,0,Royal Challengers Bangalore,wickets,7,R Vinay Kumar,M Chinnaswamy Stadium,Aleem Dar,C Shamshuddin,
598024,2013,Delhi,21/04/13,Mumbai Indians,Delhi Daredevils,Mumbai Indians,bat,normal,0,Delhi Daredevils,wickets,9,V Sehwag,Feroz Shah Kotla,HDPK Dharmasena,S Ravi,
598025,2013,Chandigarh,21/04/13,Pune Warriors,Kings XI Punjab,Kings XI Punjab,field,normal,0,Kings XI Punjab,wickets,7,DA Miller,Punjab Cricket Association Stadium,M Erasmus,K Srinath,
598026,2013,Chennai,22/04/13,Rajasthan Royals,Chennai Super Kings,Rajasthan Royals,bat,normal,0,Chennai Super Kings,wickets,5,MEK Hussey,MA Chidambaram Stadium,S Asnani,AK Chaudhary,
598027,2013,Bangalore,23/04/13,Royal Challengers Bangalore,Pune Warriors,Pune Warriors,field,normal,0,Royal Challengers Bangalore,runs,130,CH Gayle,M Chinnaswamy Stadium,Aleem Dar,C Shamshuddin,
598028,2013,Dharamsala,16/05/13,Kings XI Punjab,Delhi Daredevils,Delhi Daredevils,field,normal,0,Kings XI Punjab,runs,7,DA Miller,Himachal Pradesh Cricket Association Stadium,HDPK Dharmasena,S Ravi,
598029,2013,Kolkata,24/04/13,Kolkata Knight Riders,Mumbai Indians,Kolkata Knight Riders,bat,normal,0,Mumbai Indians,wickets,5,DR Smith,Eden Gardens,HDPK Dharmasena,S Ravi,
598030,2013,Chennai,25/04/13,Sunrisers Hyderabad,Chennai Super Kings,Sunrisers Hyderabad,bat,normal,0,Chennai Super Kings,wickets,5,MS Dhoni,MA Chidambaram Stadium,Aleem Dar,S Das,
598031,2013,Kolkata,26/04/13,Kings XI Punjab,Kolkata Knight Riders,Kings XI Punjab,bat,normal,0,Kolkata Knight Riders,wickets,6,JH Kallis,Eden Gardens,CK Nandan,S Ravi,
598032,2013,Jaipur,27/04/13,Sunrisers Hyderabad,Rajasthan Royals,Sunrisers Hyderabad,bat,normal,0,Rajasthan Royals,wickets,8,JP Faulkner,Sawai Mansingh Stadium,VA Kulkarni,K Srinath,
598033,2013,Mumbai,27/04/13,Mumbai Indians,Royal Challengers Bangalore,Mumbai Indians,bat,normal,0,Mumbai Indians,runs,58,DR Smith,Wankhede Stadium,Asad Rauf,S Asnani,
598034,2013,Chennai,28/04/13,Chennai Super Kings,Kolkata Knight Riders,Kolkata Knight Riders,field,normal,0,Chennai Super Kings,runs,14,MEK Hussey,MA Chidambaram Stadium,Aleem Dar,SJA Taufel,
598035,2013,Raipur,28/04/13,Delhi Daredevils,Pune Warriors,Pune Warriors,field,normal,0,Delhi Daredevils,runs,15,DA Warner,Shaheed Veer Narayan Singh International Stadium,CK Nandan,S Ravi,
598036,2013,Jaipur,29/04/13,Royal Challengers Bangalore,Rajasthan Royals,Rajasthan Royals,field,normal,0,Rajasthan Royals,wickets,4,SV Samson,Sawai Mansingh Stadium,M Erasmus,K Srinath,
598037,2013,Mumbai,29/04/13,Mumbai Indians,Kings XI Punjab,Mumbai Indians,bat,normal,0,Mumbai Indians,runs,4,RG Sharma,Wankhede Stadium,Asad Rauf,AK Chaudhary,
598038,2013,Pune,30/04/13,Chennai Super Kings,Pune Warriors,Chennai Super Kings,bat,normal,0,Chennai Super Kings,runs,37,MS Dhoni,Subrata Roy Sahara Stadium,S Das,SJA Taufel,
598039,2013,Hyderabad,01/05/13,Mumbai Indians,Sunrisers Hyderabad,Mumbai Indians,bat,normal,0,Sunrisers Hyderabad,wickets,7,I Sharma,Rajiv Gandhi International Stadium,Asad Rauf,S Asnani,
598040,2013,Raipur,01/05/13,Kolkata Knight Riders,Delhi Daredevils,Kolkata Knight Riders,bat,normal,0,Delhi Daredevils,wickets,7,DA Warner,Shaheed Veer Narayan Singh International Stadium,HDPK Dharmasena,CK Nandan,
598041,2013,Chennai,02/05/13,Chennai Super Kings,Kings XI Punjab,Chennai Super Kings,bat,normal,0,Chennai Super Kings,runs,15,SK Raina,MA Chidambaram Stadium,M Erasmus,VA Kulkarni,
598042,2013,Pune,02/05/13,Royal Challengers Bangalore,Pune Warriors,Royal Challengers Bangalore,bat,normal,0,Royal Challengers Bangalore,runs,17,AB de Villiers,Subrata Roy Sahara Stadium,Aleem Dar,C Shamshuddin,
598043,2013,Kolkata,03/05/13,Rajasthan Royals,Kolkata Knight Riders,Rajasthan Royals,bat,normal,0,Kolkata Knight Riders,wickets,8,YK Pathan,Eden Gardens,HDPK Dharmasena,CK Nandan,
598044,2013,Hyderabad,04/05/13,Delhi Daredevils,Sunrisers Hyderabad,Delhi Daredevils,bat,normal,0,Sunrisers Hyderabad,wickets,6,DJG Sammy,Rajiv Gandhi International Stadium,Asad Rauf,S Asnani,
598045,2013,Bangalore,14/05/13,Royal Challengers Bangalore,Kings XI Punjab,Kings XI Punjab,field,normal,0,Kings XI Punjab,wickets,7,AC Gilchrist,M Chinnaswamy Stadium,HDPK Dharmasena,S Ravi,
598046,2013,Mumbai,05/05/13,Mumbai Indians,Chennai Super Kings,Mumbai Indians,bat,normal,0,Mumbai Indians,runs,60,MG Johnson,Wankhede Stadium,HDPK Dharmasena,CK Nandan,
598047,2013,Jaipur,05/05/13,Pune Warriors,Rajasthan Royals,Pune Warriors,bat,normal,0,Rajasthan Royals,wickets,5,AM Rahane,Sawai Mansingh Stadium,C Shamshuddin,RJ Tucker,
598048,2013,Bangalore,09/04/13,Sunrisers Hyderabad,Royal Challengers Bangalore,Sunrisers Hyderabad,bat,normal,0,Royal Challengers Bangalore,wickets,7,V Kohli,M Chinnaswamy Stadium,S Ravi,SJA Taufel,
598049,2013,Jaipur,07/05/13,Delhi Daredevils,Rajasthan Royals,Delhi Daredevils,bat,normal,0,Rajasthan Royals,wickets,9,AM Rahane,Sawai Mansingh Stadium,Aleem Dar,RJ Tucker,
598050,2013,Mumbai,07/05/13,Mumbai Indians,Kolkata Knight Riders,Mumbai Indians,bat,normal,0,Mumbai Indians,runs,65,SR Tendulkar,Wankhede Stadium,HDPK Dharmasena,S Ravi,
598051,2013,Hyderabad,08/05/13,Chennai Super Kings,Sunrisers Hyderabad,Sunrisers Hyderabad,field,normal,0,Chennai Super Kings,runs,77,SK Raina,Rajiv Gandhi International Stadium,S Das,NJ Llong,
598052,2013,Chandigarh,09/05/13,Kings XI Punjab,Rajasthan Royals,Rajasthan Royals,field,normal,0,Rajasthan Royals,wickets,8,KK Cooper,Punjab Cricket Association Stadium,HDPK Dharmasena,S Ravi,
598053,2013,Pune,09/05/13,Kolkata Knight Riders,Pune Warriors,Kolkata Knight Riders,bat,normal,0,Kolkata Knight Riders,runs,46,G Gambhir,Subrata Roy Sahara Stadium,Asad Rauf,S Asnani,
598054,2013,Delhi,10/05/13,Royal Challengers Bangalore,Delhi Daredevils,Delhi Daredevils,field,normal,0,Royal Challengers Bangalore,runs,4,JD Unadkat,Feroz Shah Kotla,NJ Llong,K Srinath,
598055,2013,Pune,11/05/13,Pune Warriors,Mumbai Indians,Pune Warriors,bat,normal,0,Mumbai Indians,wickets,5,MG Johnson,Subrata Roy Sahara Stadium,Asad Rauf,AK Chaudhary,
598056,2013,Chandigarh,11/05/13,Sunrisers Hyderabad,Kings XI Punjab,Kings XI Punjab,field,normal,0,Sunrisers Hyderabad,runs,30,PA Patel,Punjab Cricket Association Stadium,S Das,RJ Tucker,
598057,2013,Ranchi,12/05/13,Royal Challengers Bangalore,Kolkata Knight Riders,Kolkata Knight Riders,field,normal,0,Kolkata Knight Riders,wickets,5,JH Kallis,JSCA International Stadium Complex,NJ Llong,K Srinath,
598058,2013,Jaipur,12/05/13,Chennai Super Kings,Rajasthan Royals,Rajasthan Royals,field,normal,0,Rajasthan Royals,wickets,5,SR Watson,Sawai Mansingh Stadium,HDPK Dharmasena,CK Nandan,
598059,2013,Delhi,23/04/13,Delhi Daredevils,Kings XI Punjab,Kings XI Punjab,field,normal,0,Kings XI Punjab,wickets,5,Harmeet Singh,Feroz Shah Kotla,VA Kulkarni,K Srinath,
598060,2013,Mumbai,13/05/13,Sunrisers Hyderabad,Mumbai Indians,Sunrisers Hyderabad,bat,normal,0,Mumbai Indians,wickets,7,KA Pollard,Wankhede Stadium,AK Chaudhary,SJA Taufel,
598061,2013,Ranchi,15/05/13,Pune Warriors,Kolkata Knight Riders,Kolkata Knight Riders,field,normal,0,Pune Warriors,runs,7,MK Pandey,JSCA International Stadium Complex,NJ Llong,K Srinath,
598062,2013,Chennai,14/05/13,Chennai Super Kings,Delhi Daredevils,Chennai Super Kings,bat,normal,0,Chennai Super Kings,runs,33,MS Dhoni,MA Chidambaram Stadium,C Shamshuddin,RJ Tucker,
598063,2013,Mumbai,15/05/13,Mumbai Indians,Rajasthan Royals,Rajasthan Royals,field,normal,0,Mumbai Indians,runs,14,AP Tare,Wankhede Stadium,Asad Rauf,S Asnani,
598064,2013,Chandigarh,06/05/13,Royal Challengers Bangalore,Kings XI Punjab,Kings XI Punjab,field,normal,0,Kings XI Punjab,wickets,6,DA Miller,Punjab Cricket Association Stadium,VA Kulkarni,NJ Llong,
598065,2013,Hyderabad,17/05/13,Sunrisers Hyderabad,Rajasthan Royals,Sunrisers Hyderabad,bat,normal,0,Sunrisers Hyderabad,runs,23,A Mishra,Rajiv Gandhi International Stadium,Asad Rauf,AK Chaudhary,
598066,2013,Dharamsala,18/05/13,Kings XI Punjab,Mumbai Indians,Mumbai Indians,field,normal,0,Kings XI Punjab,runs,50,Azhar Mahmood,Himachal Pradesh Cricket Association Stadium,HDPK Dharmasena,CK Nandan,
598067,2013,Pune,19/05/13,Pune Warriors,Delhi Daredevils,Pune Warriors,bat,normal,0,Pune Warriors,runs,38,LJ Wright,Subrata Roy Sahara Stadium,NJ Llong,SJA Taufel,
598068,2013,Bangalore,18/05/13,Royal Challengers Bangalore,Chennai Super Kings,Chennai Super Kings,field,normal,0,Royal Challengers Bangalore,runs,24,V Kohli,M Chinnaswamy Stadium,C Shamshuddin,RJ Tucker,
598069,2013,Hyderabad,19/05/13,Kolkata Knight Riders,Sunrisers Hyderabad,Kolkata Knight Riders,bat,normal,0,Sunrisers Hyderabad,wickets,5,PA Patel,Rajiv Gandhi International Stadium,Asad Rauf,S Asnani,
598070,2013,Delhi,21/05/13,Chennai Super Kings,Mumbai Indians,Chennai Super Kings,bat,normal,0,Chennai Super Kings,runs,48,MEK Hussey,Feroz Shah Kotla,NJ Llong,RJ Tucker,
598071,2013,Delhi,22/05/13,Sunrisers Hyderabad,Rajasthan Royals,Sunrisers Hyderabad,bat,normal,0,Rajasthan Royals,wickets,4,BJ Hodge,Feroz Shah Kotla,S Ravi,RJ Tucker,
598072,2013,Kolkata,24/05/13,Rajasthan Royals,Mumbai Indians,Rajasthan Royals,bat,normal,0,Mumbai Indians,wickets,4,Harbhajan Singh,Eden Gardens,C Shamshuddin,SJA Taufel,
598073,2013,Kolkata,26/05/13,Mumbai Indians,Chennai Super Kings,Mumbai Indians,bat,normal,0,Mumbai Indians,runs,23,KA Pollard,Eden Gardens,HDPK Dharmasena,SJA Taufel,
729279,2014,Abu Dhabi,16/04/14,Kolkata Knight Riders,Mumbai Indians,Kolkata Knight Riders,bat,normal,0,Kolkata Knight Riders,runs,41,JH Kallis,Sheikh Zayed Stadium,M Erasmus,RK Illingworth,
729281,2014,Sharjah,17/04/14,Delhi Daredevils,Royal Challengers Bangalore,Royal Challengers Bangalore,field,normal,0,Royal Challengers Bangalore,wickets,8,YS Chahal,Sharjah Cricket Stadium,Aleem Dar,S Ravi,
729283,2014,Abu Dhabi,18/04/14,Chennai Super Kings,Kings XI Punjab,Chennai Super Kings,bat,normal,0,Kings XI Punjab,wickets,6,GJ Maxwell,Sheikh Zayed Stadium,RK Illingworth,C Shamshuddin,
729285,2014,Abu Dhabi,18/04/14,Sunrisers Hyderabad,Rajasthan Royals,Rajasthan Royals,field,normal,0,Rajasthan Royals,wickets,4,AM Rahane,Sheikh Zayed Stadium,BF Bowden,RK Illingworth,
729287,2014,Dubai,19/04/14,Mumbai Indians,Royal Challengers Bangalore,Royal Challengers Bangalore,field,normal,0,Royal Challengers Bangalore,wickets,7,PA Patel,Dubai International Cricket Stadium,Aleem Dar,AK Chaudhary,
729289,2014,Dubai,19/04/14,Kolkata Knight Riders,Delhi Daredevils,Kolkata Knight Riders,bat,normal,0,Delhi Daredevils,wickets,4,JP Duminy,Dubai International Cricket Stadium,Aleem Dar,VA Kulkarni,
729291,2014,Sharjah,20/04/14,Rajasthan Royals,Kings XI Punjab,Kings XI Punjab,field,normal,0,Kings XI Punjab,wickets,7,GJ Maxwell,Sharjah Cricket Stadium,BF Bowden,M Erasmus,
729293,2014,Abu Dhabi,21/04/14,Chennai Super Kings,Delhi Daredevils,Chennai Super Kings,bat,normal,0,Chennai Super Kings,runs,93,SK Raina,Sheikh Zayed Stadium,RK Illingworth,C Shamshuddin,
729295,2014,Sharjah,22/04/14,Kings XI Punjab,Sunrisers Hyderabad,Sunrisers Hyderabad,field,normal,0,Kings XI Punjab,runs,72,GJ Maxwell,Sharjah Cricket Stadium,M Erasmus,S Ravi,
729297,2014,Dubai,23/04/14,Chennai Super Kings,Rajasthan Royals,Rajasthan Royals,field,normal,0,Chennai Super Kings,runs,7,RA Jadeja,Dubai International Cricket Stadium,HDPK Dharmasena,RK Illingworth,
729299,2014,Sharjah,24/04/14,Kolkata Knight Riders,Royal Challengers Bangalore,Royal Challengers Bangalore,field,normal,0,Kolkata Knight Riders,runs,2,CA Lynn,Sharjah Cricket Stadium,Aleem Dar,VA Kulkarni,
729301,2014,Dubai,25/04/14,Sunrisers Hyderabad,Delhi Daredevils,Sunrisers Hyderabad,bat,normal,0,Sunrisers Hyderabad,runs,4,AJ Finch,Dubai International Cricket Stadium,M Erasmus,S Ravi,
729303,2014,Dubai,25/04/14,Mumbai Indians,Chennai Super Kings,Mumbai Indians,bat,normal,0,Chennai Super Kings,wickets,7,MM Sharma,Dubai International Cricket Stadium,BF Bowden,M Erasmus,
729305,2014,Abu Dhabi,26/04/14,Royal Challengers Bangalore,Rajasthan Royals,Rajasthan Royals,field,normal,0,Rajasthan Royals,wickets,6,PV Tambe,Sheikh Zayed Stadium,HDPK Dharmasena,C Shamshuddin,
729307,2014,Abu Dhabi,26/04/14,Kings XI Punjab,Kolkata Knight Riders,Kolkata Knight Riders,field,normal,0,Kings XI Punjab,runs,23,Sandeep Sharma,Sheikh Zayed Stadium,HDPK Dharmasena,RK Illingworth,
729309,2014,Sharjah,27/04/14,Mumbai Indians,Delhi Daredevils,Mumbai Indians,bat,normal,0,Delhi Daredevils,wickets,6,M Vijay,Sharjah Cricket Stadium,Aleem Dar,VA Kulkarni,
729311,2014,Sharjah,27/04/14,Sunrisers Hyderabad,Chennai Super Kings,Sunrisers Hyderabad,bat,normal,0,Chennai Super Kings,wickets,5,DR Smith,Sharjah Cricket Stadium,AK Chaudhary,VA Kulkarni,
729313,2014,Dubai,28/04/14,Royal Challengers Bangalore,Kings XI Punjab,Kings XI Punjab,field,normal,0,Kings XI Punjab,wickets,5,Sandeep Sharma,Dubai International Cricket Stadium,BF Bowden,S Ravi,
729315,2014,Abu Dhabi,29/04/14,Rajasthan Royals,Kolkata Knight Riders,Rajasthan Royals,bat,tie,0,Rajasthan Royals,,0,JP Faulkner,Sheikh Zayed Stadium,Aleem Dar,AK Chaudhary,
729317,2014,Dubai,30/04/14,Sunrisers Hyderabad,Mumbai Indians,Mumbai Indians,field,normal,0,Sunrisers Hyderabad,runs,15,B Kumar,Dubai International Cricket Stadium,HDPK Dharmasena,M Erasmus,
733971,2014,Ranchi,02/05/14,Chennai Super Kings,Kolkata Knight Riders,Chennai Super Kings,bat,normal,0,Chennai Super Kings,runs,34,RA Jadeja,JSCA International Stadium Complex,AK Chaudhary,NJ Llong,
733973,2014,Mumbai,03/05/14,Kings XI Punjab,Mumbai Indians,Kings XI Punjab,bat,normal,0,Mumbai Indians,wickets,5,CJ Anderson,Wankhede Stadium,BNJ Oxenford,C Shamshuddin,
733975,2014,Delhi,03/05/14,Delhi Daredevils,Rajasthan Royals,Rajasthan Royals,field,normal,0,Rajasthan Royals,wickets,7,KK Nair,Feroz Shah Kotla,SS Hazare,S Ravi,
733977,2014,Bangalore,04/05/14,Sunrisers Hyderabad,Royal Challengers Bangalore,Royal Challengers Bangalore,field,normal,0,Royal Challengers Bangalore,wickets,4,AB de Villiers,M Chinnaswamy Stadium,HDPK Dharmasena,VA Kulkarni,
733979,2014,Ahmedabad,05/05/14,Rajasthan Royals,Kolkata Knight Riders,Kolkata Knight Riders,field,normal,0,Rajasthan Royals,runs,10,PV Tambe,Sardar Patel Stadium,NJ Llong,CK Nandan,
733981,2014,Delhi,05/05/14,Delhi Daredevils,Chennai Super Kings,Chennai Super Kings,field,normal,0,Chennai Super Kings,wickets,8,DR Smith,Feroz Shah Kotla,RM Deshpande,BNJ Oxenford,
733983,2014,Mumbai,06/05/14,Mumbai Indians,Royal Challengers Bangalore,Royal Challengers Bangalore,field,normal,0,Mumbai Indians,runs,19,RG Sharma,Wankhede Stadium,S Ravi,K Srinath,
733985,2014,Delhi,07/05/14,Delhi Daredevils,Kolkata Knight Riders,Delhi Daredevils,bat,normal,0,Kolkata Knight Riders,wickets,8,G Gambhir,Feroz Shah Kotla,BNJ Oxenford,C Shamshuddin,
733987,2014,Cuttack,07/05/14,Kings XI Punjab,Chennai Super Kings,Chennai Super Kings,field,normal,0,Kings XI Punjab,runs,44,GJ Maxwell,Barabati Stadium,HDPK Dharmasena,PG Pathak,
733989,2014,Ahmedabad,08/05/14,Sunrisers Hyderabad,Rajasthan Royals,Rajasthan Royals,field,normal,0,Sunrisers Hyderabad,runs,32,B Kumar,Sardar Patel Stadium,AK Chaudhary,NJ Llong,
733991,2014,Bangalore,09/05/14,Kings XI Punjab,Royal Challengers Bangalore,Royal Challengers Bangalore,field,normal,0,Kings XI Punjab,runs,32,Sandeep Sharma,M Chinnaswamy Stadium,S Ravi,K Srinath,
733993,2014,Delhi,10/05/14,Delhi Daredevils,Sunrisers Hyderabad,Sunrisers Hyderabad,field,normal,1,Sunrisers Hyderabad,wickets,8,DW Steyn,Feroz Shah Kotla,RM Deshpande,BNJ Oxenford,
733995,2014,Mumbai,10/05/14,Mumbai Indians,Chennai Super Kings,Chennai Super Kings,field,normal,0,Chennai Super Kings,wickets,4,DR Smith,Wankhede Stadium,HDPK Dharmasena,VA Kulkarni,
733997,2014,Cuttack,11/05/14,Kings XI Punjab,Kolkata Knight Riders,Kolkata Knight Riders,field,normal,0,Kolkata Knight Riders,wickets,9,G Gambhir,Barabati Stadium,NJ Llong,CK Nandan,
733999,2014,Bangalore,11/05/14,Royal Challengers Bangalore,Rajasthan Royals,Royal Challengers Bangalore,bat,normal,0,Rajasthan Royals,wickets,5,JP Faulkner,M Chinnaswamy Stadium,S Ravi,RJ Tucker,
734001,2014,Hyderabad,12/05/14,Sunrisers Hyderabad,Mumbai Indians,Sunrisers Hyderabad,bat,normal,0,Mumbai Indians,wickets,7,AT Rayudu,Rajiv Gandhi International Stadium,HDPK Dharmasena,VA Kulkarni,
734003,2014,Ranchi,13/05/14,Rajasthan Royals,Chennai Super Kings,Rajasthan Royals,bat,normal,0,Chennai Super Kings,wickets,5,RA Jadeja,JSCA International Stadium Complex,BNJ Oxenford,C Shamshuddin,
734005,2014,Bangalore,13/05/14,Royal Challengers Bangalore,Delhi Daredevils,Delhi Daredevils,field,normal,0,Royal Challengers Bangalore,runs,16,Yuvraj Singh,M Chinnaswamy Stadium,K Srinath,RJ Tucker,
734007,2014,Hyderabad,14/05/14,Sunrisers Hyderabad,Kings XI Punjab,Kings XI Punjab,field,normal,0,Kings XI Punjab,wickets,6,WP Saha,Rajiv Gandhi International Stadium,VA Kulkarni,PG Pathak,
734009,2014,Cuttack,14/05/14,Mumbai Indians,Kolkata Knight Riders,Kolkata Knight Riders,field,normal,0,Kolkata Knight Riders,wickets,6,RV Uthappa,Barabati Stadium,AK Chaudhary,NJ Llong,
734011,2014,Ahmedabad,15/05/14,Rajasthan Royals,Delhi Daredevils,Delhi Daredevils,field,normal,0,Rajasthan Royals,runs,62,AM Rahane,Sardar Patel Stadium,S Ravi,RJ Tucker,
734013,2014,Ranchi,18/05/14,Chennai Super Kings,Royal Challengers Bangalore,Chennai Super Kings,bat,normal,0,Royal Challengers Bangalore,wickets,5,AB de Villiers,JSCA International Stadium Complex,BNJ Oxenford,C Shamshuddin,
734015,2014,Hyderabad,18/05/14,Sunrisers Hyderabad,Kolkata Knight Riders,Sunrisers Hyderabad,bat,normal,0,Kolkata Knight Riders,wickets,7,UT Yadav,Rajiv Gandhi International Stadium,NJ Llong,CK Nandan,
734017,2014,Ahmedabad,19/05/14,Mumbai Indians,Rajasthan Royals,Mumbai Indians,bat,normal,0,Mumbai Indians,runs,25,MEK Hussey,Sardar Patel Stadium,S Ravi,RJ Tucker,
734019,2014,Delhi,19/05/14,Delhi Daredevils,Kings XI Punjab,Kings XI Punjab,field,normal,0,Kings XI Punjab,wickets,4,AR Patel,Feroz Shah Kotla,HDPK Dharmasena,PG Pathak,
734021,2014,Hyderabad,20/05/14,Royal Challengers Bangalore,Sunrisers Hyderabad,Royal Challengers Bangalore,bat,normal,0,Sunrisers Hyderabad,wickets,7,DA Warner,Rajiv Gandhi International Stadium,AK Chaudhary,NJ Llong,
734023,2014,Kolkata,20/05/14,Chennai Super Kings,Kolkata Knight Riders,Kolkata Knight Riders,field,normal,0,Kolkata Knight Riders,wickets,8,RV Uthappa,Eden Gardens,RM Deshpande,C Shamshuddin,
734025,2014,Chandigarh,21/05/14,Kings XI Punjab,Mumbai Indians,Mumbai Indians,field,normal,0,Mumbai Indians,wickets,7,LMP Simmons,Punjab Cricket Association Stadium,HDPK Dharmasena,VA Kulkarni,
734027,2014,Kolkata,22/05/14,Kolkata Knight Riders,Royal Challengers Bangalore,Royal Challengers Bangalore,field,normal,0,Kolkata Knight Riders,runs,30,RV Uthappa,Eden Gardens,AK Chaudhary,CK Nandan,
734029,2014,Ranchi,22/05/14,Chennai Super Kings,Sunrisers Hyderabad,Sunrisers Hyderabad,field,normal,0,Sunrisers Hyderabad,wickets,6,DA Warner,JSCA International Stadium Complex,BNJ Oxenford,C Shamshuddin,
734031,2014,Mumbai,23/05/14,Mumbai Indians,Delhi Daredevils,Delhi Daredevils,field,normal,0,Mumbai Indians,runs,15,MEK Hussey,Wankhede Stadium,S Ravi,RJ Tucker,
734033,2014,Chandigarh,23/05/14,Kings XI Punjab,Rajasthan Royals,Rajasthan Royals,field,normal,0,Kings XI Punjab,runs,16,SE Marsh,Punjab Cricket Association Stadium,HDPK Dharmasena,PG Pathak,
734035,2014,Bangalore,24/05/14,Royal Challengers Bangalore,Chennai Super Kings,Chennai Super Kings,field,normal,0,Chennai Super Kings,wickets,8,MS Dhoni,M Chinnaswamy Stadium,AK Chaudhary,NJ Llong,
734037,2014,Kolkata,24/05/14,Sunrisers Hyderabad,Kolkata Knight Riders,Kolkata Knight Riders,field,normal,0,Kolkata Knight Riders,wickets,4,YK Pathan,Eden Gardens,RM Deshpande,BNJ Oxenford,
734039,2014,Chandigarh,25/05/14,Delhi Daredevils,Kings XI Punjab,Kings XI Punjab,field,normal,0,Kings XI Punjab,wickets,7,M Vohra,Punjab Cricket Association Stadium,HDPK Dharmasena,VA Kulkarni,
734041,2014,Mumbai,25/05/14,Rajasthan Royals,Mumbai Indians,Mumbai Indians,field,normal,0,Mumbai Indians,wickets,5,CJ Anderson,Wankhede Stadium,K Srinath,RJ Tucker,
734043,2014,Kolkata,27/05/14,Kolkata Knight Riders,Kings XI Punjab,Kings XI Punjab,field,normal,0,Kolkata Knight Riders,runs,28,UT Yadav,Eden Gardens,NJ Llong,S Ravi,
734045,2014,Mumbai,28/05/14,Mumbai Indians,Chennai Super Kings,Chennai Super Kings,field,normal,0,Chennai Super Kings,wickets,7,SK Raina,Brabourne Stadium,VA Kulkarni,BNJ Oxenford,
734047,2014,Mumbai,30/05/14,Kings XI Punjab,Chennai Super Kings,Chennai Super Kings,field,normal,0,Kings XI Punjab,runs,24,V Sehwag,Wankhede Stadium,HDPK Dharmasena,RJ Tucker,
734049,2014,Bangalore,01/06/14,Kings XI Punjab,Kolkata Knight Riders,Kolkata Knight Riders,field,normal,0,Kolkata Knight Riders,wickets,3,MK Pandey,M Chinnaswamy Stadium,HDPK Dharmasena,BNJ Oxenford,
829705,2015,Kolkata,08/04/15,Mumbai Indians,Kolkata Knight Riders,Kolkata Knight Riders,field,normal,0,Kolkata Knight Riders,wickets,7,M Morkel,Eden Gardens,S Ravi,C Shamshuddin,
829707,2015,Chennai,09/04/15,Chennai Super Kings,Delhi Daredevils,Delhi Daredevils,field,normal,0,Chennai Super Kings,runs,1,A Nehra,MA Chidambaram Stadium,RK Illingworth,VA Kulkarni,
829709,2015,Pune,10/04/15,Rajasthan Royals,Kings XI Punjab,Kings XI Punjab,field,normal,0,Rajasthan Royals,runs,26,JP Faulkner,Maharashtra Cricket Association Stadium,SD Fry,CB Gaffaney,
829711,2015,Chennai,11/04/15,Chennai Super Kings,Sunrisers Hyderabad,Chennai Super Kings,bat,normal,0,Chennai Super Kings,runs,45,BB McCullum,MA Chidambaram Stadium,RK Illingworth,VA Kulkarni,
829713,2015,Kolkata,11/04/15,Kolkata Knight Riders,Royal Challengers Bangalore,Royal Challengers Bangalore,field,normal,0,Royal Challengers Bangalore,wickets,3,CH Gayle,Eden Gardens,S Ravi,C Shamshuddin,
829715,2015,Delhi,12/04/15,Delhi Daredevils,Rajasthan Royals,Rajasthan Royals,field,normal,0,Rajasthan Royals,wickets,3,DJ Hooda,Feroz Shah Kotla,SD Fry,CB Gaffaney,
829717,2015,Mumbai,12/04/15,Kings XI Punjab,Mumbai Indians,Mumbai Indians,field,normal,0,Kings XI Punjab,runs,18,GJ Bailey,Wankhede Stadium,AK Chaudhary,K Srinivasan,
829719,2015,Bangalore,13/04/15,Royal Challengers Bangalore,Sunrisers Hyderabad,Sunrisers Hyderabad,field,normal,0,Sunrisers Hyderabad,wickets,8,DA Warner,M Chinnaswamy Stadium,RM Deshpande,RK Illingworth,
829721,2015,Ahmedabad,14/04/15,Mumbai Indians,Rajasthan Royals,Mumbai Indians,bat,normal,0,Rajasthan Royals,wickets,7,SPD Smith,Sardar Patel Stadium,AK Chaudhary,SD Fry,
829723,2015,Kolkata,30/04/15,Chennai Super Kings,Kolkata Knight Riders,Kolkata Knight Riders,field,normal,0,Kolkata Knight Riders,wickets,7,AD Russell,Eden Gardens,AK Chaudhary,M Erasmus,
829725,2015,Pune,15/04/15,Kings XI Punjab,Delhi Daredevils,Kings XI Punjab,bat,normal,0,Delhi Daredevils,wickets,5,MA Agarwal,Maharashtra Cricket Association Stadium,CB Gaffaney,K Srinath,
829727,2015,Visakhapatnam,16/04/15,Sunrisers Hyderabad,Rajasthan Royals,Rajasthan Royals,field,normal,0,Rajasthan Royals,wickets,6,AM Rahane,Dr. Y.S. Rajasekhara Reddy ACA-VDCA Cricket Stadium,PG Pathak,S Ravi,
829729,2015,Mumbai,17/04/15,Mumbai Indians,Chennai Super Kings,Mumbai Indians,bat,normal,0,Chennai Super Kings,wickets,6,A Nehra,Wankhede Stadium,AK Chaudhary,M Erasmus,
829731,2015,Visakhapatnam,18/04/15,Delhi Daredevils,Sunrisers Hyderabad,Delhi Daredevils,bat,normal,0,Delhi Daredevils,runs,4,JP Duminy,Dr. Y.S. Rajasekhara Reddy ACA-VDCA Cricket Stadium,PG Pathak,S Ravi,
829733,2015,Pune,18/04/15,Kings XI Punjab,Kolkata Knight Riders,Kolkata Knight Riders,field,normal,0,Kolkata Knight Riders,wickets,4,AD Russell,Maharashtra Cricket Association Stadium,SD Fry,CK Nandan,
829735,2015,Ahmedabad,19/04/15,Chennai Super Kings,Rajasthan Royals,Chennai Super Kings,bat,normal,0,Rajasthan Royals,wickets,8,AM Rahane,Sardar Patel Stadium,AK Chaudhary,M Erasmus,
829737,2015,Bangalore,19/04/15,Mumbai Indians,Royal Challengers Bangalore,Royal Challengers Bangalore,field,normal,0,Mumbai Indians,runs,18,Harbhajan Singh,M Chinnaswamy Stadium,RK Illingworth,VA Kulkarni,
829737,2015,Bangalore,19/04/15 0:00,Mumbai Indians,Royal Challengers Bangalore,Royal Challengers Bangalore,field,normal,0,Mumbai Indians,runs,18,Harbhajan Singh,M Chinnaswamy Stadium,RK Illingworth,VA Kulkarni,
829739,2015,Delhi,20/04/15,Delhi Daredevils,Kolkata Knight Riders,Kolkata Knight Riders,field,normal,0,Kolkata Knight Riders,wickets,6,UT Yadav,Feroz Shah Kotla,SD Fry,CB Gaffaney,
829741,2015,Ahmedabad,21/04/15,Rajasthan Royals,Kings XI Punjab,Kings XI Punjab,field,tie,0,Kings XI Punjab,,0,SE Marsh,Sardar Patel Stadium,M Erasmus,S Ravi,
829743,2015,Visakhapatnam,22/04/15,Sunrisers Hyderabad,Kolkata Knight Riders,Kolkata Knight Riders,field,normal,1,Sunrisers Hyderabad,runs,16,DA Warner,Dr. Y.S. Rajasekhara Reddy ACA-VDCA Cricket Stadium,RK Illingworth,VA Kulkarni,
829745,2015,Bangalore,22/04/15,Chennai Super Kings,Royal Challengers Bangalore,Royal Challengers Bangalore,field,normal,0,Chennai Super Kings,runs,27,SK Raina,M Chinnaswamy Stadium,JD Cloete,C Shamshuddin,
829747,2015,Delhi,23/04/15,Delhi Daredevils,Mumbai Indians,Mumbai Indians,field,normal,0,Delhi Daredevils,runs,37,SS Iyer,Feroz Shah Kotla,SD Fry,CK Nandan,
829749,2015,Ahmedabad,24/04/15,Rajasthan Royals,Royal Challengers Bangalore,Royal Challengers Bangalore,field,normal,0,Royal Challengers Bangalore,wickets,9,MA Starc,Sardar Patel Stadium,M Erasmus,S Ravi,
829751,2015,Mumbai,25/04/15,Mumbai Indians,Sunrisers Hyderabad,Mumbai Indians,bat,normal,0,Mumbai Indians,runs,20,SL Malinga,Wankhede Stadium,HDPK Dharmasena,CB Gaffaney,
829753,2015,Chennai,25/04/15,Chennai Super Kings,Kings XI Punjab,Chennai Super Kings,bat,normal,0,Chennai Super Kings,runs,97,BB McCullum,MA Chidambaram Stadium,JD Cloete,C Shamshuddin,
829757,2015,Delhi,26/04/15,Delhi Daredevils,Royal Challengers Bangalore,Royal Challengers Bangalore,field,normal,0,Royal Challengers Bangalore,wickets,10,VR Aaron,Feroz Shah Kotla,M Erasmus,S Ravi,
829759,2015,Chandigarh,27/04/15,Sunrisers Hyderabad,Kings XI Punjab,Kings XI Punjab,field,normal,0,Sunrisers Hyderabad,runs,20,TA Boult,Punjab Cricket Association Stadium,HDPK Dharmasena,CB Gaffaney,
829761,2015,Kolkata,07/05/15,Kolkata Knight Riders,Delhi Daredevils,Kolkata Knight Riders,bat,normal,0,Kolkata Knight Riders,runs,13,PP Chawla,Eden Gardens,AK Chaudhary,M Erasmus,
829763,2015,Bangalore,29/04/15,Royal Challengers Bangalore,Rajasthan Royals,Rajasthan Royals,field,no result,0,,,0,,M Chinnaswamy Stadium,JD Cloete,PG Pathak,
829765,2015,Chennai,28/04/15,Chennai Super Kings,Kolkata Knight Riders,Kolkata Knight Riders,field,normal,0,Chennai Super Kings,runs,2,DJ Bravo,MA Chidambaram Stadium,RM Deshpande,VA Kulkarni,
829767,2015,Delhi,01/05/15,Kings XI Punjab,Delhi Daredevils,Delhi Daredevils,field,normal,0,Delhi Daredevils,wickets,9,NM Coulter-Nile,Feroz Shah Kotla,RK Illingworth,S Ravi,
829769,2015,Mumbai,01/05/15,Mumbai Indians,Rajasthan Royals,Rajasthan Royals,field,normal,0,Mumbai Indians,runs,8,AT Rayudu,Wankhede Stadium,HDPK Dharmasena,CK Nandan,
829771,2015,Bangalore,02/05/15,Kolkata Knight Riders,Royal Challengers Bangalore,Royal Challengers Bangalore,field,normal,0,Royal Challengers Bangalore,wickets,7,Mandeep Singh,M Chinnaswamy Stadium,JD Cloete,PG Pathak,
829773,2015,Hyderabad,02/05/15,Sunrisers Hyderabad,Chennai Super Kings,Chennai Super Kings,field,normal,0,Sunrisers Hyderabad,runs,22,DA Warner,Rajiv Gandhi International Stadium,AK Chaudhary,K Srinivasan,
829775,2015,Chandigarh,03/05/15,Mumbai Indians,Kings XI Punjab,Mumbai Indians,bat,normal,0,Mumbai Indians,runs,23,LMP Simmons,Punjab Cricket Association Stadium,RK Illingworth,VA Kulkarni,
829777,2015,Mumbai,03/05/15,Rajasthan Royals,Delhi Daredevils,Delhi Daredevils,field,normal,0,Rajasthan Royals,runs,14,AM Rahane,Brabourne Stadium,HDPK Dharmasena,CB Gaffaney,
829779,2015,Chennai,04/05/15,Chennai Super Kings,Royal Challengers Bangalore,Chennai Super Kings,bat,normal,0,Chennai Super Kings,runs,24,SK Raina,MA Chidambaram Stadium,C Shamshuddin,K Srinath,
829781,2015,Kolkata,04/05/15,Kolkata Knight Riders,Sunrisers Hyderabad,Sunrisers Hyderabad,field,normal,0,Kolkata Knight Riders,runs,35,UT Yadav,Eden Gardens,AK Chaudhary,M Erasmus,
829783,2015,Mumbai,05/05/15,Delhi Daredevils,Mumbai Indians,Delhi Daredevils,bat,normal,0,Mumbai Indians,wickets,5,Harbhajan Singh,Wankhede Stadium,HDPK Dharmasena,CB Gaffaney,
829785,2015,Bangalore,06/05/15,Royal Challengers Bangalore,Kings XI Punjab,Kings XI Punjab,field,normal,0,Royal Challengers Bangalore,runs,138,CH Gayle,M Chinnaswamy Stadium,RK Illingworth,VA Kulkarni,
829787,2015,Mumbai,07/05/15,Sunrisers Hyderabad,Rajasthan Royals,Rajasthan Royals,field,normal,0,Sunrisers Hyderabad,runs,7,EJG Morgan,Brabourne Stadium,JD Cloete,C Shamshuddin,
829789,2015,Chennai,08/05/15,Chennai Super Kings,Mumbai Indians,Chennai Super Kings,bat,normal,0,Mumbai Indians,wickets,6,HH Pandya,MA Chidambaram Stadium,CB Gaffaney,CK Nandan,
829791,2015,Kolkata,09/05/15,Kings XI Punjab,Kolkata Knight Riders,Kings XI Punjab,bat,normal,0,Kolkata Knight Riders,wickets,1,AD Russell,Eden Gardens,AK Chaudhary,HDPK Dharmasena,
829793,2015,Raipur,09/05/15,Sunrisers Hyderabad,Delhi Daredevils,Sunrisers Hyderabad,bat,normal,0,Sunrisers Hyderabad,runs,6,MC Henriques,Shaheed Veer Narayan Singh International Stadium,VA Kulkarni,S Ravi,
829795,2015,Mumbai,10/05/15,Royal Challengers Bangalore,Mumbai Indians,Royal Challengers Bangalore,bat,normal,0,Royal Challengers Bangalore,runs,39,AB de Villiers,Wankhede Stadium,JD Cloete,C Shamshuddin,
829797,2015,Chennai,10/05/15,Chennai Super Kings,Rajasthan Royals,Chennai Super Kings,bat,normal,0,Chennai Super Kings,runs,12,RA Jadeja,MA Chidambaram Stadium,M Erasmus,CK Nandan,
829799,2015,Hyderabad,11/05/15,Sunrisers Hyderabad,Kings XI Punjab,Sunrisers Hyderabad,bat,normal,0,Sunrisers Hyderabad,runs,5,DA Warner,Rajiv Gandhi International Stadium,AK Chaudhary,HDPK Dharmasena,
829801,2015,Raipur,12/05/15,Chennai Super Kings,Delhi Daredevils,Chennai Super Kings,bat,normal,0,Delhi Daredevils,wickets,6,Z Khan,Shaheed Veer Narayan Singh International Stadium,RK Illingworth,VA Kulkarni,
829803,2015,Chandigarh,13/05/15,Kings XI Punjab,Royal Challengers Bangalore,Royal Challengers Bangalore,field,normal,0,Kings XI Punjab,runs,22,AR Patel,Punjab Cricket Association Stadium,JD Cloete,C Shamshuddin,
829805,2015,Mumbai,14/05/15,Mumbai Indians,Kolkata Knight Riders,Kolkata Knight Riders,field,normal,0,Mumbai Indians,runs,5,HH Pandya,Wankhede Stadium,RK Illingworth,VA Kulkarni,
829807,2015,Hyderabad,15/05/15,Sunrisers Hyderabad,Royal Challengers Bangalore,Sunrisers Hyderabad,bat,normal,1,Royal Challengers Bangalore,wickets,6,V Kohli,Rajiv Gandhi International Stadium,AK Chaudhary,HDPK Dharmasena,
829809,2015,Chandigarh,16/05/15,Kings XI Punjab,Chennai Super Kings,Kings XI Punjab,bat,normal,0,Chennai Super Kings,wickets,7,P Negi,Punjab Cricket Association Stadium,CK Nandan,C Shamshuddin,
829811,2015,Mumbai,16/05/15,Rajasthan Royals,Kolkata Knight Riders,Rajasthan Royals,bat,normal,0,Rajasthan Royals,runs,9,SR Watson,Brabourne Stadium,RM Deshpande,RK Illingworth,
829813,2015,Bangalore,17/05/15,Delhi Daredevils,Royal Challengers Bangalore,Royal Challengers Bangalore,field,no result,0,,,0,,M Chinnaswamy Stadium,HDPK Dharmasena,K Srinivasan,
829815,2015,Hyderabad,17/05/15,Sunrisers Hyderabad,Mumbai Indians,Sunrisers Hyderabad,bat,normal,0,Mumbai Indians,wickets,9,MJ McClenaghan,Rajiv Gandhi International Stadium,CB Gaffaney,K Srinath,
829817,2015,Mumbai,19/05/15,Mumbai Indians,Chennai Super Kings,Mumbai Indians,bat,normal,0,Mumbai Indians,runs,25,KA Pollard,Wankhede Stadium,HDPK Dharmasena,RK Illingworth,
829819,2015,Pune,20/05/15,Royal Challengers Bangalore,Rajasthan Royals,Royal Challengers Bangalore,bat,normal,0,Royal Challengers Bangalore,runs,71,AB de Villiers,Maharashtra Cricket Association Stadium,AK Chaudhary,C Shamshuddin,
829821,2015,Ranchi,22/05/15,Royal Challengers Bangalore,Chennai Super Kings,Chennai Super Kings,field,normal,0,Chennai Super Kings,wickets,3,A Nehra,JSCA International Stadium Complex,AK Chaudhary,CB Gaffaney,
829823,2015,Kolkata,24/05/15,Mumbai Indians,Chennai Super Kings,Chennai Super Kings,field,normal,0,Mumbai Indians,runs,41,RG Sharma,Eden Gardens,HDPK Dharmasena,RK Illingworth,
980901,2016,Mumbai,09/04/16,Mumbai Indians,Rising Pune Supergiants,Mumbai Indians,bat,normal,0,Rising Pune Supergiants,wickets,9,AM Rahane,Wankhede Stadium,HDPK Dharmasena,CK Nandan,
980903,2016,Kolkata,10/04/16,Delhi Daredevils,Kolkata Knight Riders,Kolkata Knight Riders,field,normal,0,Kolkata Knight Riders,wickets,9,AD Russell,Eden Gardens,S Ravi,C Shamshuddin,
980905,2016,Chandigarh,11/04/16,Kings XI Punjab,Gujarat Lions,Gujarat Lions,field,normal,0,Gujarat Lions,wickets,5,AJ Finch,Punjab Cricket Association IS Bindra Stadium,AK Chaudhary,VA Kulkarni,
980907,2016,Bangalore,12/04/16,Royal Challengers Bangalore,Sunrisers Hyderabad,Sunrisers Hyderabad,field,normal,0,Royal Challengers Bangalore,runs,45,AB de Villiers,M Chinnaswamy Stadium,HDPK Dharmasena,VK Sharma,
980909,2016,Kolkata,13/04/16,Kolkata Knight Riders,Mumbai Indians,Mumbai Indians,field,normal,0,Mumbai Indians,wickets,6,RG Sharma,Eden Gardens,Nitin Menon,S Ravi,
980911,2016,Rajkot,14/04/16,Rising Pune Supergiants,Gujarat Lions,Rising Pune Supergiants,bat,normal,0,Gujarat Lions,wickets,7,AJ Finch,Saurashtra Cricket Association Stadium,VA Kulkarni,CK Nandan,
980913,2016,Delhi,15/04/16,Kings XI Punjab,Delhi Daredevils,Delhi Daredevils,field,normal,0,Delhi Daredevils,wickets,8,A Mishra,Feroz Shah Kotla,S Ravi,C Shamshuddin,
980915,2016,Hyderabad,16/04/16,Sunrisers Hyderabad,Kolkata Knight Riders,Sunrisers Hyderabad,bat,normal,0,Kolkata Knight Riders,wickets,8,G Gambhir,Rajiv Gandhi International Stadium,AK Chaudhary,CK Nandan,
980917,2016,Mumbai,16/04/16,Mumbai Indians,Gujarat Lions,Gujarat Lions,field,normal,0,Gujarat Lions,wickets,3,AJ Finch,Wankhede Stadium,HDPK Dharmasena,VK Sharma,
980919,2016,Chandigarh,17/04/16,Rising Pune Supergiants,Kings XI Punjab,Rising Pune Supergiants,bat,normal,0,Kings XI Punjab,wickets,6,M Vohra,Punjab Cricket Association IS Bindra Stadium,S Ravi,C Shamshuddin,
980921,2016,Bangalore,17/04/16,Royal Challengers Bangalore,Delhi Daredevils,Delhi Daredevils,field,normal,0,Delhi Daredevils,wickets,7,Q de Kock,M Chinnaswamy Stadium,VA Kulkarni,A Nand Kishore,
980923,2016,Hyderabad,18/04/16,Mumbai Indians,Sunrisers Hyderabad,Sunrisers Hyderabad,field,normal,0,Sunrisers Hyderabad,wickets,7,DA Warner,Rajiv Gandhi International Stadium,HDPK Dharmasena,VK Sharma,
980925,2016,Chandigarh,19/04/16,Kings XI Punjab,Kolkata Knight Riders,Kolkata Knight Riders,field,normal,0,Kolkata Knight Riders,wickets,6,RV Uthappa,Punjab Cricket Association IS Bindra Stadium,S Ravi,C Shamshuddin,
980927,2016,Mumbai,20/04/16,Royal Challengers Bangalore,Mumbai Indians,Mumbai Indians,field,normal,0,Mumbai Indians,wickets,6,RG Sharma,Wankhede Stadium,AK Chaudhary,CK Nandan,
980929,2016,Rajkot,21/04/16,Gujarat Lions,Sunrisers Hyderabad,Sunrisers Hyderabad,field,normal,0,Sunrisers Hyderabad,wickets,10,B Kumar,Saurashtra Cricket Association Stadium,K Bharatan,HDPK Dharmasena,
980931,2016,Pune,22/04/16,Royal Challengers Bangalore,Rising Pune Supergiants,Rising Pune Supergiants,field,normal,0,Royal Challengers Bangalore,runs,13,AB de Villiers,Maharashtra Cricket Association Stadium,CB Gaffaney,VK Sharma,
980933,2016,Delhi,23/04/16,Delhi Daredevils,Mumbai Indians,Mumbai Indians,field,normal,0,Delhi Daredevils,runs,10,SV Samson,Feroz Shah Kotla,S Ravi,C Shamshuddin,
980935,2016,Hyderabad,23/04/16,Kings XI Punjab,Sunrisers Hyderabad,Sunrisers Hyderabad,field,normal,0,Sunrisers Hyderabad,wickets,5,Mustafizur Rahman,Rajiv Gandhi International Stadium,AK Chaudhary,CK Nandan,
980937,2016,Rajkot,24/04/16,Royal Challengers Bangalore,Gujarat Lions,Royal Challengers Bangalore,bat,normal,0,Gujarat Lions,wickets,6,V Kohli,Saurashtra Cricket Association Stadium,K Bharatan,BNJ Oxenford,
980939,2016,Pune,24/04/16,Rising Pune Supergiants,Kolkata Knight Riders,Kolkata Knight Riders,field,normal,0,Kolkata Knight Riders,wickets,2,SA Yadav,Maharashtra Cricket Association Stadium,CB Gaffaney,A Nand Kishore,
980941,2016,Chandigarh,25/04/16,Mumbai Indians,Kings XI Punjab,Kings XI Punjab,field,normal,0,Mumbai Indians,runs,25,PA Patel,Punjab Cricket Association IS Bindra Stadium,Nitin Menon,RJ Tucker,
980943,2016,Hyderabad,26/04/16,Sunrisers Hyderabad,Rising Pune Supergiants,Rising Pune Supergiants,field,normal,1,Rising Pune Supergiants,runs,34,AB Dinda,Rajiv Gandhi International Stadium,AY Dandekar,CK Nandan,
980945,2016,Delhi,27/04/16,Gujarat Lions,Delhi Daredevils,Delhi Daredevils,field,normal,0,Gujarat Lions,runs,1,CH Morris,Feroz Shah Kotla,M Erasmus,S Ravi,
980947,2016,Mumbai,28/04/16,Kolkata Knight Riders,Mumbai Indians,Mumbai Indians,field,normal,0,Mumbai Indians,wickets,6,RG Sharma,Wankhede Stadium,Nitin Menon,RJ Tucker,
980949,2016,Pune,29/04/16,Rising Pune Supergiants,Gujarat Lions,Gujarat Lions,field,normal,0,Gujarat Lions,wickets,3,DR Smith,Maharashtra Cricket Association Stadium,CB Gaffaney,BNJ Oxenford,
980951,2016,Delhi,30/04/16,Delhi Daredevils,Kolkata Knight Riders,Kolkata Knight Riders,field,normal,0,Delhi Daredevils,runs,27,CR Brathwaite,Feroz Shah Kotla,KN Ananthapadmanabhan,M Erasmus,
980953,2016,Hyderabad,30/04/16,Sunrisers Hyderabad,Royal Challengers Bangalore,Royal Challengers Bangalore,field,normal,0,Sunrisers Hyderabad,runs,15,DA Warner,Rajiv Gandhi International Stadium,AK Chaudhary,HDPK Dharmasena,
980955,2016,Rajkot,01/05/16,Kings XI Punjab,Gujarat Lions,Gujarat Lions,field,normal,0,Kings XI Punjab,runs,23,AR Patel,Saurashtra Cricket Association Stadium,BNJ Oxenford,VK Sharma,
980957,2016,Pune,01/05/16,Rising Pune Supergiants,Mumbai Indians,Mumbai Indians,field,normal,0,Mumbai Indians,wickets,8,RG Sharma,Maharashtra Cricket Association Stadium,AY Dandekar,RJ Tucker,
980959,2016,Bangalore,02/05/16,Royal Challengers Bangalore,Kolkata Knight Riders,Kolkata Knight Riders,field,normal,0,Kolkata Knight Riders,wickets,5,AD Russell,M Chinnaswamy Stadium,M Erasmus,S Ravi,
980961,2016,Rajkot,03/05/16,Gujarat Lions,Delhi Daredevils,Delhi Daredevils,field,normal,0,Delhi Daredevils,wickets,8,RR Pant,Saurashtra Cricket Association Stadium,CB Gaffaney,BNJ Oxenford,
980963,2016,Kolkata,04/05/16,Kolkata Knight Riders,Kings XI Punjab,Kings XI Punjab,field,normal,0,Kolkata Knight Riders,runs,7,AD Russell,Eden Gardens,AK Chaudhary,HDPK Dharmasena,
980965,2016,Delhi,05/05/16,Delhi Daredevils,Rising Pune Supergiants,Rising Pune Supergiants,field,normal,0,Rising Pune Supergiants,wickets,7,AM Rahane,Feroz Shah Kotla,C Shamshuddin,RJ Tucker,
980967,2016,Hyderabad,06/05/16,Gujarat Lions,Sunrisers Hyderabad,Sunrisers Hyderabad,field,normal,0,Sunrisers Hyderabad,wickets,5,B Kumar,Rajiv Gandhi International Stadium,M Erasmus,S Ravi,
980969,2016,Bangalore,07/05/16,Rising Pune Supergiants,Royal Challengers Bangalore,Royal Challengers Bangalore,field,normal,0,Royal Challengers Bangalore,wickets,7,V Kohli,M Chinnaswamy Stadium,CB Gaffaney,BNJ Oxenford,
980971,2016,Chandigarh,07/05/16,Kings XI Punjab,Delhi Daredevils,Delhi Daredevils,field,normal,0,Kings XI Punjab,runs,9,MP Stoinis,Punjab Cricket Association IS Bindra Stadium,HDPK Dharmasena,CK Nandan,
980973,2016,Visakhapatnam,08/05/16,Sunrisers Hyderabad,Mumbai Indians,Mumbai Indians,field,normal,0,Sunrisers Hyderabad,runs,85,A Nehra,Dr. Y.S. Rajasekhara Reddy ACA-VDCA Cricket Stadium,S Ravi,C Shamshuddin,
980975,2016,Kolkata,08/05/16,Kolkata Knight Riders,Gujarat Lions,Gujarat Lions,field,normal,0,Gujarat Lions,wickets,5,P Kumar,Eden Gardens,M Erasmus,RJ Tucker,
980977,2016,Chandigarh,09/05/16,Royal Challengers Bangalore,Kings XI Punjab,Kings XI Punjab,field,normal,0,Royal Challengers Bangalore,runs,1,SR Watson,Punjab Cricket Association IS Bindra Stadium,AK Chaudhary,HDPK Dharmasena,
980979,2016,Visakhapatnam,10/05/16,Sunrisers Hyderabad,Rising Pune Supergiants,Sunrisers Hyderabad,bat,normal,0,Sunrisers Hyderabad,runs,4,A Zampa,Dr. Y.S. Rajasekhara Reddy ACA-VDCA Cricket Stadium,CB Gaffaney,VK Sharma,
980981,2016,Bangalore,11/05/16,Royal Challengers Bangalore,Mumbai Indians,Mumbai Indians,field,normal,0,Mumbai Indians,wickets,6,KH Pandya,M Chinnaswamy Stadium,AY Dandekar,C Shamshuddin,
980983,2016,Hyderabad,12/05/16,Sunrisers Hyderabad,Delhi Daredevils,Delhi Daredevils,field,normal,0,Delhi Daredevils,wickets,7,CH Morris,Rajiv Gandhi International Stadium,K Bharatan,M Erasmus,
980985,2016,Visakhapatnam,13/05/16,Mumbai Indians,Kings XI Punjab,Mumbai Indians,bat,normal,0,Kings XI Punjab,wickets,7,MP Stoinis,Dr. Y.S. Rajasekhara Reddy ACA-VDCA Cricket Stadium,HDPK Dharmasena,CK Nandan,
980987,2016,Bangalore,14/05/16,Royal Challengers Bangalore,Gujarat Lions,Gujarat Lions,field,normal,0,Royal Challengers Bangalore,runs,144,AB de Villiers,M Chinnaswamy Stadium,AY Dandekar,VK Sharma,
980989,2016,Kolkata,14/05/16,Rising Pune Supergiants,Kolkata Knight Riders,Rising Pune Supergiants,bat,normal,1,Kolkata Knight Riders,wickets,8,YK Pathan,Eden Gardens,A Nand Kishore,BNJ Oxenford,
980991,2016,Chandigarh,15/05/16,Kings XI Punjab,Sunrisers Hyderabad,Kings XI Punjab,bat,normal,0,Sunrisers Hyderabad,wickets,7,HM Amla,Punjab Cricket Association IS Bindra Stadium,KN Ananthapadmanabhan,M Erasmus,
980993,2016,Visakhapatnam,15/05/16,Mumbai Indians,Delhi Daredevils,Delhi Daredevils,field,normal,0,Mumbai Indians,runs,80,KH Pandya,Dr. Y.S. Rajasekhara Reddy ACA-VDCA Cricket Stadium,Nitin Menon,CK Nandan,
980995,2016,Kolkata,16/05/16,Kolkata Knight Riders,Royal Challengers Bangalore,Royal Challengers Bangalore,field,normal,0,Royal Challengers Bangalore,wickets,9,V Kohli,Eden Gardens,CB Gaffaney,A Nand Kishore,
980997,2016,Visakhapatnam,17/05/16,Delhi Daredevils,Rising Pune Supergiants,Rising Pune Supergiants,field,normal,1,Rising Pune Supergiants,runs,19,AB Dinda,Dr. Y.S. Rajasekhara Reddy ACA-VDCA Cricket Stadium,Nitin Menon,C Shamshuddin,
980999,2016,Bangalore,18/05/16,Royal Challengers Bangalore,Kings XI Punjab,Kings XI Punjab,field,normal,1,Royal Challengers Bangalore,runs,82,V Kohli,M Chinnaswamy Stadium,KN Ananthapadmanabhan,M Erasmus,
981001,2016,Kanpur,19/05/16,Kolkata Knight Riders,Gujarat Lions,Gujarat Lions,field,normal,0,Gujarat Lions,wickets,6,DR Smith,Green Park,AK Chaudhary,CK Nandan,
981003,2016,Raipur,20/05/16,Sunrisers Hyderabad,Delhi Daredevils,Delhi Daredevils,field,normal,0,Delhi Daredevils,wickets,6,KK Nair,Shaheed Veer Narayan Singh International Stadium,A Nand Kishore,BNJ Oxenford,
981005,2016,Visakhapatnam,21/05/16,Kings XI Punjab,Rising Pune Supergiants,Kings XI Punjab,bat,normal,0,Rising Pune Supergiants,wickets,4,MS Dhoni,Dr. Y.S. Rajasekhara Reddy ACA-VDCA Cricket Stadium,HDPK Dharmasena,Nitin Menon,
981007,2016,Kanpur,21/05/16,Mumbai Indians,Gujarat Lions,Gujarat Lions,field,normal,0,Gujarat Lions,wickets,6,SK Raina,Green Park,AK Chaudhary,CK Nandan,
981009,2016,Kolkata,22/05/16,Kolkata Knight Riders,Sunrisers Hyderabad,Sunrisers Hyderabad,field,normal,0,Kolkata Knight Riders,runs,22,YK Pathan,Eden Gardens,KN Ananthapadmanabhan,M Erasmus,
981011,2016,Raipur,22/05/16,Delhi Daredevils,Royal Challengers Bangalore,Royal Challengers Bangalore,field,normal,0,Royal Challengers Bangalore,wickets,6,V Kohli,Shaheed Veer Narayan Singh International Stadium,A Nand Kishore,BNJ Oxenford,
981013,2016,Bangalore,24/05/16,Gujarat Lions,Royal Challengers Bangalore,Royal Challengers Bangalore,field,normal,0,Royal Challengers Bangalore,wickets,4,AB de Villiers,M Chinnaswamy Stadium,AK Chaudhary,HDPK Dharmasena,
981015,2016,Delhi,25/05/16,Sunrisers Hyderabad,Kolkata Knight Riders,Kolkata Knight Riders,field,normal,0,Sunrisers Hyderabad,runs,22,MC Henriques,Feroz Shah Kotla,M Erasmus,C Shamshuddin,
981017,2016,Delhi,27/05/16,Gujarat Lions,Sunrisers Hyderabad,Sunrisers Hyderabad,field,normal,0,Sunrisers Hyderabad,wickets,4,DA Warner,Feroz Shah Kotla,M Erasmus,CK Nandan,
981019,2016,Bangalore,29/05/16,Sunrisers Hyderabad,Royal Challengers Bangalore,Sunrisers Hyderabad,bat,normal,0,Sunrisers Hyderabad,runs,8,BCJ Cutting,M Chinnaswamy Stadium,HDPK Dharmasena,BNJ Oxenford,
1082591,2017,Hyderabad,05/04/17,Sunrisers Hyderabad,Royal Challengers Bangalore,Royal Challengers Bangalore,field,normal,0,Sunrisers Hyderabad,runs,35,Yuvraj Singh,Rajiv Gandhi International Stadium,AY Dandekar,NJ Llong,
1082592,2017,Pune,06/04/17,Mumbai Indians,Rising Pune Supergiant,Rising Pune Supergiant,field,normal,0,Rising Pune Supergiant,wickets,7,SPD Smith,Maharashtra Cricket Association Stadium,A Nand Kishore,S Ravi,
1082593,2017,Rajkot,07/04/17,Gujarat Lions,Kolkata Knight Riders,Kolkata Knight Riders,field,normal,0,Kolkata Knight Riders,wickets,10,CA Lynn,Saurashtra Cricket Association Stadium,Nitin Menon,CK Nandan,
1082594,2017,Indore,08/04/17,Rising Pune Supergiant,Kings XI Punjab,Kings XI Punjab,field,normal,0,Kings XI Punjab,wickets,6,GJ Maxwell,Holkar Cricket Stadium,AK Chaudhary,C Shamshuddin,
1082595,2017,Bengaluru,08/04/17,Royal Challengers Bangalore,Delhi Daredevils,Royal Challengers Bangalore,bat,normal,0,Royal Challengers Bangalore,runs,15,KM Jadhav,M Chinnaswamy Stadium,S Ravi,VK Sharma,
1082596,2017,Hyderabad,09/04/17,Gujarat Lions,Sunrisers Hyderabad,Sunrisers Hyderabad,field,normal,0,Sunrisers Hyderabad,wickets,9,Rashid Khan,Rajiv Gandhi International Stadium,A Deshmukh,NJ Llong,
1082597,2017,Mumbai,09/04/17,Kolkata Knight Riders,Mumbai Indians,Mumbai Indians,field,normal,0,Mumbai Indians,wickets,4,N Rana,Wankhede Stadium,Nitin Menon,CK Nandan,
1082598,2017,Indore,10/04/17,Royal Challengers Bangalore,Kings XI Punjab,Royal Challengers Bangalore,bat,normal,0,Kings XI Punjab,wickets,8,AR Patel,Holkar Cricket Stadium,AK Chaudhary,C Shamshuddin,
1082599,2017,Pune,11/04/17,Delhi Daredevils,Rising Pune Supergiant,Rising Pune Supergiant,field,normal,0,Delhi Daredevils,runs,97,SV Samson,Maharashtra Cricket Association Stadium,AY Dandekar,S Ravi,
1082600,2017,Mumbai,12/04/17,Sunrisers Hyderabad,Mumbai Indians,Mumbai Indians,field,normal,0,Mumbai Indians,wickets,4,JJ Bumrah,Wankhede Stadium,Nitin Menon,CK Nandan,
1082601,2017,Kolkata,13/04/17,Kings XI Punjab,Kolkata Knight Riders,Kolkata Knight Riders,field,normal,0,Kolkata Knight Riders,wickets,8,SP Narine,Eden Gardens,A Deshmukh,NJ Llong,
1082602,2017,Bangalore,14/04/17,Royal Challengers Bangalore,Mumbai Indians,Mumbai Indians,field,normal,0,Mumbai Indians,wickets,4,KA Pollard,M Chinnaswamy Stadium,KN Ananthapadmanabhan,AK Chaudhary,
1082603,2017,Rajkot,14/04/17,Rising Pune Supergiant,Gujarat Lions,Gujarat Lions,field,normal,0,Gujarat Lions,wickets,7,AJ Tye,Saurashtra Cricket Association Stadium,A Nand Kishore,S Ravi,
1082604,2017,Kolkata,15/04/17,Kolkata Knight Riders,Sunrisers Hyderabad,Sunrisers Hyderabad,field,normal,0,Kolkata Knight Riders,runs,17,RV Uthappa,Eden Gardens,AY Dandekar,NJ Llong,
1082605,2017,Delhi,15/04/17,Delhi Daredevils,Kings XI Punjab,Delhi Daredevils,bat,normal,0,Delhi Daredevils,runs,51,CJ Anderson,Feroz Shah Kotla,YC Barde,Nitin Menon,
1082606,2017,Mumbai,16/04/17,Gujarat Lions,Mumbai Indians,Mumbai Indians,field,normal,0,Mumbai Indians,wickets,6,N Rana,Wankhede Stadium,A Nand Kishore,S Ravi,
1082607,2017,Bangalore,16/04/17,Rising Pune Supergiant,Royal Challengers Bangalore,Royal Challengers Bangalore,field,normal,0,Rising Pune Supergiant,runs,27,BA Stokes,M Chinnaswamy Stadium,KN Ananthapadmanabhan,C Shamshuddin,
1082608,2017,Delhi,17/04/17,Delhi Daredevils,Kolkata Knight Riders,Delhi Daredevils,bat,normal,0,Kolkata Knight Riders,wickets,4,NM Coulter-Nile,Feroz Shah Kotla,Nitin Menon,CK Nandan,
1082609,2017,Hyderabad,17/04/17,Sunrisers Hyderabad,Kings XI Punjab,Kings XI Punjab,field,normal,0,Sunrisers Hyderabad,runs,5,B Kumar,Rajiv Gandhi International Stadium,AY Dandekar,A Deshmukh,
1082610,2017,Rajkot,18/04/17,Royal Challengers Bangalore,Gujarat Lions,Gujarat Lions,field,normal,0,Royal Challengers Bangalore,runs,21,CH Gayle,Saurashtra Cricket Association Stadium,S Ravi,VK Sharma,
1082611,2017,Hyderabad,19/04/17,Sunrisers Hyderabad,Delhi Daredevils,Sunrisers Hyderabad,bat,normal,0,Sunrisers Hyderabad,runs,15,KS Williamson,Rajiv Gandhi International Stadium,CB Gaffaney,NJ Llong,
1082612,2017,Indore,20/04/17,Kings XI Punjab,Mumbai Indians,Mumbai Indians,field,normal,0,Mumbai Indians,wickets,8,JC Buttler,Holkar Cricket Stadium,M Erasmus,C Shamshuddin,
1082613,2017,Kolkata,21/04/17,Kolkata Knight Riders,Gujarat Lions,Gujarat Lions,field,normal,0,Gujarat Lions,wickets,4,SK Raina,Eden Gardens,CB Gaffaney,Nitin Menon,
1082614,2017,Mumbai,22/04/17,Mumbai Indians,Delhi Daredevils,Delhi Daredevils,field,normal,0,Mumbai Indians,runs,14,MJ McClenaghan,Wankhede Stadium,A Nand Kishore,S Ravi,
1082615,2017,Pune,22/04/17,Sunrisers Hyderabad,Rising Pune Supergiant,Rising Pune Supergiant,field,normal,0,Rising Pune Supergiant,wickets,6,MS Dhoni,Maharashtra Cricket Association Stadium,AY Dandekar,A Deshmukh,
1082616,2017,Rajkot,23/04/17,Kings XI Punjab,Gujarat Lions,Gujarat Lions,field,normal,0,Kings XI Punjab,runs,26,HM Amla,Saurashtra Cricket Association Stadium,AK Chaudhary,M Erasmus,
1082617,2017,Kolkata,23/04/17,Kolkata Knight Riders,Royal Challengers Bangalore,Royal Challengers Bangalore,field,normal,0,Kolkata Knight Riders,runs,82,NM Coulter-Nile,Eden Gardens,CB Gaffaney,CK Nandan,
1082618,2017,Mumbai,24/04/17,Rising Pune Supergiant,Mumbai Indians,Mumbai Indians,field,normal,0,Rising Pune Supergiant,runs,3,BA Stokes,Wankhede Stadium,A Nand Kishore,S Ravi,
1082620,2017,Pune,26/04/17,Rising Pune Supergiant,Kolkata Knight Riders,Kolkata Knight Riders,field,normal,0,Kolkata Knight Riders,wickets,7,RV Uthappa,Maharashtra Cricket Association Stadium,AY Dandekar,NJ Llong,
1082621,2017,Bangalore,27/04/17,Royal Challengers Bangalore,Gujarat Lions,Gujarat Lions,field,normal,0,Gujarat Lions,wickets,7,AJ Tye,M Chinnaswamy Stadium,AK Chaudhary,C Shamshuddin,
1082622,2017,Kolkata,28/04/17,Delhi Daredevils,Kolkata Knight Riders,Kolkata Knight Riders,field,normal,0,Kolkata Knight Riders,wickets,7,G Gambhir,Eden Gardens,NJ Llong,S Ravi,
1082623,2017,Chandigarh,28/04/17,Sunrisers Hyderabad,Kings XI Punjab,Kings XI Punjab,field,normal,0,Sunrisers Hyderabad,runs,26,Rashid Khan,Punjab Cricket Association IS Bindra Stadium,Nitin Menon,CK Nandan,
1082624,2017,Pune,29/04/17,Rising Pune Supergiant,Royal Challengers Bangalore,Royal Challengers Bangalore,field,normal,0,Rising Pune Supergiant,runs,61,LH Ferguson,Maharashtra Cricket Association Stadium,KN Ananthapadmanabhan,M Erasmus,
1082625,2017,Rajkot,29/04/17,Gujarat Lions,Mumbai Indians,Gujarat Lions,bat,tie,0,Mumbai Indians,,0,KH Pandya,Saurashtra Cricket Association Stadium,AK Chaudhary,CB Gaffaney,
1082626,2017,Chandigarh,30/04/17,Delhi Daredevils,Kings XI Punjab,Kings XI Punjab,field,normal,0,Kings XI Punjab,wickets,10,Sandeep Sharma,Punjab Cricket Association IS Bindra Stadium,YC Barde,CK Nandan,
1082627,2017,Hyderabad,30/04/17,Sunrisers Hyderabad,Kolkata Knight Riders,Kolkata Knight Riders,field,normal,0,Sunrisers Hyderabad,runs,48,DA Warner,Rajiv Gandhi International Stadium,AY Dandekar,S Ravi,
1082628,2017,Mumbai,01/05/17,Royal Challengers Bangalore,Mumbai Indians,Royal Challengers Bangalore,bat,normal,0,Mumbai Indians,wickets,5,RG Sharma,Wankhede Stadium,AK Chaudhary,CB Gaffaney,
1082629,2017,Pune,01/05/17,Gujarat Lions,Rising Pune Supergiant,Rising Pune Supergiant,field,normal,0,Rising Pune Supergiant,wickets,5,BA Stokes,Maharashtra Cricket Association Stadium,M Erasmus,C Shamshuddin,
1082630,2017,Delhi,02/05/17,Sunrisers Hyderabad,Delhi Daredevils,Delhi Daredevils,field,normal,0,Delhi Daredevils,wickets,6,Mohammed Shami,Feroz Shah Kotla,YC Barde,Nitin Menon,
1082631,2017,Kolkata,03/05/17,Kolkata Knight Riders,Rising Pune Supergiant,Rising Pune Supergiant,field,normal,0,Rising Pune Supergiant,wickets,4,RA Tripathi,Eden Gardens,KN Ananthapadmanabhan,A Nand Kishore,
1082632,2017,Delhi,04/05/17,Gujarat Lions,Delhi Daredevils,Delhi Daredevils,field,normal,0,Delhi Daredevils,wickets,7,RR Pant,Feroz Shah Kotla,M Erasmus,Nitin Menon,
1082633,2017,Bangalore,05/05/17,Kings XI Punjab,Royal Challengers Bangalore,Royal Challengers Bangalore,field,normal,0,Kings XI Punjab,runs,19,Sandeep Sharma,M Chinnaswamy Stadium,CB Gaffaney,C Shamshuddin,
1082634,2017,Hyderabad,06/05/17,Rising Pune Supergiant,Sunrisers Hyderabad,Sunrisers Hyderabad,field,normal,0,Rising Pune Supergiant,runs,12,JD Unadkat,Rajiv Gandhi International Stadium,KN Ananthapadmanabhan,AK Chaudhary,
1082635,2017,Delhi,06/05/17,Mumbai Indians,Delhi Daredevils,Delhi Daredevils,field,normal,0,Mumbai Indians,runs,146,LMP Simmons,Feroz Shah Kotla,Nitin Menon,CK Nandan,
1082636,2017,Bangalore,07/05/17,Royal Challengers Bangalore,Kolkata Knight Riders,Kolkata Knight Riders,field,normal,0,Kolkata Knight Riders,wickets,6,SP Narine,M Chinnaswamy Stadium,AY Dandekar,C Shamshuddin,
1082637,2017,Chandigarh,07/05/17,Kings XI Punjab,Gujarat Lions,Gujarat Lions,field,normal,0,Gujarat Lions,wickets,6,DR Smith,Punjab Cricket Association IS Bindra Stadium,A Nand Kishore,VK Sharma,
1082638,2017,Hyderabad,08/05/17,Mumbai Indians,Sunrisers Hyderabad,Mumbai Indians,bat,normal,0,Sunrisers Hyderabad,wickets,7,S Dhawan,Rajiv Gandhi International Stadium,KN Ananthapadmanabhan,M Erasmus,
1082639,2017,Chandigarh,09/05/17,Kings XI Punjab,Kolkata Knight Riders,Kolkata Knight Riders,field,normal,0,Kings XI Punjab,runs,14,MM Sharma,Punjab Cricket Association IS Bindra Stadium,A Nand Kishore,S Ravi,
1082640,2017,Kanpur,10/05/17,Gujarat Lions,Delhi Daredevils,Delhi Daredevils,field,normal,0,Delhi Daredevils,wickets,2,SS Iyer,Green Park,YC Barde,AK Chaudhary,
1082641,2017,Mumbai,11/05/17,Kings XI Punjab,Mumbai Indians,Mumbai Indians,field,normal,0,Kings XI Punjab,runs,7,WP Saha,Wankhede Stadium,A Deshmukh,A Nand Kishore,
1082642,2017,Delhi,12/05/17,Delhi Daredevils,Rising Pune Supergiant,Delhi Daredevils,bat,normal,0,Delhi Daredevils,runs,7,KK Nair,Feroz Shah Kotla,KN Ananthapadmanabhan,CK Nandan,
1082643,2017,Kanpur,13/05/17,Gujarat Lions,Sunrisers Hyderabad,Sunrisers Hyderabad,field,normal,0,Sunrisers Hyderabad,wickets,8,Mohammed Siraj,Green Park,AK Chaudhary,Nitin Menon,
1082644,2017,Kolkata,13/05/17,Mumbai Indians,Kolkata Knight Riders,Kolkata Knight Riders,field,normal,0,Mumbai Indians,runs,9,AT Rayudu,Eden Gardens,A Nand Kishore,S Ravi,
1082645,2017,Pune,14/05/17,Kings XI Punjab,Rising Pune Supergiant,Rising Pune Supergiant,field,normal,0,Rising Pune Supergiant,wickets,9,JD Unadkat,Maharashtra Cricket Association Stadium,AY Dandekar,A Deshmukh,
1082646,2017,Delhi,14/05/17,Royal Challengers Bangalore,Delhi Daredevils,Royal Challengers Bangalore,bat,normal,0,Royal Challengers Bangalore,runs,10,HV Patel,Feroz Shah Kotla,CK Nandan,C Shamshuddin,
1082647,2017,Mumbai,16/05/17,Rising Pune Supergiant,Mumbai Indians,Mumbai Indians,field,normal,0,Rising Pune Supergiant,runs,20,Washington Sundar,Wankhede Stadium,S Ravi,C Shamshuddin,
1082648,2017,Bangalore,17/05/17,Sunrisers Hyderabad,Kolkata Knight Riders,Kolkata Knight Riders,field,normal,1,Kolkata Knight Riders,wickets,7,NM Coulter-Nile,M Chinnaswamy Stadium,AK Chaudhary,Nitin Menon,
1082649,2017,Bangalore,19/05/17,Kolkata Knight Riders,Mumbai Indians,Mumbai Indians,field,normal,0,Mumbai Indians,wickets,6,KV Sharma,M Chinnaswamy Stadium,NJ Llong,Nitin Menon,
1082650,2017,Hyderabad,21/05/17,Mumbai Indians,Rising Pune Supergiant,Mumbai Indians,bat,normal,0,Mumbai Indians,runs,1,KH Pandya,Rajiv Gandhi International Stadium,NJ Llong,S Ravi,
1136561,2018,Mumbai,07/04/18,Mumbai Indians,Chennai Super Kings,Chennai Super Kings,field,normal,0,Chennai Super Kings,wickets,1,DJ Bravo,Wankhede Stadium,CB Gaffaney,A Nand Kishore,
1136562,2018,Chandigarh,08/04/18,Delhi Daredevils,Kings XI Punjab,Kings XI Punjab,field,normal,0,Kings XI Punjab,wickets,6,KL Rahul,Punjab Cricket Association IS Bindra Stadium,KN Ananthapadmanabhan,RJ Tucker,
1136563,2018,Kolkata,08/04/18,Royal Challengers Bangalore,Kolkata Knight Riders,Kolkata Knight Riders,field,normal,0,Kolkata Knight Riders,wickets,4,SP Narine,Eden Gardens,A Deshmukh,C Shamshuddin,
1136564,2018,Hyderabad,09/04/18,Rajasthan Royals,Sunrisers Hyderabad,Sunrisers Hyderabad,field,normal,0,Sunrisers Hyderabad,wickets,9,S Dhawan,Rajiv Gandhi International Stadium,NJ Llong,VA Kulkarni,
1136565,2018,Chennai,10/04/18,Kolkata Knight Riders,Chennai Super Kings,Chennai Super Kings,field,normal,0,Chennai Super Kings,wickets,5,SW Billings,MA Chidambaram Stadium,AK Chaudhary,CB Gaffaney,
1136566,2018,Jaipur,11/04/18,Rajasthan Royals,Delhi Daredevils,Delhi Daredevils,field,normal,1,Rajasthan Royals,runs,10,SV Samson,Sawai Mansingh Stadium,KN Ananthapadmanabhan,Nitin Menon,
1136567,2018,Hyderabad,12/04/18,Mumbai Indians,Sunrisers Hyderabad,Sunrisers Hyderabad,field,normal,0,Sunrisers Hyderabad,wickets,1,Rashid Khan,Rajiv Gandhi International Stadium,CK Nandan,NJ Llong,
1136568,2018,Bengaluru,13/04/18,Kings XI Punjab,Royal Challengers Bangalore,Royal Challengers Bangalore,field,normal,0,Royal Challengers Bangalore,wickets,4,UT Yadav,M Chinnaswamy Stadium,A Deshmukh,S Ravi,
1136569,2018,Mumbai,14/04/18,Mumbai Indians,Delhi Daredevils,Delhi Daredevils,field,normal,0,Delhi Daredevils,wickets,7,JJ Roy,Wankhede Stadium,KN Ananthapadmanabhan,Nitin Menon,
1136570,2018,Kolkata,14/04/18,Kolkata Knight Riders,Sunrisers Hyderabad,Sunrisers Hyderabad,field,normal,0,Sunrisers Hyderabad,wickets,5,B Stanlake,Eden Gardens,AK Chaudhary,A Nand Kishore,
1136571,2018,Bengaluru,15/04/18,Rajasthan Royals,Royal Challengers Bangalore,Royal Challengers Bangalore,field,normal,0,Rajasthan Royals,runs,19,SV Samson,M Chinnaswamy Stadium,C Shamshuddin,S Ravi,
1136572,2018,Chandigarh,15/04/18,Kings XI Punjab,Chennai Super Kings,Chennai Super Kings,field,normal,0,Kings XI Punjab,runs,4,CH Gayle,Punjab Cricket Association IS Bindra Stadium,CK Nandan,VA Kulkarni,
1136573,2018,Kolkata,16/04/18,Kolkata Knight Riders,Delhi Daredevils,Delhi Daredevils,field,normal,0,Kolkata Knight Riders,runs,71,N Rana,Eden Gardens,AK Chaudhary,A Nand Kishore,
1136574,2018,Mumbai,17/04/18,Mumbai Indians,Royal Challengers Bangalore,Royal Challengers Bangalore,field,normal,0,Mumbai Indians,runs,46,RG Sharma,Wankhede Stadium,Nitin Menon,RJ Tucker,
1136575,2018,Jaipur,18/04/18,Rajasthan Royals,Kolkata Knight Riders,Kolkata Knight Riders,field,normal,0,Kolkata Knight Riders,wickets,7,N Rana,Sawai Mansingh Stadium,A Deshmukh,S Ravi,
1136576,2018,Chandigarh,19/04/18,Kings XI Punjab,Sunrisers Hyderabad,Kings XI Punjab,bat,normal,0,Kings XI Punjab,runs,15,CH Gayle,Punjab Cricket Association IS Bindra Stadium,AK Chaudhary,NJ Llong,
1136577,2018,Pune,20/04/18,Chennai Super Kings,Rajasthan Royals,Rajasthan Royals,field,normal,0,Chennai Super Kings,runs,64,SR Watson,Maharashtra Cricket Association Stadium,KN Ananthapadmanabhan,Nitin Menon,
1136578,2018,Kolkata,21/04/18,Kolkata Knight Riders,Kings XI Punjab,Kings XI Punjab,field,normal,1,Kings XI Punjab,wickets,9,KL Rahul,Eden Gardens,A Deshmukh,C Shamshuddin,
1136579,2018,Bengaluru,21/04/18,Delhi Daredevils,Royal Challengers Bangalore,Royal Challengers Bangalore,field,normal,0,Royal Challengers Bangalore,wickets,6,AB de Villiers,M Chinnaswamy Stadium,CB Gaffaney,CK Nandan,
1136580,2018,Hyderabad,22/04/18,Chennai Super Kings,Sunrisers Hyderabad,Sunrisers Hyderabad,field,normal,0,Chennai Super Kings,runs,4,AT Rayudu,Rajiv Gandhi International Stadium,AK Chaudhary,VA Kulkarni,
1136581,2018,Jaipur,22/04/18,Mumbai Indians,Rajasthan Royals,Mumbai Indians,bat,normal,0,Rajasthan Royals,wickets,3,JC Archer,Sawai Mansingh Stadium,KN Ananthapadmanabhan,RJ Tucker,
1136582,2018,Delhi,23/04/18,Kings XI Punjab,Delhi Daredevils,Delhi Daredevils,field,normal,0,Kings XI Punjab,runs,4,AS Rajpoot,Arun Jaitley Stadium,A Nand Kishore,CK Nandan,
1136583,2018,Mumbai,24/04/18,Sunrisers Hyderabad,Mumbai Indians,Mumbai Indians,field,normal,0,Sunrisers Hyderabad,runs,31,Rashid Khan,Wankhede Stadium,C Shamshuddin,S Ravi,
1136584,2018,Bengaluru,25/04/18,Royal Challengers Bangalore,Chennai Super Kings,Chennai Super Kings,field,normal,0,Chennai Super Kings,wickets,5,MS Dhoni,M Chinnaswamy Stadium,NJ Llong,VK Sharma,
1136585,2018,Hyderabad,26/04/18,Sunrisers Hyderabad,Kings XI Punjab,Kings XI Punjab,field,normal,0,Sunrisers Hyderabad,runs,13,AS Rajpoot,Rajiv Gandhi International Stadium,CK Nandan,YC Barde,
1136586,2018,Delhi,27/04/18,Delhi Daredevils,Kolkata Knight Riders,Kolkata Knight Riders,field,normal,0,Delhi Daredevils,runs,55,SS Iyer,Arun Jaitley Stadium,C Shamshuddin,S Ravi,
1136587,2018,Pune,28/04/18,Chennai Super Kings,Mumbai Indians,Mumbai Indians,field,normal,0,Mumbai Indians,wickets,8,RG Sharma,Maharashtra Cricket Association Stadium,CB Gaffaney,Nitin Menon,
1136588,2018,Jaipur,29/04/18,Sunrisers Hyderabad,Rajasthan Royals,Sunrisers Hyderabad,bat,normal,0,Sunrisers Hyderabad,runs,11,KS Williamson,Sawai Mansingh Stadium,BNJ Oxenford,A Nand Kishore,
1136589,2018,Bengaluru,29/04/18,Royal Challengers Bangalore,Kolkata Knight Riders,Kolkata Knight Riders,field,normal,0,Kolkata Knight Riders,wickets,6,CA Lynn,M Chinnaswamy Stadium,AK Chaudhary,NJ Llong,
1136590,2018,Pune,30/04/18,Chennai Super Kings,Delhi Daredevils,Delhi Daredevils,field,normal,0,Chennai Super Kings,runs,13,SR Watson,Maharashtra Cricket Association Stadium,AY Dandekar,C Shamshuddin,
1136591,2018,Bengaluru,01/05/18,Royal Challengers Bangalore,Mumbai Indians,Mumbai Indians,field,normal,0,Royal Challengers Bangalore,runs,14,TG Southee,M Chinnaswamy Stadium,M Erasmus,Nitin Menon,
1136592,2018,Delhi,02/05/18,Delhi Daredevils,Rajasthan Royals,Rajasthan Royals,field,normal,1,Delhi Daredevils,runs,4,RR Pant,Arun Jaitley Stadium,CK Nandan,VK Sharma,
1136593,2018,Kolkata,03/05/18,Chennai Super Kings,Kolkata Knight Riders,Kolkata Knight Riders,field,normal,0,Kolkata Knight Riders,wickets,6,SP Narine,Eden Gardens,A Deshmukh,HDPK Dharmasena,
1136594,2018,Indore,04/05/18,Kings XI Punjab,Mumbai Indians,Mumbai Indians,field,normal,0,Mumbai Indians,wickets,6,SA Yadav,Holkar Cricket Stadium,AY Dandekar,S Ravi,
1136595,2018,Pune,05/05/18,Royal Challengers Bangalore,Chennai Super Kings,Chennai Super Kings,field,normal,0,Chennai Super Kings,wickets,6,RA Jadeja,Maharashtra Cricket Association Stadium,Nitin Menon,YC Barde,
1136596,2018,Hyderabad,05/05/18,Delhi Daredevils,Sunrisers Hyderabad,Delhi Daredevils,bat,normal,0,Sunrisers Hyderabad,wickets,7,Rashid Khan,Rajiv Gandhi International Stadium,BNJ Oxenford,CK Nandan,
1136597,2018,Mumbai,06/05/18,Mumbai Indians,Kolkata Knight Riders,Kolkata Knight Riders,field,normal,0,Mumbai Indians,runs,13,HH Pandya,Wankhede Stadium,A Deshmukh,HDPK Dharmasena,
1136598,2018,Indore,06/05/18,Rajasthan Royals,Kings XI Punjab,Kings XI Punjab,field,normal,0,Kings XI Punjab,wickets,6,Mujeeb Ur Rahman,Holkar Cricket Stadium,C Shamshuddin,S Ravi,
1136599,2018,Hyderabad,07/05/18,Sunrisers Hyderabad,Royal Challengers Bangalore,Royal Challengers Bangalore,field,normal,0,Sunrisers Hyderabad,runs,5,KS Williamson,Rajiv Gandhi International Stadium,BNJ Oxenford,VK Sharma,
1136600,2018,Jaipur,08/05/18,Rajasthan Royals,Kings XI Punjab,Rajasthan Royals,bat,normal,0,Rajasthan Royals,runs,15,JC Buttler,Sawai Mansingh Stadium,M Erasmus,Nitin Menon,
1136601,2018,Kolkata,09/05/18,Mumbai Indians,Kolkata Knight Riders,Kolkata Knight Riders,field,normal,0,Mumbai Indians,runs,102,Ishan Kishan,Eden Gardens,KN Ananthapadmanabhan,AK Chaudhary,
1136602,2018,Delhi,10/05/18,Delhi Daredevils,Sunrisers Hyderabad,Delhi Daredevils,bat,normal,0,Sunrisers Hyderabad,wickets,9,S Dhawan,Arun Jaitley Stadium,AY Dandekar,C Shamshuddin,
1136603,2018,Jaipur,11/05/18,Chennai Super Kings,Rajasthan Royals,Chennai Super Kings,bat,normal,0,Rajasthan Royals,wickets,4,JC Buttler,Sawai Mansingh Stadium,M Erasmus,YC Barde,
1136604,2018,Indore,12/05/18,Kolkata Knight Riders,Kings XI Punjab,Kings XI Punjab,field,normal,0,Kolkata Knight Riders,runs,31,SP Narine,Holkar Cricket Stadium,CK Nandan,VK Sharma,
1136605,2018,Delhi,12/05/18,Delhi Daredevils,Royal Challengers Bangalore,Royal Challengers Bangalore,field,normal,0,Royal Challengers Bangalore,wickets,5,AB de Villiers,Arun Jaitley Stadium,KN Ananthapadmanabhan,HDPK Dharmasena,
1136606,2018,Pune,13/05/18,Sunrisers Hyderabad,Chennai Super Kings,Chennai Super Kings,field,normal,0,Chennai Super Kings,wickets,8,AT Rayudu,Maharashtra Cricket Association Stadium,M Erasmus,YC Barde,
1136607,2018,Mumbai,13/05/18,Mumbai Indians,Rajasthan Royals,Rajasthan Royals,field,normal,0,Rajasthan Royals,wickets,7,JC Buttler,Wankhede Stadium,Nitin Menon,S Ravi,
1136608,2018,Indore,14/05/18,Kings XI Punjab,Royal Challengers Bangalore,Royal Challengers Bangalore,field,normal,0,Royal Challengers Bangalore,wickets,10,UT Yadav,Holkar Cricket Stadium,BNJ Oxenford,VK Sharma,
1136609,2018,Kolkata,15/05/18,Rajasthan Royals,Kolkata Knight Riders,Kolkata Knight Riders,field,normal,0,Kolkata Knight Riders,wickets,6,Kuldeep Yadav,Eden Gardens,AK Chaudhary,HDPK Dharmasena,
1136610,2018,Mumbai,16/05/18,Mumbai Indians,Kings XI Punjab,Kings XI Punjab,field,normal,0,Mumbai Indians,runs,3,JJ Bumrah,Wankhede Stadium,M Erasmus,Nitin Menon,
1136611,2018,Bengaluru,17/05/18,Royal Challengers Bangalore,Sunrisers Hyderabad,Sunrisers Hyderabad,field,normal,0,Royal Challengers Bangalore,runs,14,AB de Villiers,M Chinnaswamy Stadium,AY Dandekar,S Ravi,
1136612,2018,Delhi,18/05/18,Delhi Daredevils,Chennai Super Kings,Chennai Super Kings,field,normal,0,Delhi Daredevils,runs,34,HV Patel,Arun Jaitley Stadium,HDPK Dharmasena,VA Kulkarni,
1136613,2018,Jaipur,19/05/18,Rajasthan Royals,Royal Challengers Bangalore,Rajasthan Royals,bat,normal,0,Rajasthan Royals,runs,30,S Gopal,Sawai Mansingh Stadium,BNJ Oxenford,VK Sharma,
1136614,2018,Hyderabad,19/05/18,Sunrisers Hyderabad,Kolkata Knight Riders,Sunrisers Hyderabad,bat,normal,0,Kolkata Knight Riders,wickets,5,CA Lynn,Rajiv Gandhi International Stadium,AK Chaudhary,S Ravi,
1136615,2018,Delhi,20/05/18,Delhi Daredevils,Mumbai Indians,Delhi Daredevils,bat,normal,0,Delhi Daredevils,runs,11,A Mishra,Arun Jaitley Stadium,HDPK Dharmasena,CK Nandan,
1136616,2018,Pune,20/05/18,Kings XI Punjab,Chennai Super Kings,Chennai Super Kings,field,normal,0,Chennai Super Kings,wickets,5,L Ngidi,Maharashtra Cricket Association Stadium,Nitin Menon,YC Barde,
1136617,2018,Mumbai,22/05/18,Sunrisers Hyderabad,Chennai Super Kings,Chennai Super Kings,field,normal,0,Chennai Super Kings,wickets,2,F du Plessis,Wankhede Stadium,C Shamshuddin,M Erasmus,
1136618,2018,Kolkata,23/05/18,Kolkata Knight Riders,Rajasthan Royals,Rajasthan Royals,field,normal,0,Kolkata Knight Riders,runs,25,AD Russell,Eden Gardens,AK Chaudhary,Nitin Menon,
1136619,2018,Kolkata,25/05/18,Sunrisers Hyderabad,Kolkata Knight Riders,Kolkata Knight Riders,field,normal,0,Sunrisers Hyderabad,runs,14,Rashid Khan,Eden Gardens,HDPK Dharmasena,Nitin Menon,
1136620,2018,Mumbai,27/05/18,Sunrisers Hyderabad,Chennai Super Kings,Chennai Super Kings,field,normal,0,Chennai Super Kings,wickets,8,SR Watson,Wankhede Stadium,M Erasmus,S Ravi,
1175356,2019,Chennai,23/03/19,Royal Challengers Bangalore,Chennai Super Kings,Chennai Super Kings,field,normal,0,Chennai Super Kings,wickets,7,Harbhajan Singh,MA Chidambaram Stadium,AY Dandekar,BNJ Oxenford,
1175357,2019,Kolkata,24/03/19,Sunrisers Hyderabad,Kolkata Knight Riders,Kolkata Knight Riders,field,normal,0,Kolkata Knight Riders,wickets,6,AD Russell,Eden Gardens,AK Chaudhary,CB Gaffaney,
1175358,2019,Mumbai,24/03/19,Delhi Capitals,Mumbai Indians,Mumbai Indians,field,normal,0,Delhi Capitals,runs,37,RR Pant,Wankhede Stadium,S Ravi,YC Barde,
1175359,2019,Jaipur,25/03/19,Kings XI Punjab,Rajasthan Royals,Rajasthan Royals,field,normal,0,Kings XI Punjab,runs,14,CH Gayle,Sawai Mansingh Stadium,C Shamshuddin,KN Ananthapadmanabhan,
1175360,2019,Delhi,26/03/19,Delhi Capitals,Chennai Super Kings,Delhi Capitals,bat,normal,0,Chennai Super Kings,wickets,6,SR Watson,Arun Jaitley Stadium,M Erasmus,Nitin Menon,
1175361,2019,Kolkata,27/03/19,Kolkata Knight Riders,Kings XI Punjab,Kings XI Punjab,field,normal,0,Kolkata Knight Riders,runs,28,AD Russell,Eden Gardens,AK Chaudhary,VA Kulkarni,
1175362,2019,Bengaluru,28/03/19,Mumbai Indians,Royal Challengers Bangalore,Royal Challengers Bangalore,field,normal,0,Mumbai Indians,runs,6,JJ Bumrah,M Chinnaswamy Stadium,CK Nandan,S Ravi,
1175363,2019,Hyderabad,29/03/19,Rajasthan Royals,Sunrisers Hyderabad,Rajasthan Royals,bat,normal,0,Sunrisers Hyderabad,wickets,5,Rashid Khan,Rajiv Gandhi International Stadium,BNJ Oxenford,C Shamshuddin,
1175364,2019,Chandigarh,30/03/19,Mumbai Indians,Kings XI Punjab,Kings XI Punjab,field,normal,0,Kings XI Punjab,wickets,8,MA Agarwal,Punjab Cricket Association IS Bindra Stadium,CB Gaffaney,VA Kulkarni,
1175365,2019,Delhi,30/03/19,Kolkata Knight Riders,Delhi Capitals,Delhi Capitals,field,tie,0,Delhi Capitals,,0,PP Shaw,Arun Jaitley Stadium,AY Dandekar,Nitin Menon,
1175366,2019,Hyderabad,31/03/19,Sunrisers Hyderabad,Royal Challengers Bangalore,Royal Challengers Bangalore,field,normal,0,Sunrisers Hyderabad,runs,118,JM Bairstow,Rajiv Gandhi International Stadium,KN Ananthapadmanabhan,S Ravi,
1175367,2019,Chennai,31/03/19,Chennai Super Kings,Rajasthan Royals,Rajasthan Royals,field,normal,0,Chennai Super Kings,runs,8,MS Dhoni,MA Chidambaram Stadium,CK Nandan,YC Barde,
1175368,2019,Chandigarh,01/04/19,Kings XI Punjab,Delhi Capitals,Delhi Capitals,field,normal,0,Kings XI Punjab,runs,14,SM Curran,Punjab Cricket Association IS Bindra Stadium,AK Chaudhary,CB Gaffaney,
1175369,2019,Jaipur,02/04/19,Royal Challengers Bangalore,Rajasthan Royals,Rajasthan Royals,field,normal,0,Rajasthan Royals,wickets,7,S Gopal,Sawai Mansingh Stadium,AY Dandekar,M Erasmus,
1175370,2019,Mumbai,03/04/19,Mumbai Indians,Chennai Super Kings,Chennai Super Kings,field,normal,0,Mumbai Indians,runs,37,HH Pandya,Wankhede Stadium,BNJ Oxenford,RJ Tucker,
1175371,2019,Delhi,04/04/19,Delhi Capitals,Sunrisers Hyderabad,Sunrisers Hyderabad,field,normal,0,Sunrisers Hyderabad,wickets,5,JM Bairstow,Arun Jaitley Stadium,C Shamshuddin,KN Ananthapadmanabhan,
1175372,2019,Bengaluru,05/04/19,Royal Challengers Bangalore,Kolkata Knight Riders,Kolkata Knight Riders,field,normal,0,Kolkata Knight Riders,wickets,5,AD Russell,M Chinnaswamy Stadium,AK Chaudhary,CB Gaffaney,
1178393,2019,Chennai,06/04/19,Chennai Super Kings,Kings XI Punjab,Chennai Super Kings,bat,normal,0,Chennai Super Kings,runs,22,Harbhajan Singh,MA Chidambaram Stadium,KN Ananthapadmanabhan,RJ Tucker,
1178394,2019,Hyderabad,06/04/19,Mumbai Indians,Sunrisers Hyderabad,Sunrisers Hyderabad,field,normal,0,Mumbai Indians,runs,40,AS Joseph,Rajiv Gandhi International Stadium,AY Dandekar,Nitin Menon,
1178395,2019,Bengaluru,07/04/19,Royal Challengers Bangalore,Delhi Capitals,Delhi Capitals,field,normal,0,Delhi Capitals,wickets,4,K Rabada,M Chinnaswamy Stadium,S Ravi,YC Barde,
1178396,2019,Jaipur,07/04/19,Rajasthan Royals,Kolkata Knight Riders,Kolkata Knight Riders,field,normal,0,Kolkata Knight Riders,wickets,8,HF Gurney,Sawai Mansingh Stadium,AK Chaudhary,CB Gaffaney,
1178397,2019,Chandigarh,08/04/19,Sunrisers Hyderabad,Kings XI Punjab,Kings XI Punjab,field,normal,0,Kings XI Punjab,wickets,6,KL Rahul,Punjab Cricket Association IS Bindra Stadium,AY Dandekar,M Erasmus,
1178398,2019,Chennai,09/04/19,Kolkata Knight Riders,Chennai Super Kings,Chennai Super Kings,field,normal,0,Chennai Super Kings,wickets,7,DL Chahar,MA Chidambaram Stadium,C Shamshuddin,RJ Tucker,
1178399,2019,Mumbai,10/04/19,Kings XI Punjab,Mumbai Indians,Mumbai Indians,field,normal,0,Mumbai Indians,wickets,3,KA Pollard,Wankhede Stadium,S Ravi,YC Barde,
1178400,2019,Jaipur,11/04/19,Rajasthan Royals,Chennai Super Kings,Chennai Super Kings,field,normal,0,Chennai Super Kings,wickets,4,MS Dhoni,Sawai Mansingh Stadium,BNJ Oxenford,UV Gandhe,
1178401,2019,Kolkata,12/04/19,Kolkata Knight Riders,Delhi Capitals,Delhi Capitals,field,normal,0,Delhi Capitals,wickets,7,S Dhawan,Eden Gardens,CK Nandan,YC Barde,
1178402,2019,Mumbai,13/04/19,Mumbai Indians,Rajasthan Royals,Rajasthan Royals,field,normal,0,Rajasthan Royals,wickets,4,JC Buttler,Wankhede Stadium,A Nand Kishore,Nitin Menon,
1178403,2019,Chandigarh,13/04/19,Kings XI Punjab,Royal Challengers Bangalore,Royal Challengers Bangalore,field,normal,0,Royal Challengers Bangalore,wickets,8,AB de Villiers,Punjab Cricket Association IS Bindra Stadium,S Ravi,UV Gandhe,
1178404,2019,Kolkata,14/04/19,Kolkata Knight Riders,Chennai Super Kings,Chennai Super Kings,field,normal,0,Chennai Super Kings,wickets,5,Imran Tahir,Eden Gardens,CK Nandan,RJ Tucker,
1178405,2019,Hyderabad,14/04/19,Delhi Capitals,Sunrisers Hyderabad,Sunrisers Hyderabad,field,normal,0,Delhi Capitals,runs,39,KMA Paul,Rajiv Gandhi International Stadium,AK Chaudhary,BNJ Oxenford,
1178406,2019,Mumbai,15/04/19,Royal Challengers Bangalore,Mumbai Indians,Mumbai Indians,field,normal,0,Mumbai Indians,wickets,5,SL Malinga,Wankhede Stadium,M Erasmus,Nitin Menon,
1178407,2019,Chandigarh,16/04/19,Kings XI Punjab,Rajasthan Royals,Rajasthan Royals,field,normal,0,Kings XI Punjab,runs,12,R Ashwin,Punjab Cricket Association IS Bindra Stadium,AK Chaudhary,VA Kulkarni,
1178408,2019,Hyderabad,17/04/19,Chennai Super Kings,Sunrisers Hyderabad,Chennai Super Kings,bat,normal,0,Sunrisers Hyderabad,wickets,6,DA Warner,Rajiv Gandhi International Stadium,IJ Gould,UV Gandhe,
1178409,2019,Delhi,18/04/19,Mumbai Indians,Delhi Capitals,Mumbai Indians,bat,normal,0,Mumbai Indians,runs,40,HH Pandya,Arun Jaitley Stadium,BNJ Oxenford,NJ Llong,
1178410,2019,Kolkata,19/04/19,Royal Challengers Bangalore,Kolkata Knight Riders,Kolkata Knight Riders,field,normal,0,Royal Challengers Bangalore,runs,10,V Kohli,Eden Gardens,IJ Gould,Nitin Menon,
1178411,2019,Jaipur,20/04/19,Mumbai Indians,Rajasthan Royals,Rajasthan Royals,field,normal,0,Rajasthan Royals,wickets,5,SPD Smith,Sawai Mansingh Stadium,S Ravi,YC Barde,
1178412,2019,Delhi,20/04/19,Kings XI Punjab,Delhi Capitals,Delhi Capitals,field,normal,0,Delhi Capitals,wickets,5,SS Iyer,Arun Jaitley Stadium,C Shamshuddin,UV Gandhe,
1178413,2019,Hyderabad,21/04/19,Kolkata Knight Riders,Sunrisers Hyderabad,Sunrisers Hyderabad,field,normal,0,Sunrisers Hyderabad,wickets,9,KK Ahmed,Rajiv Gandhi International Stadium,NJ Llong,Nitin Menon,
1178414,2019,Bengaluru,21/04/19,Royal Challengers Bangalore,Chennai Super Kings,Chennai Super Kings,field,normal,0,Royal Challengers Bangalore,runs,1,PA Patel,M Chinnaswamy Stadium,RJ Tucker,VA Kulkarni,
1178415,2019,Jaipur,22/04/19,Rajasthan Royals,Delhi Capitals,Delhi Capitals,field,normal,0,Delhi Capitals,wickets,6,RR Pant,Sawai Mansingh Stadium,A Nand Kishore,S Ravi,
1178416,2019,Chennai,23/04/19,Sunrisers Hyderabad,Chennai Super Kings,Chennai Super Kings,field,normal,0,Chennai Super Kings,wickets,6,SR Watson,MA Chidambaram Stadium,AK Chaudhary,NJ Llong,
1178417,2019,Bengaluru,24/04/19,Royal Challengers Bangalore,Kings XI Punjab,Kings XI Punjab,field,normal,0,Royal Challengers Bangalore,runs,17,AB de Villiers,M Chinnaswamy Stadium,BNJ Oxenford,C Shamshuddin,
1178418,2019,Kolkata,25/04/19,Kolkata Knight Riders,Rajasthan Royals,Rajasthan Royals,field,normal,0,Rajasthan Royals,wickets,3,VR Aaron,Eden Gardens,AY Dandekar,IJ Gould,
1178419,2019,Chennai,26/04/19,Mumbai Indians,Chennai Super Kings,Chennai Super Kings,field,normal,0,Mumbai Indians,runs,46,RG Sharma,MA Chidambaram Stadium,AK Chaudhary,NJ Llong,
1178420,2019,Jaipur,27/04/19,Sunrisers Hyderabad,Rajasthan Royals,Rajasthan Royals,field,normal,0,Rajasthan Royals,wickets,7,JD Unadkat,Sawai Mansingh Stadium,A Nand Kishore,YC Barde,
1178421,2019,Delhi,28/04/19,Delhi Capitals,Royal Challengers Bangalore,Delhi Capitals,bat,normal,0,Delhi Capitals,runs,16,S Dhawan,Arun Jaitley Stadium,BNJ Oxenford,KN Ananthapadmanabhan,
1178422,2019,Kolkata,28/04/19,Kolkata Knight Riders,Mumbai Indians,Mumbai Indians,field,normal,0,Kolkata Knight Riders,runs,34,AD Russell,Eden Gardens,IJ Gould,Nitin Menon,
1178423,2019,Hyderabad,29/04/19,Sunrisers Hyderabad,Kings XI Punjab,Kings XI Punjab,field,normal,0,Sunrisers Hyderabad,runs,45,DA Warner,Rajiv Gandhi International Stadium,CK Nandan,S Ravi,
1178424,2019,Bengaluru,30/04/19,Royal Challengers Bangalore,Rajasthan Royals,Rajasthan Royals,field,no result,0,,,0,,M Chinnaswamy Stadium,NJ Llong,UV Gandhe,
1178425,2019,Chennai,01/05/19,Chennai Super Kings,Delhi Capitals,Delhi Capitals,field,normal,0,Chennai Super Kings,runs,80,MS Dhoni,MA Chidambaram Stadium,AY Dandekar,Nitin Menon,
1178426,2019,Mumbai,02/05/19,Mumbai Indians,Sunrisers Hyderabad,Mumbai Indians,bat,tie,0,Mumbai Indians,,0,JJ Bumrah,Wankhede Stadium,CK Nandan,S Ravi,
1178427,2019,Chandigarh,03/05/19,Kings XI Punjab,Kolkata Knight Riders,Kolkata Knight Riders,field,normal,0,Kolkata Knight Riders,wickets,7,Shubman Gill,Punjab Cricket Association IS Bindra Stadium,BNJ Oxenford,C Shamshuddin,
1178428,2019,Delhi,04/05/19,Rajasthan Royals,Delhi Capitals,Rajasthan Royals,bat,normal,0,Delhi Capitals,wickets,5,A Mishra,Arun Jaitley Stadium,AY Dandekar,IJ Gould,
1178429,2019,Bengaluru,04/05/19,Sunrisers Hyderabad,Royal Challengers Bangalore,Royal Challengers Bangalore,field,normal,0,Royal Challengers Bangalore,wickets,4,SO Hetmyer,M Chinnaswamy Stadium,AK Chaudhary,NJ Llong,
1178430,2019,Chandigarh,05/05/19,Chennai Super Kings,Kings XI Punjab,Kings XI Punjab,field,normal,0,Kings XI Punjab,wickets,6,KL Rahul,Punjab Cricket Association IS Bindra Stadium,C Shamshuddin,KN Ananthapadmanabhan,
1178431,2019,Mumbai,05/05/19,Kolkata Knight Riders,Mumbai Indians,Mumbai Indians,field,normal,0,Mumbai Indians,wickets,9,HH Pandya,Wankhede Stadium,A Nand Kishore,CK Nandan,
1181764,2019,Chennai,07/05/19,Chennai Super Kings,Mumbai Indians,Chennai Super Kings,bat,normal,0,Mumbai Indians,wickets,6,SA Yadav,MA Chidambaram Stadium,NJ Llong,Nitin Menon,
1181766,2019,Visakhapatnam,08/05/19,Sunrisers Hyderabad,Delhi Capitals,Delhi Capitals,field,normal,0,Delhi Capitals,wickets,2,RR Pant,Dr. Y.S. Rajasekhara Reddy ACA-VDCA Cricket Stadium,BNJ Oxenford,S Ravi,
1181767,2019,Visakhapatnam,10/05/19,Delhi Capitals,Chennai Super Kings,Chennai Super Kings,field,normal,0,Chennai Super Kings,wickets,6,F du Plessis,Dr. Y.S. Rajasekhara Reddy ACA-VDCA Cricket Stadium,BNJ Oxenford,S Ravi,
1181768,2019,Hyderabad,12/05/19,Mumbai Indians,Chennai Super Kings,Mumbai Indians,bat,normal,0,Mumbai Indians,runs,1,JJ Bumrah,Rajiv Gandhi International Stadium,IJ Gould,Nitin Menon,
1216492,2020,Abu Dhabi,19/09/20,Mumbai Indians,Chennai Super Kings,Chennai Super Kings,field,normal,0,Chennai Super Kings,wickets,5,AT Rayudu,Sheikh Zayed Stadium,CB Gaffaney,VK Sharma,
1216493,2020,Dubai,20/09/20,Delhi Capitals,Kings XI Punjab,Kings XI Punjab,field,tie,0,Delhi Capitals,,0,MP Stoinis,Dubai International Cricket Stadium,AK Chaudhary,Nitin Menon,
1216494,2020,Abu Dhabi,21/10/20,Kolkata Knight Riders,Royal Challengers Bangalore,Kolkata Knight Riders,bat,normal,0,Royal Challengers Bangalore,wickets,8,Mohammed Siraj,Sheikh Zayed Stadium,VK Sharma,S Ravi,
1216495,2020,Sharjah,03/11/20,Mumbai Indians,Sunrisers Hyderabad,Sunrisers Hyderabad,field,normal,0,Sunrisers Hyderabad,wickets,10,S Nadeem,Sharjah Cricket Stadium,C Shamshuddin,RK Illingworth,
1216496,2020,Sharjah,22/09/20,Rajasthan Royals,Chennai Super Kings,Chennai Super Kings,field,normal,0,Rajasthan Royals,runs,16,SV Samson,Sharjah Cricket Stadium,C Shamshuddin,VA Kulkarni,
1216497,2020,Abu Dhabi,24/10/20,Kolkata Knight Riders,Delhi Capitals,Delhi Capitals,field,normal,0,Kolkata Knight Riders,runs,59,CV Varun,Sheikh Zayed Stadium,CB Gaffaney,PG Pathak,
1216498,2020,Dubai,24/10/20,Kings XI Punjab,Sunrisers Hyderabad,Sunrisers Hyderabad,field,normal,0,Kings XI Punjab,runs,12,CJ Jordan,Dubai International Cricket Stadium,AY Dandekar,PR Reiffel,
1216499,2020,Abu Dhabi,28/10/20,Royal Challengers Bangalore,Mumbai Indians,Mumbai Indians,field,normal,0,Mumbai Indians,wickets,5,SA Yadav,Sheikh Zayed Stadium,UV Gandhe,CB Gaffaney,
1216500,2020,Sharjah,09/10/20,Delhi Capitals,Rajasthan Royals,Rajasthan Royals,field,normal,0,Delhi Capitals,runs,46,R Ashwin,Sharjah Cricket Stadium,KN Ananthapadmanabhan,C Shamshuddin,
1216501,2020,Abu Dhabi,07/10/20,Kolkata Knight Riders,Chennai Super Kings,Kolkata Knight Riders,bat,normal,0,Kolkata Knight Riders,runs,10,RA Tripathi,Sheikh Zayed Stadium,KN Ananthapadmanabhan,RK Illingworth,
1216502,2020,Sharjah,31/10/20,Royal Challengers Bangalore,Sunrisers Hyderabad,Sunrisers Hyderabad,field,normal,0,Sunrisers Hyderabad,wickets,5,Sandeep Sharma,Sharjah Cricket Stadium,KN Ananthapadmanabhan,K Srinivasan,
1216503,2020,Abu Dhabi,01/10/20,Mumbai Indians,Kings XI Punjab,Kings XI Punjab,field,normal,0,Mumbai Indians,runs,48,KA Pollard,Sheikh Zayed Stadium,VK Sharma,S Ravi,
1216504,2020,Dubai,30/09/20,Kolkata Knight Riders,Rajasthan Royals,Rajasthan Royals,field,normal,0,Kolkata Knight Riders,runs,37,Shivam Mavi,Dubai International Cricket Stadium,KN Ananthapadmanabhan,C Shamshuddin,
1216505,2020,Abu Dhabi,02/11/20,Royal Challengers Bangalore,Delhi Capitals,Delhi Capitals,field,normal,0,Delhi Capitals,wickets,6,A Nortje,Sheikh Zayed Stadium,CB Gaffaney,S Ravi,
1216506,2020,Abu Dhabi,01/11/20,Kings XI Punjab,Chennai Super Kings,Chennai Super Kings,field,normal,0,Chennai Super Kings,wickets,9,RD Gaikwad,Sheikh Zayed Stadium,PG Pathak,VK Sharma,
1216507,2020,Dubai,11/10/20,Sunrisers Hyderabad,Rajasthan Royals,Sunrisers Hyderabad,bat,normal,0,Rajasthan Royals,wickets,5,R Tewatia,Dubai International Cricket Stadium,YC Barde,PR Reiffel,
1216508,2020,Abu Dhabi,23/09/20,Mumbai Indians,Kolkata Knight Riders,Kolkata Knight Riders,field,normal,0,Mumbai Indians,runs,49,RG Sharma,Sheikh Zayed Stadium,CB Gaffaney,S Ravi,
1216509,2020,Sharjah,17/10/20,Chennai Super Kings,Delhi Capitals,Chennai Super Kings,bat,normal,0,Delhi Capitals,wickets,5,S Dhawan,Sharjah Cricket Stadium,KN Ananthapadmanabhan,RK Illingworth,
1216510,2020,Dubai,24/09/20,Kings XI Punjab,Royal Challengers Bangalore,Royal Challengers Bangalore,field,normal,0,Kings XI Punjab,runs,97,KL Rahul,Dubai International Cricket Stadium,AK Chaudhary,PR Reiffel,
1216511,2020,Abu Dhabi,06/10/20,Mumbai Indians,Rajasthan Royals,Mumbai Indians,bat,normal,0,Mumbai Indians,runs,57,SA Yadav,Sheikh Zayed Stadium,VK Sharma,S Ravi,
1216512,2020,Abu Dhabi,18/10/20,Kolkata Knight Riders,Sunrisers Hyderabad,Sunrisers Hyderabad,field,tie,0,Kolkata Knight Riders,,0,LH Ferguson,Sheikh Zayed Stadium,PG Pathak,S Ravi,
1216513,2020,Dubai,04/10/20,Kings XI Punjab,Chennai Super Kings,Kings XI Punjab,bat,normal,0,Chennai Super Kings,wickets,10,SR Watson,Dubai International Cricket Stadium,AY Dandekar,Nitin Menon,
1216514,2020,Abu Dhabi,03/10/20,Rajasthan Royals,Royal Challengers Bangalore,Rajasthan Royals,bat,normal,0,Royal Challengers Bangalore,wickets,8,YS Chahal,Sheikh Zayed Stadium,CB Gaffaney,S Ravi,
1216515,2020,Sharjah,03/10/20,Delhi Capitals,Kolkata Knight Riders,Kolkata Knight Riders,field,normal,0,Delhi Capitals,runs,18,SS Iyer,Sharjah Cricket Stadium,VA Kulkarni,RK Illingworth,
1216516,2020,Dubai,02/10/20,Sunrisers Hyderabad,Chennai Super Kings,Sunrisers Hyderabad,bat,normal,0,Sunrisers Hyderabad,runs,7,PK Garg,Dubai International Cricket Stadium,AK Chaudhary,PR Reiffel,
1216517,2020,Dubai,18/10/20,Mumbai Indians,Kings XI Punjab,Mumbai Indians,bat,tie,0,Kings XI Punjab,,0,KL Rahul,Dubai International Cricket Stadium,Nitin Menon,PR Reiffel,
1216518,2020,Dubai,22/10/20,Rajasthan Royals,Sunrisers Hyderabad,Sunrisers Hyderabad,field,normal,0,Sunrisers Hyderabad,wickets,8,MK Pandey,Dubai International Cricket Stadium,Nitin Menon,PR Reiffel,
1216519,2020,Dubai,05/10/20,Delhi Capitals,Royal Challengers Bangalore,Royal Challengers Bangalore,field,normal,0,Delhi Capitals,runs,59,AR Patel,Dubai International Cricket Stadium,Nitin Menon,YC Barde,
1216520,2020,Sharjah,26/10/20,Kolkata Knight Riders,Kings XI Punjab,Kings XI Punjab,field,normal,0,Kings XI Punjab,wickets,8,CH Gayle,Sharjah Cricket Stadium,KN Ananthapadmanabhan,RK Illingworth,
1216521,2020,Sharjah,23/10/20,Chennai Super Kings,Mumbai Indians,Mumbai Indians,field,normal,0,Mumbai Indians,wickets,10,TA Boult,Sharjah Cricket Stadium,C Shamshuddin,VA Kulkarni,
1216522,2020,Dubai,17/10/20,Rajasthan Royals,Royal Challengers Bangalore,Rajasthan Royals,bat,normal,0,Royal Challengers Bangalore,wickets,7,AB de Villiers,Dubai International Cricket Stadium,AK Chaudhary,Nitin Menon,
1216523,2020,Abu Dhabi,10/10/20,Kolkata Knight Riders,Kings XI Punjab,Kolkata Knight Riders,bat,normal,0,Kolkata Knight Riders,runs,2,KD Karthik,Sheikh Zayed Stadium,UV Gandhe,CB Gaffaney,
1216524,2020,Dubai,27/10/20,Sunrisers Hyderabad,Delhi Capitals,Delhi Capitals,field,normal,0,Sunrisers Hyderabad,runs,88,WP Saha,Dubai International Cricket Stadium,AK Chaudhary,Nitin Menon,
1216525,2020,Dubai,10/10/20,Royal Challengers Bangalore,Chennai Super Kings,Royal Challengers Bangalore,bat,normal,0,Royal Challengers Bangalore,runs,37,V Kohli,Dubai International Cricket Stadium,AK Chaudhary,PR Reiffel,
1216526,2020,Abu Dhabi,16/10/20,Kolkata Knight Riders,Mumbai Indians,Kolkata Knight Riders,bat,normal,0,Mumbai Indians,wickets,8,Q de Kock,Sheikh Zayed Stadium,CB Gaffaney,VK Sharma,
1216527,2020,Sharjah,27/09/20,Kings XI Punjab,Rajasthan Royals,Rajasthan Royals,field,normal,0,Rajasthan Royals,wickets,4,SV Samson,Sharjah Cricket Stadium,RK Illingworth,K Srinivasan,
1216528,2020,Dubai,13/10/20,Chennai Super Kings,Sunrisers Hyderabad,Chennai Super Kings,bat,normal,0,Chennai Super Kings,runs,20,RA Jadeja,Dubai International Cricket Stadium,AK Chaudhary,PR Reiffel,
1216529,2020,Abu Dhabi,11/10/20,Delhi Capitals,Mumbai Indians,Delhi Capitals,bat,normal,0,Mumbai Indians,wickets,5,Q de Kock,Sheikh Zayed Stadium,CB Gaffaney,S Ravi,
1216530,2020,Dubai,01/11/20,Kolkata Knight Riders,Rajasthan Royals,Rajasthan Royals,field,normal,0,Kolkata Knight Riders,runs,60,PJ Cummins,Dubai International Cricket Stadium,Nitin Menon,PR Reiffel,
1216531,2020,Sharjah,15/10/20,Royal Challengers Bangalore,Kings XI Punjab,Royal Challengers Bangalore,bat,normal,0,Kings XI Punjab,wickets,8,KL Rahul,Sharjah Cricket Stadium,KN Ananthapadmanabhan,C Shamshuddin,
1216532,2020,Abu Dhabi,29/09/20,Sunrisers Hyderabad,Delhi Capitals,Delhi Capitals,field,normal,0,Sunrisers Hyderabad,runs,15,Rashid Khan,Sheikh Zayed Stadium,VK Sharma,S Ravi,
1216533,2020,Abu Dhabi,19/10/20,Chennai Super Kings,Rajasthan Royals,Chennai Super Kings,bat,normal,0,Rajasthan Royals,wickets,7,JC Buttler,Sheikh Zayed Stadium,CB Gaffaney,VK Sharma,
1216534,2020,Dubai,21/09/20,Royal Challengers Bangalore,Sunrisers Hyderabad,Sunrisers Hyderabad,field,normal,0,Royal Challengers Bangalore,runs,10,YS Chahal,Dubai International Cricket Stadium,AY Dandekar,Nitin Menon,
1216535,2020,Dubai,31/10/20,Delhi Capitals,Mumbai Indians,Mumbai Indians,field,normal,0,Mumbai Indians,wickets,9,Ishan Kishan,Dubai International Cricket Stadium,YC Barde,PR Reiffel,
1216536,2020,Dubai,29/10/20,Kolkata Knight Riders,Chennai Super Kings,Chennai Super Kings,field,normal,0,Chennai Super Kings,wickets,6,RD Gaikwad,Dubai International Cricket Stadium,C Shamshuddin,RK Illingworth,
1216537,2020,Abu Dhabi,30/10/20,Kings XI Punjab,Rajasthan Royals,Rajasthan Royals,field,normal,0,Rajasthan Royals,wickets,7,BA Stokes,Sheikh Zayed Stadium,CB Gaffaney,S Ravi,
1216538,2020,Sharjah,04/10/20,Mumbai Indians,Sunrisers Hyderabad,Mumbai Indians,bat,normal,0,Mumbai Indians,runs,34,TA Boult,Sharjah Cricket Stadium,KN Ananthapadmanabhan,RK Illingworth,
1216539,2020,Dubai,25/09/20,Delhi Capitals,Chennai Super Kings,Chennai Super Kings,field,normal,0,Delhi Capitals,runs,44,PP Shaw,Dubai International Cricket Stadium,KN Ananthapadmanabhan,RK Illingworth,
1216540,2020,Sharjah,12/10/20,Royal Challengers Bangalore,Kolkata Knight Riders,Royal Challengers Bangalore,bat,normal,0,Royal Challengers Bangalore,runs,82,AB de Villiers,Sharjah Cricket Stadium,RK Illingworth,K Srinivasan,
1216541,2020,Abu Dhabi,25/10/20,Mumbai Indians,Rajasthan Royals,Mumbai Indians,bat,normal,0,Rajasthan Royals,wickets,8,BA Stokes,Sheikh Zayed Stadium,UV Gandhe,VK Sharma,
1216542,2020,Dubai,08/10/20,Sunrisers Hyderabad,Kings XI Punjab,Sunrisers Hyderabad,bat,normal,0,Sunrisers Hyderabad,runs,69,JM Bairstow,Dubai International Cricket Stadium,AK Chaudhary,Nitin Menon,
1216543,2020,Dubai,14/10/20,Delhi Capitals,Rajasthan Royals,Delhi Capitals,bat,normal,0,Delhi Capitals,runs,13,A Nortje,Dubai International Cricket Stadium,AK Chaudhary,Nitin Menon,
1216544,2020,Dubai,25/10/20,Royal Challengers Bangalore,Chennai Super Kings,Royal Challengers Bangalore,bat,normal,0,Chennai Super Kings,wickets,8,RD Gaikwad,Dubai International Cricket Stadium,C Shamshuddin,RK Illingworth,
1216545,2020,Abu Dhabi,26/09/20,Sunrisers Hyderabad,Kolkata Knight Riders,Sunrisers Hyderabad,bat,normal,0,Kolkata Knight Riders,wickets,7,Shubman Gill,Sheikh Zayed Stadium,CB Gaffaney,VK Sharma,
1216546,2020,Dubai,20/10/20,Delhi Capitals,Kings XI Punjab,Delhi Capitals,bat,normal,0,Kings XI Punjab,wickets,5,S Dhawan,Dubai International Cricket Stadium,C Shamshuddin,RK Illingworth,
1216547,2020,Dubai,28/09/20,Royal Challengers Bangalore,Mumbai Indians,Mumbai Indians,field,tie,0,Royal Challengers Bangalore,,0,AB de Villiers,Dubai International Cricket Stadium,Nitin Menon,PR Reiffel,
1237177,2020,Dubai,05/11/20,Mumbai Indians,Delhi Capitals,Delhi Capitals,field,normal,0,Mumbai Indians,runs,57,JJ Bumrah,Dubai International Cricket Stadium,CB Gaffaney,Nitin Menon,
1237178,2020,Abu Dhabi,06/11/20,Royal Challengers Bangalore,Sunrisers Hyderabad,Sunrisers Hyderabad,field,normal,0,Sunrisers Hyderabad,wickets,6,KS Williamson,Sheikh Zayed Stadium,PR Reiffel,S Ravi,
1237180,2020,Abu Dhabi,08/11/20,Delhi Capitals,Sunrisers Hyderabad,Delhi Capitals,bat,normal,0,Delhi Capitals,runs,17,MP Stoinis,Sheikh Zayed Stadium,PR Reiffel,S Ravi,
1237181,2020,Dubai,10/11/20,Delhi Capitals,Mumbai Indians,Delhi Capitals,bat,normal,0,Mumbai Indians,wickets,5,TA Boult,Dubai International Cricket Stadium,CB Gaffaney,Nitin Menon,
1254058,2021,Chennai,09/04/21,Mumbai Indians,Royal Challengers Bangalore,Royal Challengers Bangalore,field,normal,0,Royal Challengers Bangalore,wickets,2,HV Patel,MA Chidambaram Stadium,KN Ananthapadmanabhan,Nitin Menon,
1254059,2021,Mumbai,10/04/21,Chennai Super Kings,Delhi Capitals,Delhi Capitals,field,normal,0,Delhi Capitals,wickets,7,S Dhawan,Wankhede Stadium,AK Chaudhary,VK Sharma,
1254060,2021,Chennai,11/04/21,Kolkata Knight Riders,Sunrisers Hyderabad,Sunrisers Hyderabad,field,normal,0,Kolkata Knight Riders,runs,10,N Rana,MA Chidambaram Stadium,KN Ananthapadmanabhan,Nitin Menon,
1254061,2021,Mumbai,12/04/21,Punjab Kings,Rajasthan Royals,Rajasthan Royals,field,normal,0,Punjab Kings,runs,4,SV Samson,Wankhede Stadium,AK Chaudhary,S Ravi,
1254062,2021,Chennai,13/04/21,Mumbai Indians,Kolkata Knight Riders,Kolkata Knight Riders,field,normal,0,Mumbai Indians,runs,10,RD Chahar,MA Chidambaram Stadium,C Shamshuddin,CB Gaffaney,
1254063,2021,Chennai,14/04/21,Royal Challengers Bangalore,Sunrisers Hyderabad,Sunrisers Hyderabad,field,normal,0,Royal Challengers Bangalore,runs,6,GJ Maxwell,MA Chidambaram Stadium,Nitin Menon,UV Gandhe,
1254064,2021,Mumbai,15/04/21,Delhi Capitals,Rajasthan Royals,Rajasthan Royals,field,normal,0,Rajasthan Royals,wickets,3,JD Unadkat,Wankhede Stadium,S Ravi,VK Sharma,
1254065,2021,Mumbai,16/04/21,Punjab Kings,Chennai Super Kings,Chennai Super Kings,field,normal,0,Chennai Super Kings,wickets,6,DL Chahar,Wankhede Stadium,AK Chaudhary,AY Dandekar,
1254066,2021,Chennai,17/04/21,Mumbai Indians,Sunrisers Hyderabad,Mumbai Indians,bat,normal,0,Mumbai Indians,runs,13,KA Pollard,MA Chidambaram Stadium,CB Gaffaney,K Srinivasan,
1254067,2021,Chennai,18/04/21,Royal Challengers Bangalore,Kolkata Knight Riders,Royal Challengers Bangalore,bat,normal,0,Royal Challengers Bangalore,runs,38,AB de Villiers,MA Chidambaram Stadium,C Shamshuddin,Nitin Menon,
1254068,2021,Mumbai,18/04/21,Punjab Kings,Delhi Capitals,Delhi Capitals,field,normal,0,Delhi Capitals,wickets,6,S Dhawan,Wankhede Stadium,AK Chaudhary,PR Reiffel,
1254069,2021,Mumbai,19/04/21,Chennai Super Kings,Rajasthan Royals,Rajasthan Royals,field,normal,0,Chennai Super Kings,runs,45,MM Ali,Wankhede Stadium,PR Reiffel,VK Sharma,
1254070,2021,Chennai,20/04/21,Mumbai Indians,Delhi Capitals,Mumbai Indians,bat,normal,0,Delhi Capitals,wickets,6,A Mishra,MA Chidambaram Stadium,C Shamshuddin,CB Gaffaney,
1254071,2021,Chennai,21/04/21,Punjab Kings,Sunrisers Hyderabad,Punjab Kings,bat,normal,0,Sunrisers Hyderabad,wickets,9,JM Bairstow,MA Chidambaram Stadium,K Srinivasan,Nitin Menon,
1254072,2021,Mumbai,21/04/21,Chennai Super Kings,Kolkata Knight Riders,Kolkata Knight Riders,field,normal,0,Chennai Super Kings,runs,18,F du Plessis,Wankhede Stadium,AY Dandekar,PR Reiffel,
1254073,2021,Mumbai,22/04/21,Rajasthan Royals,Royal Challengers Bangalore,Royal Challengers Bangalore,field,normal,0,Royal Challengers Bangalore,wickets,10,D Padikkal,Wankhede Stadium,J Madanagopal,S Ravi,
1254074,2021,Chennai,23/04/21,Mumbai Indians,Punjab Kings,Punjab Kings,field,normal,0,Punjab Kings,wickets,9,KL Rahul,MA Chidambaram Stadium,C Shamshuddin,Nitin Menon,
1254075,2021,Mumbai,24/04/21,Kolkata Knight Riders,Rajasthan Royals,Rajasthan Royals,field,normal,0,Rajasthan Royals,wickets,6,CH Morris,Wankhede Stadium,Navdeep Singh,S Ravi,
1254076,2021,Mumbai,25/04/21,Chennai Super Kings,Royal Challengers Bangalore,Chennai Super Kings,bat,normal,0,Chennai Super Kings,runs,69,RA Jadeja,Wankhede Stadium,AK Chaudhary,VK Sharma,
1254077,2021,Chennai,25/04/21,Delhi Capitals,Sunrisers Hyderabad,Delhi Capitals,bat,tie,0,Delhi Capitals,,0,PP Shaw,MA Chidambaram Stadium,CB Gaffaney,KN Ananthapadmanabhan,
1254078,2021,Ahmedabad,26/04/21,Punjab Kings,Kolkata Knight Riders,Kolkata Knight Riders,field,normal,0,Kolkata Knight Riders,wickets,5,EJG Morgan,Narendra Modi Stadium,PR Reiffel,YC Barde,
1254079,2021,Ahmedabad,27/04/21,Royal Challengers Bangalore,Delhi Capitals,Delhi Capitals,field,normal,0,Royal Challengers Bangalore,runs,1,AB de Villiers,Narendra Modi Stadium,S Ravi,VK Sharma,
1254080,2021,Delhi,28/04/21,Sunrisers Hyderabad,Chennai Super Kings,Sunrisers Hyderabad,bat,normal,0,Chennai Super Kings,wickets,7,RD Gaikwad,Arun Jaitley Stadium,C Shamshuddin,CK Nandan,
1254081,2021,Delhi,29/04/21,Rajasthan Royals,Mumbai Indians,Mumbai Indians,field,normal,0,Mumbai Indians,wickets,7,Q de Kock,Arun Jaitley Stadium,CB Gaffaney,KN Ananthapadmanabhan,
1254082,2021,Ahmedabad,29/04/21,Kolkata Knight Riders,Delhi Capitals,Delhi Capitals,field,normal,0,Delhi Capitals,wickets,7,PP Shaw,Narendra Modi Stadium,AK Chaudhary,YC Barde,
1254083,2021,Ahmedabad,30/04/21,Punjab Kings,Royal Challengers Bangalore,Royal Challengers Bangalore,field,normal,0,Punjab Kings,runs,34,Harpreet Brar,Narendra Modi Stadium,S Ravi,VK Sharma,
1254084,2021,Delhi,01/05/21,Chennai Super Kings,Mumbai Indians,Mumbai Indians,field,normal,0,Mumbai Indians,wickets,4,KA Pollard,Arun Jaitley Stadium,KN Ananthapadmanabhan,CK Nandan,
1254085,2021,Delhi,02/05/21,Rajasthan Royals,Sunrisers Hyderabad,Sunrisers Hyderabad,field,normal,0,Rajasthan Royals,runs,55,JC Buttler,Arun Jaitley Stadium,C Shamshuddin,CB Gaffaney,
1254086,2021,Ahmedabad,02/05/21,Punjab Kings,Delhi Capitals,Delhi Capitals,field,normal,0,Delhi Capitals,wickets,7,MA Agarwal,Narendra Modi Stadium,AK Chaudhary,AY Dandekar,
1254087,2021,Abu Dhabi,20/09/21,Royal Challengers Bangalore,Kolkata Knight Riders,Royal Challengers Bangalore,bat,normal,0,Kolkata Knight Riders,wickets,9,CV Varun,Zayed Cricket Stadium,CB Gaffaney,S Ravi,
1254088,2021,Abu Dhabi,08/10/21,Mumbai Indians,Sunrisers Hyderabad,Mumbai Indians,bat,normal,0,Mumbai Indians,runs,42,Ishan Kishan,Zayed Cricket Stadium,Tapan Sharma,VK Sharma,
1254089,2021,Abu Dhabi,02/10/21,Chennai Super Kings,Rajasthan Royals,Rajasthan Royals,field,normal,0,Rajasthan Royals,wickets,7,RD Gaikwad,Zayed Cricket Stadium,CB Gaffaney,VK Sharma,
1254090,2021,Sharjah,03/10/21,Royal Challengers Bangalore,Punjab Kings,Royal Challengers Bangalore,bat,normal,0,Royal Challengers Bangalore,runs,6,GJ Maxwell,Sharjah Cricket Stadium,KN Ananthapadmanabhan,RK Illingworth,
1254091,2021,Sharjah,30/09/21,Sunrisers Hyderabad,Chennai Super Kings,Chennai Super Kings,field,normal,0,Chennai Super Kings,wickets,6,JR Hazlewood,Sharjah Cricket Stadium,Nitin Menon,YC Barde,
1254092,2021,Sharjah,28/09/21,Delhi Capitals,Kolkata Knight Riders,Kolkata Knight Riders,field,normal,0,Kolkata Knight Riders,wickets,3,SP Narine,Sharjah Cricket Stadium,Nitin Menon,HAS Khalid,
1254093,2021,Sharjah,05/10/21,Rajasthan Royals,Mumbai Indians,Mumbai Indians,field,normal,0,Mumbai Indians,wickets,8,NM Coulter-Nile,Sharjah Cricket Stadium,AK Chaudhary,MA Gough,
1254094,2021,Dubai,07/10/21,Chennai Super Kings,Punjab Kings,Punjab Kings,field,normal,0,Punjab Kings,wickets,6,KL Rahul,Dubai International Cricket Stadium,K Srinivasan,RK Illingworth,
1254095,2021,Abu Dhabi,06/10/21,Sunrisers Hyderabad,Royal Challengers Bangalore,Royal Challengers Bangalore,field,normal,0,Sunrisers Hyderabad,runs,4,KS Williamson,Zayed Cricket Stadium,S Ravi,UV Gandhe,
1254096,2021,Abu Dhabi,23/09/21,Mumbai Indians,Kolkata Knight Riders,Kolkata Knight Riders,field,normal,0,Kolkata Knight Riders,wickets,7,SP Narine,Zayed Cricket Stadium,S Ravi,VK Sharma,
1254097,2021,Abu Dhabi,25/09/21,Delhi Capitals,Rajasthan Royals,Rajasthan Royals,field,normal,0,Delhi Capitals,runs,33,SS Iyer,Zayed Cricket Stadium,CB Gaffaney,UV Gandhe,
1254098,2021,Abu Dhabi,26/09/21,Kolkata Knight Riders,Chennai Super Kings,Kolkata Knight Riders,bat,normal,0,Chennai Super Kings,wickets,2,RA Jadeja,Zayed Cricket Stadium,CB Gaffaney,Tapan Sharma,
1254099,2021,Abu Dhabi,28/09/21,Punjab Kings,Mumbai Indians,Mumbai Indians,field,normal,0,Mumbai Indians,wickets,6,KA Pollard,Zayed Cricket Stadium,S Ravi,VK Sharma,
1254100,2021,Dubai,27/09/21,Rajasthan Royals,Sunrisers Hyderabad,Rajasthan Royals,bat,normal,0,Sunrisers Hyderabad,wickets,7,JJ Roy,Dubai International Cricket Stadium,KN Ananthapadmanabhan,Navdeep Singh,
1254101,2021,Dubai,08/10/21,Delhi Capitals,Royal Challengers Bangalore,Royal Challengers Bangalore,field,normal,0,Royal Challengers Bangalore,wickets,7,KS Bharat,Dubai International Cricket Stadium,KN Ananthapadmanabhan,Nitin Menon,
1254102,2021,Dubai,01/10/21,Kolkata Knight Riders,Punjab Kings,Punjab Kings,field,normal,0,Punjab Kings,wickets,5,KL Rahul,Dubai International Cricket Stadium,KN Ananthapadmanabhan,RK Illingworth,
1254103,2021,Dubai,29/09/21,Rajasthan Royals,Royal Challengers Bangalore,Royal Challengers Bangalore,field,normal,0,Royal Challengers Bangalore,wickets,7,YS Chahal,Dubai International Cricket Stadium,AY Dandekar,KN Ananthapadmanabhan,
1254104,2021,Dubai,19/09/21,Chennai Super Kings,Mumbai Indians,Chennai Super Kings,bat,normal,0,Chennai Super Kings,runs,20,RD Gaikwad,Dubai International Cricket Stadium,Nitin Menon,RK Illingworth,
1254105,2021,Dubai,22/09/21,Sunrisers Hyderabad,Delhi Capitals,Sunrisers Hyderabad,bat,normal,0,Delhi Capitals,wickets,8,A Nortje,Dubai International Cricket Stadium,KN Ananthapadmanabhan,RK Illingworth,
1254106,2021,Sharjah,07/10/21,Kolkata Knight Riders,Rajasthan Royals,Rajasthan Royals,field,normal,0,Kolkata Knight Riders,runs,86,Shivam Mavi,Sharjah Cricket Stadium,MA Gough,HAS Khalid,
1254107,2021,Sharjah,25/09/21,Punjab Kings,Sunrisers Hyderabad,Sunrisers Hyderabad,field,normal,0,Punjab Kings,runs,5,JO Holder,Sharjah Cricket Stadium,RK Illingworth,YC Barde,
1254108,2021,Dubai,26/09/21,Royal Challengers Bangalore,Mumbai Indians,Mumbai Indians,field,normal,0,Royal Challengers Bangalore,runs,54,GJ Maxwell,Dubai International Cricket Stadium,AK Chaudhary,MA Gough,
1254109,2021,Dubai,03/10/21,Sunrisers Hyderabad,Kolkata Knight Riders,Sunrisers Hyderabad,bat,normal,0,Kolkata Knight Riders,wickets,6,Shubman Gill,Dubai International Cricket Stadium,J Madanagopal,MA Gough,
1254110,2021,Dubai,04/10/21,Chennai Super Kings,Delhi Capitals,Delhi Capitals,field,normal,0,Delhi Capitals,wickets,3,AR Patel,Dubai International Cricket Stadium,AK Chaudhary,Nitin Menon,
1254111,2021,Dubai,21/09/21,Rajasthan Royals,Punjab Kings,Punjab Kings,field,normal,0,Rajasthan Royals,runs,2,Kartik Tyagi,Dubai International Cricket Stadium,AK Chaudhary,MA Gough,
1254112,2021,Sharjah,02/10/21,Mumbai Indians,Delhi Capitals,Delhi Capitals,field,normal,0,Delhi Capitals,wickets,4,AR Patel,Sharjah Cricket Stadium,AK Chaudhary,MA Gough,
1254113,2021,Sharjah,24/09/21,Royal Challengers Bangalore,Chennai Super Kings,Chennai Super Kings,field,normal,0,Chennai Super Kings,wickets,6,DJ Bravo,Sharjah Cricket Stadium,AK Chaudhary,Nitin Menon,
1254114,2021,Dubai,10/10/21,Delhi Capitals,Chennai Super Kings,Chennai Super Kings,field,normal,0,Chennai Super Kings,wickets,4,RD Gaikwad,Dubai International Cricket Stadium,Nitin Menon,RK Illingworth,
1254115,2021,Sharjah,11/10/21,Royal Challengers Bangalore,Kolkata Knight Riders,Royal Challengers Bangalore,bat,normal,0,Kolkata Knight Riders,wickets,4,SP Narine,Sharjah Cricket Stadium,CB Gaffaney,VK Sharma,
1254116,2021,Sharjah,13/10/21,Delhi Capitals,Kolkata Knight Riders,Kolkata Knight Riders,field,normal,0,Kolkata Knight Riders,wickets,3,VR Iyer,Sharjah Cricket Stadium,KN Ananthapadmanabhan,MA Gough,
1254117,2021,Dubai,15/10/21,Chennai Super Kings,Kolkata Knight Riders,Kolkata Knight Riders,field,normal,0,Chennai Super Kings,runs,27,F du Plessis,Dubai International Cricket Stadium,Nitin Menon,RK Illingworth,
1304047,2022,Mumbai,26/03/22,Chennai Super Kings,Kolkata Knight Riders,Kolkata Knight Riders,field,normal,0,Kolkata Knight Riders,wickets,6,UT Yadav,Wankhede Stadium,AK Chaudhary,Nitin Menon,
1304048,2022,Mumbai,27/03/22,Mumbai Indians,Delhi Capitals,Delhi Capitals,field,normal,0,Delhi Capitals,wickets,4,Kuldeep Yadav,Brabourne Stadium,RJ Tucker,HAS Khalid,
1304049,2022,Mumbai,27/03/22,Royal Challengers Bangalore,Punjab Kings,Punjab Kings,field,normal,0,Punjab Kings,wickets,5,OF Smith,Dr DY Patil Sports Academy,Nitin Menon,YC Barde,
1304050,2022,Mumbai,28/03/22,Lucknow Super Giants,Gujarat Titans,Gujarat Titans,field,normal,0,Gujarat Titans,wickets,5,Mohammed Shami,Wankhede Stadium,PG Pathak,VK Sharma,
1304051,2022,Pune,29/03/22,Rajasthan Royals,Sunrisers Hyderabad,Sunrisers Hyderabad,field,normal,0,Rajasthan Royals,runs,61,SV Samson,Maharashtra Cricket Association Stadium,BNJ Oxenford,UV Gandhe,
1304052,2022,Mumbai,30/03/22,Kolkata Knight Riders,Royal Challengers Bangalore,Royal Challengers Bangalore,field,normal,0,Royal Challengers Bangalore,wickets,3,PWH de Silva,Dr DY Patil Sports Academy,J Madanagopal,Navdeep Singh,
1304053,2022,Mumbai,31/03/22,Chennai Super Kings,Lucknow Super Giants,Lucknow Super Giants,field,normal,0,Lucknow Super Giants,wickets,6,E Lewis,Brabourne Stadium,RJ Tucker,VK Sharma,
1304054,2022,Mumbai,01/04/22,Punjab Kings,Kolkata Knight Riders,Kolkata Knight Riders,field,normal,0,Kolkata Knight Riders,wickets,6,UT Yadav,Wankhede Stadium,AK Chaudhary,HAS Khalid,
1304055,2022,Mumbai,02/04/22,Rajasthan Royals,Mumbai Indians,Mumbai Indians,field,normal,0,Rajasthan Royals,runs,23,JC Buttler,Dr DY Patil Sports Academy,Nitin Menon,PG Pathak,
1304056,2022,Pune,02/04/22,Gujarat Titans,Delhi Capitals,Delhi Capitals,field,normal,0,Gujarat Titans,runs,14,LH Ferguson,Maharashtra Cricket Association Stadium,KN Ananthapadmanabhan,UV Gandhe,
1304057,2022,Mumbai,03/04/22,Punjab Kings,Chennai Super Kings,Chennai Super Kings,field,normal,0,Punjab Kings,runs,54,LS Livingstone,Brabourne Stadium,RJ Tucker,YC Barde,
1304058,2022,Mumbai,04/04/22,Lucknow Super Giants,Sunrisers Hyderabad,Sunrisers Hyderabad,field,normal,0,Lucknow Super Giants,runs,12,Avesh Khan,Dr DY Patil Sports Academy,J Madanagopal,Navdeep Singh,
1304059,2022,Mumbai,05/04/22,Rajasthan Royals,Royal Challengers Bangalore,Royal Challengers Bangalore,field,normal,0,Royal Challengers Bangalore,wickets,4,KD Karthik,Wankhede Stadium,AK Chaudhary,HAS Khalid,
1304060,2022,Pune,06/04/22,Mumbai Indians,Kolkata Knight Riders,Kolkata Knight Riders,field,normal,0,Kolkata Knight Riders,wickets,5,PJ Cummins,Maharashtra Cricket Association Stadium,BNJ Oxenford,KN Ananthapadmanabhan,
1304061,2022,Mumbai,07/04/22,Delhi Capitals,Lucknow Super Giants,Lucknow Super Giants,field,normal,0,Lucknow Super Giants,wickets,6,Q de Kock,Dr DY Patil Sports Academy,RJ Tucker,Tapan Sharma,
1304062,2022,Mumbai,08/04/22,Punjab Kings,Gujarat Titans,Gujarat Titans,field,normal,0,Gujarat Titans,wickets,6,Shubman Gill,Brabourne Stadium,AK Chaudhary,VK Sharma,
1304063,2022,Mumbai,09/04/22,Chennai Super Kings,Sunrisers Hyderabad,Sunrisers Hyderabad,field,normal,0,Sunrisers Hyderabad,wickets,8,Abhishek Sharma,Dr DY Patil Sports Academy,Navdeep Singh,Nitin Menon,
1304064,2022,Pune,09/04/22,Mumbai Indians,Royal Challengers Bangalore,Royal Challengers Bangalore,field,normal,0,Royal Challengers Bangalore,wickets,7,Anuj Rawat,Maharashtra Cricket Association Stadium,BNJ Oxenford,KN Ananthapadmanabhan,
1304065,2022,Mumbai,10/04/22,Delhi Capitals,Kolkata Knight Riders,Kolkata Knight Riders,field,normal,0,Delhi Capitals,runs,44,Kuldeep Yadav,Brabourne Stadium,CB Gaffaney,J Madanagopal,
1304066,2022,Mumbai,10/04/22,Rajasthan Royals,Lucknow Super Giants,Lucknow Super Giants,field,normal,0,Rajasthan Royals,runs,3,YS Chahal,Wankhede Stadium,AK Chaudhary,Tapan Sharma,
1304067,2022,Mumbai,11/04/22,Gujarat Titans,Sunrisers Hyderabad,Sunrisers Hyderabad,field,normal,0,Sunrisers Hyderabad,wickets,8,KS Williamson,Dr DY Patil Sports Academy,Chirra Ravikanthreddy,RJ Tucker,
1304068,2022,Mumbai,12/04/22,Chennai Super Kings,Royal Challengers Bangalore,Royal Challengers Bangalore,field,normal,0,Chennai Super Kings,runs,23,S Dube,Dr DY Patil Sports Academy,Nitin Menon,N Pandit,
1304069,2022,Pune,13/04/22,Punjab Kings,Mumbai Indians,Mumbai Indians,field,normal,0,Punjab Kings,runs,12,MA Agarwal,Maharashtra Cricket Association Stadium,BNJ Oxenford,UV Gandhe,
1304070,2022,Mumbai,14/04/22,Gujarat Titans,Rajasthan Royals,Rajasthan Royals,field,normal,0,Gujarat Titans,runs,37,HH Pandya,Dr DY Patil Sports Academy,CB Gaffaney,R Pandit,
1304071,2022,Mumbai,15/04/22,Kolkata Knight Riders,Sunrisers Hyderabad,Sunrisers Hyderabad,field,normal,0,Sunrisers Hyderabad,wickets,7,RA Tripathi,Brabourne Stadium,GR Sadashiv Iyer,VK Sharma,
1304072,2022,Mumbai,16/04/22,Lucknow Super Giants,Mumbai Indians,Mumbai Indians,field,normal,0,Lucknow Super Giants,runs,18,KL Rahul,Brabourne Stadium,AK Chaudhary,NA Patwardhan,
1304073,2022,Mumbai,16/04/22,Royal Challengers Bangalore,Delhi Capitals,Delhi Capitals,field,normal,0,Royal Challengers Bangalore,runs,16,KD Karthik,Wankhede Stadium,Chirra Ravikanthreddy,J Madanagopal,
1304074,2022,Mumbai,17/04/22,Punjab Kings,Sunrisers Hyderabad,Sunrisers Hyderabad,field,normal,0,Sunrisers Hyderabad,wickets,7,Umran Malik,Dr DY Patil Sports Academy,PG Pathak,R Pandit,
1304075,2022,Pune,17/04/22,Chennai Super Kings,Gujarat Titans,Gujarat Titans,field,normal,0,Gujarat Titans,wickets,3,DA Miller,Maharashtra Cricket Association Stadium,KN Ananthapadmanabhan,UV Gandhe,
1304076,2022,Mumbai,18/04/22,Rajasthan Royals,Kolkata Knight Riders,Kolkata Knight Riders,field,normal,0,Rajasthan Royals,runs,7,YS Chahal,Brabourne Stadium,GR Sadashiv Iyer,VK Sharma,
1304077,2022,Mumbai,19/04/22,Royal Challengers Bangalore,Lucknow Super Giants,Lucknow Super Giants,field,normal,0,Royal Challengers Bangalore,runs,18,F du Plessis,Dr DY Patil Sports Academy,CB Gaffaney,N Pandit,
1304078,2022,Mumbai,20/04/22,Punjab Kings,Delhi Capitals,Delhi Capitals,field,normal,0,Delhi Capitals,wickets,9,Kuldeep Yadav,Brabourne Stadium,RJ Tucker,Tapan Sharma,
1304079,2022,Navi Mumbai,21/04/22,Mumbai Indians,Chennai Super Kings,Chennai Super Kings,field,normal,0,Chennai Super Kings,wickets,3,Mukesh Choudhary,Dr DY Patil Sports Academy,BNJ Oxenford,UV Gandhe,
1304080,2022,Mumbai,22/04/22,Rajasthan Royals,Delhi Capitals,Delhi Capitals,field,normal,0,Rajasthan Royals,runs,15,JC Buttler,Wankhede Stadium,NA Patwardhan,Nitin Menon,
1304081,2022,Navi Mumbai,23/04/22,Gujarat Titans,Kolkata Knight Riders,Gujarat Titans,bat,normal,0,Gujarat Titans,runs,8,Rashid Khan,Dr DY Patil Sports Academy,KN Ananthapadmanabhan,UV Gandhe,
1304082,2022,Mumbai,23/04/22,Royal Challengers Bangalore,Sunrisers Hyderabad,Sunrisers Hyderabad,field,normal,0,Sunrisers Hyderabad,wickets,9,M Jansen,Brabourne Stadium,Chirra Ravikanthreddy,J Madanagopal,
1304083,2022,Mumbai,24/04/22,Lucknow Super Giants,Mumbai Indians,Mumbai Indians,field,normal,0,Lucknow Super Giants,runs,36,KL Rahul,Wankhede Stadium,M Erasmus,HAS Khalid,
1304084,2022,Mumbai,25/04/22,Punjab Kings,Chennai Super Kings,Chennai Super Kings,field,normal,0,Punjab Kings,runs,11,S Dhawan,Wankhede Stadium,M Erasmus,Tapan Sharma,
1304085,2022,Pune,26/04/22,Rajasthan Royals,Royal Challengers Bangalore,Royal Challengers Bangalore,field,normal,0,Rajasthan Royals,runs,29,R Parag,Maharashtra Cricket Association Stadium,BNJ Oxenford,KN Ananthapadmanabhan,
1304086,2022,Mumbai,27/04/22,Sunrisers Hyderabad,Gujarat Titans,Gujarat Titans,field,normal,0,Gujarat Titans,wickets,5,Umran Malik,Wankhede Stadium,CB Gaffaney,Navdeep Singh,
1304087,2022,Mumbai,28/04/22,Kolkata Knight Riders,Delhi Capitals,Delhi Capitals,field,normal,0,Delhi Capitals,wickets,4,Kuldeep Yadav,Wankhede Stadium,AK Chaudhary,PG Pathak,
1304088,2022,Pune,29/04/22,Lucknow Super Giants,Punjab Kings,Punjab Kings,field,normal,0,Lucknow Super Giants,runs,20,KH Pandya,Maharashtra Cricket Association Stadium,MA Gough,UV Gandhe,
1304089,2022,Mumbai,30/04/22,Royal Challengers Bangalore,Gujarat Titans,Royal Challengers Bangalore,bat,normal,0,Gujarat Titans,wickets,6,R Tewatia,Brabourne Stadium,HAS Khalid,VK Sharma,
1304090,2022,Navi Mumbai,30/04/22,Rajasthan Royals,Mumbai Indians,Mumbai Indians,field,normal,0,Mumbai Indians,wickets,5,SA Yadav,Dr DY Patil Sports Academy,BNJ Oxenford,YC Barde,
1304091,2022,Mumbai,01/05/22,Lucknow Super Giants,Delhi Capitals,Lucknow Super Giants,bat,normal,0,Lucknow Super Giants,runs,6,Mohsin Khan,Wankhede Stadium,Chirra Ravikanthreddy,CB Gaffaney,
1304092,2022,Pune,01/05/22,Chennai Super Kings,Sunrisers Hyderabad,Sunrisers Hyderabad,field,normal,0,Chennai Super Kings,runs,13,RD Gaikwad,Maharashtra Cricket Association Stadium,AK Chaudhary,KN Ananthapadmanabhan,
1304093,2022,Mumbai,02/05/22,Rajasthan Royals,Kolkata Knight Riders,Kolkata Knight Riders,field,normal,0,Kolkata Knight Riders,wickets,7,RK Singh,Wankhede Stadium,J Madanagopal,N Pandit,
1304094,2022,Navi Mumbai,03/05/22,Gujarat Titans,Punjab Kings,Gujarat Titans,bat,normal,0,Punjab Kings,wickets,8,K Rabada,Dr DY Patil Sports Academy,R Pandit,VK Sharma,
1304095,2022,Pune,04/05/22,Royal Challengers Bangalore,Chennai Super Kings,Chennai Super Kings,field,normal,0,Royal Challengers Bangalore,runs,13,HV Patel,Maharashtra Cricket Association Stadium,KN Ananthapadmanabhan,MA Gough,
1304096,2022,Mumbai,05/05/22,Delhi Capitals,Sunrisers Hyderabad,Sunrisers Hyderabad,field,normal,0,Delhi Capitals,runs,21,DA Warner,Brabourne Stadium,Navdeep Singh,NA Patwardhan,
1304097,2022,Mumbai,06/05/22,Mumbai Indians,Gujarat Titans,Gujarat Titans,field,normal,0,Mumbai Indians,runs,5,TH David,Brabourne Stadium,J Madanagopal,GR Sadashiv Iyer,
1304098,2022,Mumbai,07/05/22,Punjab Kings,Rajasthan Royals,Punjab Kings,bat,normal,0,Rajasthan Royals,wickets,6,YBK Jaiswal,Wankhede Stadium,Chirra Ravikanthreddy,YC Barde,
1304099,2022,Pune,07/05/22,Lucknow Super Giants,Kolkata Knight Riders,Kolkata Knight Riders,field,normal,0,Lucknow Super Giants,runs,75,Avesh Khan,Maharashtra Cricket Association Stadium,AK Chaudhary,MA Gough,
1304100,2022,Mumbai,08/05/22,Royal Challengers Bangalore,Sunrisers Hyderabad,Royal Challengers Bangalore,bat,normal,0,Royal Challengers Bangalore,runs,67,PWH de Silva,Wankhede Stadium,BNJ Oxenford,N Pandit,
1304101,2022,Navi Mumbai,08/05/22,Chennai Super Kings,Delhi Capitals,Delhi Capitals,field,normal,0,Chennai Super Kings,runs,91,DP Conway,Dr DY Patil Sports Academy,Nitin Menon,R Pandit,
1304102,2022,Navi Mumbai,09/05/22,Kolkata Knight Riders,Mumbai Indians,Mumbai Indians,field,normal,0,Kolkata Knight Riders,runs,52,JJ Bumrah,Dr DY Patil Sports Academy,CB Gaffaney,GR Sadashiv Iyer,
1304103,2022,Pune,10/05/22,Gujarat Titans,Lucknow Super Giants,Gujarat Titans,bat,normal,0,Gujarat Titans,runs,62,Shubman Gill,Maharashtra Cricket Association Stadium,KN Ananthapadmanabhan,MA Gough,
1304104,2022,Navi Mumbai,11/05/22,Rajasthan Royals,Delhi Capitals,Delhi Capitals,field,normal,0,Delhi Capitals,wickets,8,MR Marsh,Dr DY Patil Sports Academy,NA Patwardhan,Nitin Menon,
1304105,2022,Mumbai,12/05/22,Chennai Super Kings,Mumbai Indians,Mumbai Indians,field,normal,0,Mumbai Indians,wickets,5,DR Sams,Wankhede Stadium,Chirra Ravikanthreddy,CB Gaffaney,
1304106,2022,Mumbai,13/05/22,Punjab Kings,Royal Challengers Bangalore,Royal Challengers Bangalore,field,normal,0,Punjab Kings,runs,54,JM Bairstow,Brabourne Stadium,J Madanagopal,N Pandit,
1304107,2022,Pune,14/05/22,Kolkata Knight Riders,Sunrisers Hyderabad,Kolkata Knight Riders,bat,normal,0,Kolkata Knight Riders,runs,54,AD Russell,Maharashtra Cricket Association Stadium,AK Chaudhary,KN Ananthapadmanabhan,
1304108,2022,Mumbai,15/05/22,Chennai Super Kings,Gujarat Titans,Chennai Super Kings,bat,normal,0,Gujarat Titans,wickets,7,WP Saha,Wankhede Stadium,R Pandit,VK Sharma,
1304109,2022,Mumbai,15/05/22,Rajasthan Royals,Lucknow Super Giants,Rajasthan Royals,bat,normal,0,Rajasthan Royals,runs,24,TA Boult,Brabourne Stadium,PG Pathak,Tapan Sharma,
1304110,2022,Navi Mumbai,16/05/22,Delhi Capitals,Punjab Kings,Punjab Kings,field,normal,0,Delhi Capitals,runs,17,SN Thakur,Dr DY Patil Sports Academy,GR Sadashiv Iyer,Nitin Menon,
1304111,2022,Mumbai,17/05/22,Sunrisers Hyderabad,Mumbai Indians,Mumbai Indians,field,normal,0,Sunrisers Hyderabad,runs,3,RA Tripathi,Wankhede Stadium,CB Gaffaney,N Pandit,
1304112,2022,Navi Mumbai,18/05/22,Lucknow Super Giants,Kolkata Knight Riders,Lucknow Super Giants,bat,normal,0,Lucknow Super Giants,runs,2,Q de Kock,Dr DY Patil Sports Academy,R Pandit,YC Barde,
1304113,2022,Mumbai,19/05/22,Gujarat Titans,Royal Challengers Bangalore,Gujarat Titans,bat,normal,0,Royal Challengers Bangalore,wickets,8,V Kohli,Wankhede Stadium,KN Ananthapadmanabhan,GR Sadashiv Iyer,
1304114,2022,Mumbai,20/05/22,Chennai Super Kings,Rajasthan Royals,Chennai Super Kings,bat,normal,0,Rajasthan Royals,wickets,5,R Ashwin,Brabourne Stadium,CB Gaffaney,NA Patwardhan,
1304115,2022,Mumbai,21/05/22,Delhi Capitals,Mumbai Indians,Mumbai Indians,field,normal,0,Mumbai Indians,wickets,5,JJ Bumrah,Wankhede Stadium,Nitin Menon,Tapan Sharma,
1304116,2022,Mumbai,22/05/22,Sunrisers Hyderabad,Punjab Kings,Sunrisers Hyderabad,bat,normal,0,Punjab Kings,wickets,5,Harpreet Brar,Wankhede Stadium,AK Chaudhary,NA Patwardhan,
1312197,2022,Kolkata,24/05/22,Rajasthan Royals,Gujarat Titans,Gujarat Titans,field,normal,0,Gujarat Titans,wickets,7,DA Miller,Eden Gardens,BNJ Oxenford,VK Sharma,
1312198,2022,Kolkata,25/05/22,Royal Challengers Bangalore,Lucknow Super Giants,Lucknow Super Giants,field,normal,0,Royal Challengers Bangalore,runs,14,RM Patidar,Eden Gardens,J Madanagopal,MA Gough,
1312199,2022,Ahmedabad,27/05/22,Royal Challengers Bangalore,Rajasthan Royals,Rajasthan Royals,field,normal,0,Rajasthan Royals,wickets,7,JC Buttler,Narendra Modi Stadium,CB Gaffaney,Nitin Menon,
1312200,2022,Ahmedabad,29/05/22,Rajasthan Royals,Gujarat Titans,Rajasthan Royals,bat,normal,0,Gujarat Titans,wickets,7,HH Pandya,Narendra Modi Stadium,CB Gaffaney,Nitin Menon,
1359475,2023,Ahmedabad,31/03/23,Chennai Super Kings,Gujarat Titans,Gujarat Titans,field,normal,0,Gujarat Titans,wickets,5,Rashid Khan,Narendra Modi Stadium,Nitin Menon,HAS Khalid,
1359476,2023,Chandigarh,01/04/23,Punjab Kings,Kolkata Knight Riders,Kolkata Knight Riders,field,normal,0,Punjab Kings,runs,7,Arshdeep Singh,Punjab Cricket Association IS Bindra Stadium,BNJ Oxenford,YC Barde,
1359477,2023,Lucknow,01/04/23,Lucknow Super Giants,Delhi Capitals,Delhi Capitals,field,normal,0,Lucknow Super Giants,runs,50,MA Wood,Bharat Ratna Shri Atal Bihari Vajpayee Ekana Cricket Stadium,AK Chaudhary,NA Patwardhan,
1359478,2023,Hyderabad,02/04/23,Rajasthan Royals,Sunrisers Hyderabad,Sunrisers Hyderabad,field,normal,0,Rajasthan Royals,runs,72,JC Buttler,Rajiv Gandhi International Stadium,KN Ananthapadmanabhan,R Pandit,
1359479,2023,Bengaluru,02/04/23,Mumbai Indians,Royal Challengers Bangalore,Royal Challengers Bangalore,field,normal,0,Royal Challengers Bangalore,wickets,8,F du Plessis,M Chinnaswamy Stadium,Nitin Menon,Tapan Sharma,
1359480,2023,Chennai,03/04/23,Chennai Super Kings,Lucknow Super Giants,Lucknow Super Giants,field,normal,0,Chennai Super Kings,runs,12,MM Ali,MA Chidambaram Stadium,A Totre,BNJ Oxenford,
1359481,2023,Delhi,04/04/23,Delhi Capitals,Gujarat Titans,Gujarat Titans,field,normal,0,Gujarat Titans,wickets,6,B Sai Sudharsan,Arun Jaitley Stadium,A Nand Kishore,GR Sadashiv Iyer,
1359482,2023,Guwahati,05/04/23,Punjab Kings,Rajasthan Royals,Rajasthan Royals,field,normal,0,Punjab Kings,runs,5,NT Ellis,Barsapara Cricket Stadium,KN Ananthapadmanabhan,MV Saidharshan Kumar,
1359483,2023,Kolkata,06/04/23,Kolkata Knight Riders,Royal Challengers Bangalore,Royal Challengers Bangalore,field,normal,0,Kolkata Knight Riders,runs,81,SN Thakur,Eden Gardens,Vinod Seshan,VK Sharma,
1359484,2023,Lucknow,07/04/23,Sunrisers Hyderabad,Lucknow Super Giants,Sunrisers Hyderabad,bat,normal,0,Lucknow Super Giants,wickets,5,KH Pandya,Bharat Ratna Shri Atal Bihari Vajpayee Ekana Cricket Stadium,J Madanagopal,YC Barde,
1359485,2023,Guwahati,08/04/23,Rajasthan Royals,Delhi Capitals,Delhi Capitals,field,normal,0,Rajasthan Royals,runs,57,YBK Jaiswal,Barsapara Cricket Stadium,Navdeep Singh,MV Saidharshan Kumar,
1359486,2023,Mumbai,08/04/23,Mumbai Indians,Chennai Super Kings,Chennai Super Kings,field,normal,0,Chennai Super Kings,wickets,7,RA Jadeja,Wankhede Stadium,CB Gaffaney,NA Patwardhan,
1359487,2023,Ahmedabad,09/04/23,Gujarat Titans,Kolkata Knight Riders,Gujarat Titans,bat,normal,0,Kolkata Knight Riders,wickets,3,RK Singh,Narendra Modi Stadium,Nitin Menon,Tapan Sharma,
1359488,2023,Hyderabad,09/04/23,Punjab Kings,Sunrisers Hyderabad,Sunrisers Hyderabad,field,normal,0,Sunrisers Hyderabad,wickets,8,S Dhawan,Rajiv Gandhi International Stadium,BNJ Oxenford,UV Gandhe,
1359489,2023,Bengaluru,10/04/23,Royal Challengers Bangalore,Lucknow Super Giants,Lucknow Super Giants,field,normal,0,Lucknow Super Giants,wickets,1,N Pooran,M Chinnaswamy Stadium,AK Chaudhary,A Nand Kishore,
1359490,2023,Delhi,11/04/23,Delhi Capitals,Mumbai Indians,Mumbai Indians,field,normal,0,Mumbai Indians,wickets,6,RG Sharma,Arun Jaitley Stadium,MA Gough,R Pandit,
1359491,2023,Chennai,12/04/23,Rajasthan Royals,Chennai Super Kings,Chennai Super Kings,field,normal,0,Rajasthan Royals,runs,3,R Ashwin,MA Chidambaram Stadium,Vinod Seshan,VK Sharma,
1359492,2023,Chandigarh,13/04/23,Punjab Kings,Gujarat Titans,Gujarat Titans,field,normal,0,Gujarat Titans,wickets,6,MM Sharma,Punjab Cricket Association IS Bindra Stadium,A Totre,J Madanagopal,
1359493,2023,Kolkata,14/04/23,Sunrisers Hyderabad,Kolkata Knight Riders,Kolkata Knight Riders,field,normal,0,Sunrisers Hyderabad,runs,23,HC Brook,Eden Gardens,CB Gaffaney,GR Sadashiv Iyer,
1359494,2023,Bengaluru,15/04/23,Royal Challengers Bangalore,Delhi Capitals,Delhi Capitals,field,normal,0,Royal Challengers Bangalore,runs,23,V Kohli,M Chinnaswamy Stadium,KN Ananthapadmanabhan,MV Saidharshan Kumar,
1359495,2023,Lucknow,15/04/23,Lucknow Super Giants,Punjab Kings,Punjab Kings,field,normal,0,Punjab Kings,wickets,2,Sikandar Raza,Bharat Ratna Shri Atal Bihari Vajpayee Ekana Cricket Stadium,HAS Khalid,VK Sharma,
1359496,2023,Mumbai,16/04/23,Kolkata Knight Riders,Mumbai Indians,Mumbai Indians,field,normal,0,Mumbai Indians,wickets,5,VR Iyer,Wankhede Stadium,BNJ Oxenford,UV Gandhe,
1359497,2023,Ahmedabad,16/04/23,Gujarat Titans,Rajasthan Royals,Rajasthan Royals,field,normal,0,Rajasthan Royals,wickets,3,SO Hetmyer,Narendra Modi Stadium,AK Chaudhary,CB Gaffaney,
1359498,2023,Bengaluru,17/04/23,Chennai Super Kings,Royal Challengers Bangalore,Royal Challengers Bangalore,field,normal,0,Chennai Super Kings,runs,8,DP Conway,M Chinnaswamy Stadium,KN Ananthapadmanabhan,Navdeep Singh,
1359499,2023,Hyderabad,18/04/23,Mumbai Indians,Sunrisers Hyderabad,Sunrisers Hyderabad,field,normal,0,Mumbai Indians,runs,14,C Green,Rajiv Gandhi International Stadium,Nitin Menon,Vinod Seshan,
1359500,2023,Jaipur,19/04/23,Lucknow Super Giants,Rajasthan Royals,Rajasthan Royals,field,normal,0,Lucknow Super Giants,runs,10,MP Stoinis,Sawai Mansingh Stadium,J Madanagopal,YC Barde,
1359501,2023,Chandigarh,20/04/23,Royal Challengers Bangalore,Punjab Kings,Punjab Kings,field,normal,0,Royal Challengers Bangalore,runs,24,Mohammed Siraj,Punjab Cricket Association IS Bindra Stadium,AK Chaudhary,GR Sadashiv Iyer,
1359502,2023,Delhi,20/04/23,Kolkata Knight Riders,Delhi Capitals,Delhi Capitals,field,normal,0,Delhi Capitals,wickets,4,I Sharma,Arun Jaitley Stadium,MA Gough,R Pandit,
1359503,2023,Chennai,21/04/23,Sunrisers Hyderabad,Chennai Super Kings,Chennai Super Kings,field,normal,0,Chennai Super Kings,wickets,7,RA Jadeja,MA Chidambaram Stadium,HAS Khalid,VK Sharma,
1359504,2023,Lucknow,22/04/23,Gujarat Titans,Lucknow Super Giants,Gujarat Titans,bat,normal,0,Gujarat Titans,runs,7,MM Sharma,Bharat Ratna Shri Atal Bihari Vajpayee Ekana Cricket Stadium,A Totre,RJ Tucker,
1359505,2023,Mumbai,22/04/23,Punjab Kings,Mumbai Indians,Mumbai Indians,field,normal,0,Punjab Kings,runs,13,SM Curran,Wankhede Stadium,CB Gaffaney,GR Sadashiv Iyer,
1359506,2023,Bengaluru,23/04/23,Royal Challengers Bangalore,Rajasthan Royals,Rajasthan Royals,field,normal,0,Royal Challengers Bangalore,runs,7,GJ Maxwell,M Chinnaswamy Stadium,MA Gough,MV Saidharshan Kumar,
1359507,2023,Kolkata,23/04/23,Chennai Super Kings,Kolkata Knight Riders,Kolkata Knight Riders,field,normal,0,Chennai Super Kings,runs,49,AM Rahane,Eden Gardens,Nitin Menon,Tapan Sharma,
1359508,2023,Hyderabad,24/04/23,Delhi Capitals,Sunrisers Hyderabad,Delhi Capitals,bat,normal,0,Delhi Capitals,runs,7,AR Patel,Rajiv Gandhi International Stadium,J Madanagopal,RJ Tucker,
1359509,2023,Ahmedabad,25/04/23,Gujarat Titans,Mumbai Indians,Mumbai Indians,field,normal,0,Gujarat Titans,runs,55,A Manohar,Narendra Modi Stadium,AK Chaudhary,A Nand Kishore,
1359510,2023,Bengaluru,26/04/23,Kolkata Knight Riders,Royal Challengers Bangalore,Royal Challengers Bangalore,field,normal,0,Kolkata Knight Riders,runs,21,CV Varun,M Chinnaswamy Stadium,KN Ananthapadmanabhan,R Pandit,
1359511,2023,Jaipur,27/04/23,Rajasthan Royals,Chennai Super Kings,Rajasthan Royals,bat,normal,0,Rajasthan Royals,runs,32,YBK Jaiswal,Sawai Mansingh Stadium,A Totre,YC Barde,
1359512,2023,Chandigarh,28/04/23,Lucknow Super Giants,Punjab Kings,Punjab Kings,field,normal,0,Lucknow Super Giants,runs,56,MP Stoinis,Punjab Cricket Association IS Bindra Stadium,Nitin Menon,Vinod Seshan,
1359513,2023,Kolkata,29/04/23,Kolkata Knight Riders,Gujarat Titans,Gujarat Titans,field,normal,0,Gujarat Titans,wickets,7,J Little,Eden Gardens,NA Patwardhan,GR Sadashiv Iyer,
1359514,2023,Delhi,29/04/23,Sunrisers Hyderabad,Delhi Capitals,Sunrisers Hyderabad,bat,normal,0,Sunrisers Hyderabad,runs,9,MR Marsh,Arun Jaitley Stadium,MA Gough,Navdeep Singh,
1359515,2023,Chennai,30/04/23,Chennai Super Kings,Punjab Kings,Chennai Super Kings,bat,normal,0,Punjab Kings,wickets,4,DP Conway,MA Chidambaram Stadium,RJ Tucker,UV Gandhe,
1359516,2023,Mumbai,30/04/23,Rajasthan Royals,Mumbai Indians,Rajasthan Royals,bat,normal,0,Mumbai Indians,wickets,6,YBK Jaiswal,Wankhede Stadium,Vinod Seshan,VK Sharma,
1359517,2023,Lucknow,01/05/23,Royal Challengers Bangalore,Lucknow Super Giants,Royal Challengers Bangalore,bat,normal,0,Royal Challengers Bangalore,runs,18,F du Plessis,Bharat Ratna Shri Atal Bihari Vajpayee Ekana Cricket Stadium,AK Chaudhary,GR Sadashiv Iyer,
1359518,2023,Ahmedabad,02/05/23,Delhi Capitals,Gujarat Titans,Delhi Capitals,bat,normal,0,Delhi Capitals,runs,5,Mohammed Shami,Narendra Modi Stadium,MA Gough,R Pandit,
1359519,2023,Lucknow,03/05/23,Lucknow Super Giants,Chennai Super Kings,Chennai Super Kings,field,no result,0,,,0,,Bharat Ratna Shri Atal Bihari Vajpayee Ekana Cricket Stadium,AK Chaudhary,NA Patwardhan,
1359520,2023,Chandigarh,03/05/23,Punjab Kings,Mumbai Indians,Mumbai Indians,field,normal,0,Mumbai Indians,wickets,6,Ishan Kishan,Punjab Cricket Association IS Bindra Stadium,J Madanagopal,RJ Tucker,
1359521,2023,Hyderabad,04/05/23,Kolkata Knight Riders,Sunrisers Hyderabad,Kolkata Knight Riders,bat,normal,0,Kolkata Knight Riders,runs,5,CV Varun,Rajiv Gandhi International Stadium,KN Ananthapadmanabhan,MA Gough,
1359522,2023,Jaipur,05/05/23,Rajasthan Royals,Gujarat Titans,Rajasthan Royals,bat,normal,0,Gujarat Titans,wickets,9,Rashid Khan,Sawai Mansingh Stadium,HAS Khalid,VK Sharma,
1359523,2023,Chennai,06/05/23,Mumbai Indians,Chennai Super Kings,Chennai Super Kings,field,normal,0,Chennai Super Kings,wickets,6,M Pathirana,MA Chidambaram Stadium,BNJ Oxenford,Navdeep Singh,
1359524,2023,Delhi,06/05/23,Royal Challengers Bangalore,Delhi Capitals,Royal Challengers Bangalore,bat,normal,0,Delhi Capitals,wickets,7,PD Salt,Arun Jaitley Stadium,RJ Tucker,YC Barde,
1359525,2023,Ahmedabad,07/05/23,Gujarat Titans,Lucknow Super Giants,Lucknow Super Giants,field,normal,0,Gujarat Titans,runs,56,Shubman Gill,Narendra Modi Stadium,AK Chaudhary,A Nand Kishore,
1359526,2023,Jaipur,07/05/23,Rajasthan Royals,Sunrisers Hyderabad,Rajasthan Royals,bat,normal,0,Sunrisers Hyderabad,wickets,4,GD Phillips,Sawai Mansingh Stadium,Nitin Menon,Vinod Seshan,
1359527,2023,Kolkata,08/05/23,Punjab Kings,Kolkata Knight Riders,Punjab Kings,bat,normal,0,Kolkata Knight Riders,wickets,5,AD Russell,Eden Gardens,A Totre,J Madanagopal,
1359528,2023,Mumbai,09/05/23,Royal Challengers Bangalore,Mumbai Indians,Mumbai Indians,field,normal,0,Mumbai Indians,wickets,6,SA Yadav,Wankhede Stadium,HAS Khalid,VK Sharma,
1359529,2023,Chennai,10/05/23,Chennai Super Kings,Delhi Capitals,Chennai Super Kings,bat,normal,0,Chennai Super Kings,runs,27,RA Jadeja,MA Chidambaram Stadium,CB Gaffaney,NA Patwardhan,
1359530,2023,Kolkata,11/05/23,Kolkata Knight Riders,Rajasthan Royals,Rajasthan Royals,field,normal,0,Rajasthan Royals,wickets,9,YBK Jaiswal,Eden Gardens,RJ Tucker,MV Saidharshan Kumar,
1359531,2023,Mumbai,12/05/23,Mumbai Indians,Gujarat Titans,Gujarat Titans,field,normal,0,Mumbai Indians,runs,27,SA Yadav,Wankhede Stadium,Nitin Menon,Tapan Sharma,
1359532,2023,Hyderabad,13/05/23,Sunrisers Hyderabad,Lucknow Super Giants,Sunrisers Hyderabad,bat,normal,0,Lucknow Super Giants,wickets,7,PN Mankad,Rajiv Gandhi International Stadium,A Totre,J Madanagopal,
1359533,2023,Delhi,13/05/23,Punjab Kings,Delhi Capitals,Delhi Capitals,field,normal,0,Punjab Kings,runs,31,P Simran Singh,Arun Jaitley Stadium,CB Gaffaney,NA Patwardhan,
1359534,2023,Jaipur,14/05/23,Royal Challengers Bangalore,Rajasthan Royals,Royal Challengers Bangalore,bat,normal,0,Royal Challengers Bangalore,runs,112,WD Parnell,Sawai Mansingh Stadium,KN Ananthapadmanabhan,Navdeep Singh,
1359535,2023,Chennai,14/05/23,Chennai Super Kings,Kolkata Knight Riders,Chennai Super Kings,bat,normal,0,Kolkata Knight Riders,wickets,6,RK Singh,MA Chidambaram Stadium,Tapan Sharma,Vinod Seshan,
1359536,2023,Ahmedabad,15/05/23,Gujarat Titans,Sunrisers Hyderabad,Sunrisers Hyderabad,field,normal,0,Gujarat Titans,runs,34,Shubman Gill,Narendra Modi Stadium,J Madanagopal,UV Gandhe,
1359537,2023,Lucknow,16/05/23,Lucknow Super Giants,Mumbai Indians,Mumbai Indians,field,normal,0,Lucknow Super Giants,runs,5,MP Stoinis,Bharat Ratna Shri Atal Bihari Vajpayee Ekana Cricket Stadium,AK Chaudhary,A Nand Kishore,
1359538,2023,Dharamsala,17/05/23,Delhi Capitals,Punjab Kings,Punjab Kings,field,normal,0,Delhi Capitals,runs,15,RR Rossouw,Himachal Pradesh Cricket Association Stadium,KN Ananthapadmanabhan,MV Saidharshan Kumar,
1359539,2023,Hyderabad,18/05/23,Sunrisers Hyderabad,Royal Challengers Bangalore,Royal Challengers Bangalore,field,normal,0,Royal Challengers Bangalore,wickets,8,V Kohli,Rajiv Gandhi International Stadium,BNJ Oxenford,VK Sharma,
1359540,2023,Dharamsala,19/05/23,Punjab Kings,Rajasthan Royals,Rajasthan Royals,field,normal,0,Rajasthan Royals,wickets,4,D Padikkal,Himachal Pradesh Cricket Association Stadium,A Nand Kishore,RJ Tucker,
1359541,2023,Delhi,20/05/23,Chennai Super Kings,Delhi Capitals,Chennai Super Kings,bat,normal,0,Chennai Super Kings,runs,77,RD Gaikwad,Arun Jaitley Stadium,CB Gaffaney,NA Patwardhan,
1359542,2023,Kolkata,20/05/23,Lucknow Super Giants,Kolkata Knight Riders,Kolkata Knight Riders,field,normal,0,Lucknow Super Giants,runs,1,N Pooran,Eden Gardens,J Madanagopal,UV Gandhe,
1359543,2023,Mumbai,21/05/23,Sunrisers Hyderabad,Mumbai Indians,Mumbai Indians,field,normal,0,Mumbai Indians,wickets,8,C Green,Wankhede Stadium,KN Ananthapadmanabhan,RJ Tucker,
1359544,2023,Bengaluru,21/05/23,Royal Challengers Bangalore,Gujarat Titans,Gujarat Titans,field,normal,0,Gujarat Titans,wickets,6,Shubman Gill,M Chinnaswamy Stadium,Nitin Menon,VK Sharma,
1370350,2023,Chennai,23/05/23,Chennai Super Kings,Gujarat Titans,Gujarat Titans,field,normal,0,Chennai Super Kings,runs,15,RD Gaikwad,MA Chidambaram Stadium,AK Chaudhary,CB Gaffaney,
1370351,2023,Chennai,24/05/23,Mumbai Indians,Lucknow Super Giants,Mumbai Indians,bat,normal,0,Mumbai Indians,runs,81,Akash Madhwal,MA Chidambaram Stadium,BNJ Oxenford,VK Sharma,
1370352,2023,Ahmedabad,26/05/23,Gujarat Titans,Mumbai Indians,Mumbai Indians,field,normal,0,Gujarat Titans,runs,62,Shubman Gill,Narendra Modi Stadium,Nitin Menon,RJ Tucker,
1370353,2023,Ahmedabad,29/05/23,Gujarat Titans,Chennai Super Kings,Chennai Super Kings,field,normal,0,Chennai Super Kings,wickets,5,DP Conway,Narendra Modi Stadium,Nitin Menon,RJ Tucker,
1422119,2024,Chennai,22/03/24,Royal Challengers Bengaluru,Chennai Super Kings,Royal Challengers Bengaluru,bat,normal,0,Chennai Super Kings,wickets,6,Mustafizur Rahman,MA Chidambaram Stadium,HAS Khalid,VK Sharma,
1422120,2024,Mohali,23/03/24,Delhi Capitals,Punjab Kings,Punjab Kings,field,normal,0,Punjab Kings,wickets,4,SM Curran,Maharaja Yadavindra Singh International Cricket Stadium,J Madanagopal,NA Patwardhan,
1422121,2024,Kolkata,23/03/24,Kolkata Knight Riders,Sunrisers Hyderabad,Sunrisers Hyderabad,field,normal,0,Kolkata Knight Riders,runs,4,AD Russell,Eden Gardens,R Pandit,YC Barde,
1422122,2024,Jaipur,24/03/24,Rajasthan Royals,Lucknow Super Giants,Rajasthan Royals,bat,normal,0,Rajasthan Royals,runs,20,SV Samson,Sawai Mansingh Stadium,A Totre,HDPK Dharmasena,
1422123,2024,Ahmedabad,24/03/24,Gujarat Titans,Mumbai Indians,Mumbai Indians,field,normal,0,Gujarat Titans,runs,6,B Sai Sudharsan,Narendra Modi Stadium,VA Kulkarni,VK Sharma,
1422124,2024,Bengaluru,25/03/24,Punjab Kings,Royal Challengers Bengaluru,Royal Challengers Bengaluru,field,normal,0,Royal Challengers Bengaluru,wickets,4,V Kohli,M Chinnaswamy Stadium,AK Chaudhary,MV Saidharshan Kumar,
1422125,2024,Chennai,26/03/24,Chennai Super Kings,Gujarat Titans,Gujarat Titans,field,normal,0,Chennai Super Kings,runs,63,S Dube,MA Chidambaram Stadium,AG Wharf,Tapan Sharma,
1422126,2024,Hyderabad,27/03/24,Sunrisers Hyderabad,Mumbai Indians,Mumbai Indians,field,normal,0,Sunrisers Hyderabad,runs,31,Abhishek Sharma,Rajiv Gandhi International Stadium,KN Ananthapadmanabhan,UV Gandhe,
1422127,2024,Jaipur,28/03/24,Rajasthan Royals,Delhi Capitals,Delhi Capitals,field,normal,0,Rajasthan Royals,runs,12,R Parag,Sawai Mansingh Stadium,A Nand Kishore,Nitin Menon,
1422128,2024,Bengaluru,29/03/24,Royal Challengers Bengaluru,Kolkata Knight Riders,Kolkata Knight Riders,field,normal,0,Kolkata Knight Riders,wickets,7,SP Narine,M Chinnaswamy Stadium,AK Chaudhary,R Pandit,
1422129,2024,Lucknow,30/03/24,Lucknow Super Giants,Punjab Kings,Lucknow Super Giants,bat,normal,0,Lucknow Super Giants,runs,21,MP Yadav,Bharat Ratna Shri Atal Bihari Vajpayee Ekana Cricket Stadium,J Madanagopal,Navdeep Singh,
1422130,2024,Ahmedabad,31/03/24,Sunrisers Hyderabad,Gujarat Titans,Sunrisers Hyderabad,bat,normal,0,Gujarat Titans,wickets,7,MM Sharma,Narendra Modi Stadium,HAS Khalid,VK Sharma,
1422131,2024,Visakhapatnam,31/03/24,Delhi Capitals,Chennai Super Kings,Delhi Capitals,bat,normal,0,Delhi Capitals,runs,20,KK Ahmed,Dr. Y.S. Rajasekhara Reddy ACA-VDCA Cricket Stadium,HDPK Dharmasena,Vinod Seshan,
1422132,2024,Mumbai,01/04/24,Mumbai Indians,Rajasthan Royals,Rajasthan Royals,field,normal,0,Rajasthan Royals,wickets,6,TA Boult,Wankhede Stadium,MV Saidharshan Kumar,YC Barde,
1422133,2024,Bengaluru,02/04/24,Lucknow Super Giants,Royal Challengers Bengaluru,Royal Challengers Bengaluru,field,normal,0,Lucknow Super Giants,runs,28,MP Yadav,M Chinnaswamy Stadium,J Madanagopal,NA Patwardhan,
1422134,2024,Visakhapatnam,03/04/24,Kolkata Knight Riders,Delhi Capitals,Kolkata Knight Riders,bat,normal,0,Kolkata Knight Riders,runs,106,SP Narine,Dr. Y.S. Rajasekhara Reddy ACA-VDCA Cricket Stadium,A Totre,UV Gandhe,
1422135,2024,Ahmedabad,04/04/24,Gujarat Titans,Punjab Kings,Punjab Kings,field,normal,0,Punjab Kings,wickets,3,Shashank Singh,Narendra Modi Stadium,Nitin Menon,VA Kulkarni,
1422136,2024,Hyderabad,05/04/24,Chennai Super Kings,Sunrisers Hyderabad,Sunrisers Hyderabad,field,normal,0,Sunrisers Hyderabad,wickets,6,Abhishek Sharma,Rajiv Gandhi International Stadium,R Pandit,YC Barde,
1422137,2024,Jaipur,06/04/24,Royal Challengers Bengaluru,Rajasthan Royals,Rajasthan Royals,field,normal,0,Rajasthan Royals,wickets,6,JC Buttler,Sawai Mansingh Stadium,AG Wharf,Tapan Sharma,
1422138,2024,Mumbai,07/04/24,Mumbai Indians,Delhi Capitals,Delhi Capitals,field,normal,0,Mumbai Indians,runs,29,R Shepherd,Wankhede Stadium,HDPK Dharmasena,UV Gandhe,
1422139,2024,Lucknow,07/04/24,Lucknow Super Giants,Gujarat Titans,Lucknow Super Giants,bat,normal,0,Lucknow Super Giants,runs,33,Yash Thakur,Bharat Ratna Shri Atal Bihari Vajpayee Ekana Cricket Stadium,A Nand Kishore,VK Sharma,
1426260,2024,Chennai,08/04/24,Kolkata Knight Riders,Chennai Super Kings,Chennai Super Kings,field,normal,0,Chennai Super Kings,wickets,7,RA Jadeja,MA Chidambaram Stadium,AK Chaudhary,MV Saidharshan Kumar,
1426261,2024,Mohali,09/04/24,Sunrisers Hyderabad,Punjab Kings,Punjab Kings,field,normal,0,Sunrisers Hyderabad,runs,2,Nithish Kumar Reddy,Maharaja Yadavindra Singh International Cricket Stadium,Navdeep Singh,NA Patwardhan,
1426262,2024,Jaipur,10/04/24,Rajasthan Royals,Gujarat Titans,Gujarat Titans,field,normal,0,Gujarat Titans,wickets,3,Rashid Khan,Sawai Mansingh Stadium,HDPK Dharmasena,Vinod Seshan,
1426263,2024,Mumbai,11/04/24,Royal Challengers Bengaluru,Mumbai Indians,Mumbai Indians,field,normal,0,Mumbai Indians,wickets,7,JJ Bumrah,Wankhede Stadium,Nitin Menon,VA Kulkarni,
1426264,2024,Lucknow,12/04/24,Lucknow Super Giants,Delhi Capitals,Lucknow Super Giants,bat,normal,0,Delhi Capitals,wickets,6,Kuldeep Yadav,Bharat Ratna Shri Atal Bihari Vajpayee Ekana Cricket Stadium,R Pandit,YC Barde,
1426265,2024,Mohali,13/04/24,Punjab Kings,Rajasthan Royals,Rajasthan Royals,field,normal,0,Rajasthan Royals,wickets,3,SO Hetmyer,Maharaja Yadavindra Singh International Cricket Stadium,AK Chaudhary,Tapan Sharma,
1426266,2024,Kolkata,14/04/24,Lucknow Super Giants,Kolkata Knight Riders,Kolkata Knight Riders,field,normal,0,Kolkata Knight Riders,wickets,8,PD Salt,Eden Gardens,A Totre,Vinod Seshan,
1426267,2024,Mumbai,14/04/24,Chennai Super Kings,Mumbai Indians,Mumbai Indians,field,normal,0,Chennai Super Kings,runs,20,M Pathirana,Wankhede Stadium,Nitin Menon,HAS Khalid,
1426268,2024,Bengaluru,15/04/24,Sunrisers Hyderabad,Royal Challengers Bengaluru,Royal Challengers Bengaluru,field,normal,0,Sunrisers Hyderabad,runs,25,TM Head,M Chinnaswamy Stadium,AK Chaudhary,R Pandit,
1426269,2024,Kolkata,16/04/24,Kolkata Knight Riders,Rajasthan Royals,Rajasthan Royals,field,normal,0,Rajasthan Royals,wickets,2,JC Buttler,Eden Gardens,MA Gough,UV Gandhe,
1426270,2024,Ahmedabad,17/04/24,Gujarat Titans,Delhi Capitals,Delhi Capitals,field,normal,0,Delhi Capitals,wickets,6,RR Pant,Narendra Modi Stadium,NA Patwardhan,VK Sharma,
1426271,2024,Mohali,18/04/24,Mumbai Indians,Punjab Kings,Punjab Kings,field,normal,0,Mumbai Indians,runs,9,JJ Bumrah,Maharaja Yadavindra Singh International Cricket Stadium,A Nand Kishore,VA Kulkarni,
1426272,2024,Lucknow,19/04/24,Chennai Super Kings,Lucknow Super Giants,Lucknow Super Giants,field,normal,0,Lucknow Super Giants,wickets,8,KL Rahul,Bharat Ratna Shri Atal Bihari Vajpayee Ekana Cricket Stadium,AK Chaudhary,R Pandit,
1426273,2024,Delhi,20/04/24,Sunrisers Hyderabad,Delhi Capitals,Delhi Capitals,field,normal,0,Sunrisers Hyderabad,runs,67,TM Head,Arun Jaitley Stadium,J Madanagopal,Navdeep Singh,
1426274,2024,Kolkata,21/04/24,Kolkata Knight Riders,Royal Challengers Bengaluru,Royal Challengers Bengaluru,field,normal,0,Kolkata Knight Riders,runs,1,AD Russell,Eden Gardens,A Totre,Vinod Seshan,
1426275,2024,Mohali,21/04/24,Punjab Kings,Gujarat Titans,Punjab Kings,bat,normal,0,Gujarat Titans,wickets,3,R Sai Kishore,Maharaja Yadavindra Singh International Cricket Stadium,A Nand Kishore,VA Kulkarni,
1426276,2024,Jaipur,22/04/24,Mumbai Indians,Rajasthan Royals,Mumbai Indians,bat,normal,0,Rajasthan Royals,wickets,9,Sandeep Sharma,Sawai Mansingh Stadium,AK Chaudhary,MV Saidharshan Kumar,
1426277,2024,Chennai,23/04/24,Chennai Super Kings,Lucknow Super Giants,Lucknow Super Giants,field,normal,0,Lucknow Super Giants,wickets,6,MP Stoinis,MA Chidambaram Stadium,NA Patwardhan,Tapan Sharma,
1426278,2024,Delhi,24/04/24,Delhi Capitals,Gujarat Titans,Gujarat Titans,field,normal,0,Delhi Capitals,runs,4,RR Pant,Arun Jaitley Stadium,KN Ananthapadmanabhan,UV Gandhe,
1426279,2024,Hyderabad,25/04/24,Royal Challengers Bengaluru,Sunrisers Hyderabad,Royal Challengers Bengaluru,bat,normal,0,Royal Challengers Bengaluru,runs,35,RM Patidar,Rajiv Gandhi International Stadium,Nitin Menon,HAS Khalid,
1426280,2024,Kolkata,26/04/24,Kolkata Knight Riders,Punjab Kings,Punjab Kings,field,normal,0,Punjab Kings,wickets,8,JM Bairstow,Eden Gardens,AK Chaudhary,YC Barde,
1426281,2024,Delhi,27/04/24,Delhi Capitals,Mumbai Indians,Mumbai Indians,field,normal,0,Delhi Capitals,runs,10,J Fraser-McGurk,Arun Jaitley Stadium,Navdeep Singh,NA Patwardhan,
1426282,2024,Lucknow,27/04/24,Lucknow Super Giants,Rajasthan Royals,Rajasthan Royals,field,normal,0,Rajasthan Royals,wickets,7,SV Samson,Bharat Ratna Shri Atal Bihari Vajpayee Ekana Cricket Stadium,KN Ananthapadmanabhan,MA Gough,
1426283,2024,Ahmedabad,28/04/24,Gujarat Titans,Royal Challengers Bengaluru,Royal Challengers Bengaluru,field,normal,0,Royal Challengers Bengaluru,wickets,9,WG Jacks,Narendra Modi Stadium,Nitin Menon,VK Sharma,
1426284,2024,Chennai,28/04/24,Chennai Super Kings,Sunrisers Hyderabad,Sunrisers Hyderabad,field,normal,0,Chennai Super Kings,runs,78,RD Gaikwad,MA Chidambaram Stadium,R Pandit,MV Saidharshan Kumar,
1426285,2024,Kolkata,29/04/24,Delhi Capitals,Kolkata Knight Riders,Delhi Capitals,bat,normal,0,Kolkata Knight Riders,wickets,7,CV Varun,Eden Gardens,Navdeep Singh,Tapan Sharma,
1426286,2024,Lucknow,30/04/24,Mumbai Indians,Lucknow Super Giants,Lucknow Super Giants,field,normal,0,Lucknow Super Giants,wickets,4,MP Stoinis,Bharat Ratna Shri Atal Bihari Vajpayee Ekana Cricket Stadium,MA Gough,UV Gandhe,
1426287,2024,Chennai,01/05/24,Chennai Super Kings,Punjab Kings,Punjab Kings,field,normal,0,Punjab Kings,wickets,7,Harpreet Brar,MA Chidambaram Stadium,HAS Khalid,VK Sharma,
1426288,2024,Hyderabad,02/05/24,Sunrisers Hyderabad,Rajasthan Royals,Sunrisers Hyderabad,bat,normal,0,Sunrisers Hyderabad,runs,1,B Kumar,Rajiv Gandhi International Stadium,AK Chaudhary,YC Barde,
1426289,2024,Mumbai,03/05/24,Kolkata Knight Riders,Mumbai Indians,Mumbai Indians,field,normal,0,Kolkata Knight Riders,runs,24,VR Iyer,Wankhede Stadium,J Madanagopal,Tapan Sharma,
1426290,2024,Bengaluru,04/05/24,Gujarat Titans,Royal Challengers Bengaluru,Royal Challengers Bengaluru,field,normal,0,Royal Challengers Bengaluru,wickets,4,Mohammed Siraj,M Chinnaswamy Stadium,A Totre,Vinod Seshan,
1426291,2024,Dharamsala,05/05/24,Chennai Super Kings,Punjab Kings,Punjab Kings,field,normal,0,Chennai Super Kings,runs,28,RA Jadeja,Himachal Pradesh Cricket Association Stadium,A Nand Kishore,VA Kulkarni,
1426292,2024,Lucknow,05/05/24,Kolkata Knight Riders,Lucknow Super Giants,Lucknow Super Giants,field,normal,0,Kolkata Knight Riders,runs,98,SP Narine,Bharat Ratna Shri Atal Bihari Vajpayee Ekana Cricket Stadium,MV Saidharshan Kumar,YC Barde,
1426293,2024,Mumbai,06/05/24,Sunrisers Hyderabad,Mumbai Indians,Mumbai Indians,field,normal,0,Mumbai Indians,wickets,7,SA Yadav,Wankhede Stadium,Navdeep Singh,Tapan Sharma,
1426294,2024,Delhi,07/05/24,Delhi Capitals,Rajasthan Royals,Rajasthan Royals,field,normal,0,Delhi Capitals,runs,20,Kuldeep Yadav,Arun Jaitley Stadium,KN Ananthapadmanabhan,UV Gandhe,
1426295,2024,Hyderabad,08/05/24,Lucknow Super Giants,Sunrisers Hyderabad,Lucknow Super Giants,bat,normal,0,Sunrisers Hyderabad,wickets,10,TM Head,Rajiv Gandhi International Stadium,MV Saidharshan Kumar,YC Barde,
1426296,2024,Dharamsala,09/05/24,Royal Challengers Bengaluru,Punjab Kings,Punjab Kings,field,normal,0,Royal Challengers Bengaluru,runs,60,V Kohli,Himachal Pradesh Cricket Association Stadium,Nitin Menon,HAS Khalid,
1426297,2024,Ahmedabad,10/05/24,Gujarat Titans,Chennai Super Kings,Chennai Super Kings,field,normal,0,Gujarat Titans,runs,35,Shubman Gill,Narendra Modi Stadium,KN Ananthapadmanabhan,NA Patwardhan,
1426298,2024,Kolkata,11/05/24,Kolkata Knight Riders,Mumbai Indians,Mumbai Indians,field,normal,0,Kolkata Knight Riders,runs,18,CV Varun,Eden Gardens,UV Gandhe,Vinod Seshan,
1426299,2024,Chennai,12/05/24,Rajasthan Royals,Chennai Super Kings,Rajasthan Royals,bat,normal,0,Chennai Super Kings,wickets,5,Simarjeet Singh,MA Chidambaram Stadium,R Pandit,YC Barde,
1426300,2024,Bengaluru,12/05/24,Royal Challengers Bengaluru,Delhi Capitals,Delhi Capitals,field,normal,0,Royal Challengers Bengaluru,runs,47,C Green,M Chinnaswamy Stadium,A Nand Kishore,VA Kulkarni,
1426302,2024,Delhi,14/05/24,Delhi Capitals,Lucknow Super Giants,Lucknow Super Giants,field,normal,0,Delhi Capitals,runs,19,I Sharma,Arun Jaitley Stadium,A Totre,Vinod Seshan,
1426303,2024,Guwahati,15/05/24,Rajasthan Royals,Punjab Kings,Rajasthan Royals,bat,normal,0,Punjab Kings,wickets,5,SM Curran,Barsapara Cricket Stadium,R Pandit,MV Saidharshan Kumar,
1426305,2024,Mumbai,17/05/24,Lucknow Super Giants,Mumbai Indians,Mumbai Indians,field,normal,0,Lucknow Super Giants,runs,18,N Pooran,Wankhede Stadium,Navdeep Singh,R Pandit,
1426306,2024,Bengaluru,18/05/24,Royal Challengers Bengaluru,Chennai Super Kings,Chennai Super Kings,field,normal,0,Royal Challengers Bengaluru,runs,27,F du Plessis,M Chinnaswamy Stadium,A Totre,KN Ananthapadmanabhan,
1426307,2024,Hyderabad,19/05/24,Punjab Kings,Sunrisers Hyderabad,Punjab Kings,bat,normal,0,Sunrisers Hyderabad,wickets,4,Abhishek Sharma,Rajiv Gandhi International Stadium,Nitin Menon,VK Sharma,
1426309,2024,Ahmedabad,21/05/24,Sunrisers Hyderabad,Kolkata Knight Riders,Sunrisers Hyderabad,bat,normal,0,Kolkata Knight Riders,wickets,8,MA Starc,Narendra Modi Stadium,AK Chaudhary,R Pandit,
1426310,2024,Ahmedabad,22/05/24,Royal Challengers Bengaluru,Rajasthan Royals,Rajasthan Royals,field,normal,0,Rajasthan Royals,wickets,4,R Ashwin,Narendra Modi Stadium,KN Ananthapadmanabhan,MV Saidharshan Kumar,
1426311,2024,Chennai,24/05/24 0:00,Sunrisers Hyderabad,Rajasthan Royals,Rajasthan Royals,field,normal,0,Sunrisers Hyderabad,runs,36,Shahbaz Ahmed,MA Chidambaram Stadium,Nitin Menon,VK Sharma,
1426312,2024,Chennai,26/05/24 0:00,Sunrisers Hyderabad,Kolkata Knight Riders,Sunrisers Hyderabad,bat,normal,0,Kolkata Knight Riders,wickets,8,MA Starc,MA Chidambaram Stadium,J Madanagopal,Nitin Menon,
1473438,2025,Kolkata,22/03/25 0:00,Kolkata Knight Riders,Royal Challengers Bengaluru,Royal Challengers Bengaluru,field,normal,0,Royal Challengers Bengaluru,wickets,7,KH Pandya,Eden Gardens,A Bengeri,Vinod Seshan,
1473439,2025,Hyderabad,23/03/25 0:00,Sunrisers Hyderabad,Rajasthan Royals,Rajasthan Royals,field,normal,0,Sunrisers Hyderabad,runs,44,Ishan Kishan,Rajiv Gandhi International Stadium,AT Holdstock,A Totre,
1473440,2025,Chennai,23/03/25 0:00,Mumbai Indians,Chennai Super Kings,Chennai Super Kings,field,normal,0,Chennai Super Kings,wickets,4,Noor Ahmad,MA Chidambaram Stadium,KN Ananthapadmanabhan,HAS Khalid,
1473441,2025,Visakhapatnam,24/03/25 0:00,Lucknow Super Giants,Delhi Capitals,Delhi Capitals,field,normal,0,Delhi Capitals,wickets,1,Ashutosh Sharma,Dr. Y.S. Rajasekhara Reddy ACA-VDCA Cricket Stadium,Abhijit Bhattacharya,UV Gandhe,
1473442,2025,Ahmedabad,25/03/25 0:00,Punjab Kings,Gujarat Titans,Gujarat Titans,field,normal,0,Punjab Kings,runs,11,SS Iyer,Narendra Modi Stadium,A Bengeri,Vinod Seshan,
1473443,2025,Guwahati,26/03/25 0:00,Rajasthan Royals,Kolkata Knight Riders,Kolkata Knight Riders,field,normal,0,Kolkata Knight Riders,wickets,8,Q de Kock,Barsapara Cricket Stadium,A Totre,R Pandit,
1473444,2025,Hyderabad,27/03/25 0:00,Sunrisers Hyderabad,Lucknow Super Giants,Lucknow Super Giants,field,normal,0,Lucknow Super Giants,wickets,5,SN Thakur,Rajiv Gandhi International Stadium,Abhijit Bhattacharya,UV Gandhe,
1473445,2025,Chennai,28/03/25 0:00,Royal Challengers Bengaluru,Chennai Super Kings,Chennai Super Kings,field,normal,0,Royal Challengers Bengaluru,runs,50,RM Patidar,MA Chidambaram Stadium,Nitin Menon,HAS Khalid,
1473446,2025,Ahmedabad,29/03/25 0:00,Gujarat Titans,Mumbai Indians,Mumbai Indians,field,normal,0,Gujarat Titans,runs,36,M Prasidh Krishna,Narendra Modi Stadium,A Bengeri,Vinod Seshan,
1473447,2025,Visakhapatnam,30/03/25 0:00,Sunrisers Hyderabad,Delhi Capitals,Sunrisers Hyderabad,bat,normal,0,Delhi Capitals,wickets,7,MA Starc,Dr. Y.S. Rajasekhara Reddy ACA-VDCA Cricket Stadium,Abhijit Bhattacharya,UV Gandhe,
1473448,2025,Guwahati,30/03/25 0:00,Rajasthan Royals,Chennai Super Kings,Chennai Super Kings,field,normal,0,Rajasthan Royals,runs,6,N Rana,Barsapara Cricket Stadium,AT Holdstock,A Totre,
1473449,2025,Mumbai,31/03/25 0:00,Kolkata Knight Riders,Mumbai Indians,Mumbai Indians,field,normal,0,Mumbai Indians,wickets,8,Ashwani Kumar,Wankhede Stadium,MV Saidharshan Kumar,HAS Khalid,
1473450,2025,Lucknow,01/04/25 0:00,Lucknow Super Giants,Punjab Kings,Punjab Kings,field,normal,0,Punjab Kings,wickets,8,P Simran Singh,Bharat Ratna Shri Atal Bihari Vajpayee Ekana Cricket Stadium,A Bengeri,Vinod Seshan,
1473451,2025,Bengaluru,02/04/25 0:00,Royal Challengers Bengaluru,Gujarat Titans,Gujarat Titans,field,normal,0,Gujarat Titans,wickets,8,Mohammed Siraj,M Chinnaswamy Stadium,Abhijit Bhattacharya,UV Gandhe,
1473452,2025,Kolkata,03/04/25 0:00,Kolkata Knight Riders,Sunrisers Hyderabad,Sunrisers Hyderabad,field,normal,0,Kolkata Knight Riders,runs,80,VG Arora,Eden Gardens,AT Holdstock,A Totre,
1473453,2025,Lucknow,04/04/25 0:00,Lucknow Super Giants,Mumbai Indians,Mumbai Indians,field,normal,0,Lucknow Super Giants,runs,12,DS Rathi,Bharat Ratna Shri Atal Bihari Vajpayee Ekana Cricket Stadium,Nitin Menon,MV Saidharshan Kumar,
1473454,2025,Chennai,05/04/25 0:00,Delhi Capitals,Chennai Super Kings,Delhi Capitals,bat,normal,0,Delhi Capitals,runs,25,KL Rahul,MA Chidambaram Stadium,A Bengeri,P Joshi,
1473455,2025,Mohali,05/04/25 0:00,Rajasthan Royals,Punjab Kings,Punjab Kings,field,normal,0,Rajasthan Royals,runs,50,JC Archer,Maharaja Yadavindra Singh International Cricket Stadium,K Swaroopanand,UV Gandhe,
1473457,2025,Hyderabad,06/04/25 0:00,Sunrisers Hyderabad,Gujarat Titans,Gujarat Titans,field,normal,0,Gujarat Titans,wickets,7,Mohammed Siraj,Rajiv Gandhi International Stadium,KN Ananthapadmanabhan,MV Saidharshan Kumar,
1473458,2025,Mumbai,07/04/25 0:00,Royal Challengers Bengaluru,Mumbai Indians,Mumbai Indians,field,normal,0,Royal Challengers Bengaluru,runs,12,RM Patidar,Wankhede Stadium,P Joshi,Vinod Seshan,
1473456,2025,Kolkata,08/04/25 0:00,Lucknow Super Giants,Kolkata Knight Riders,Kolkata Knight Riders,field,normal,0,Lucknow Super Giants,runs,4,N Pooran,Eden Gardens,AT Holdstock,A Totre,
1473459,2025,Mohali,08/04/25 0:00,Punjab Kings,Chennai Super Kings,Punjab Kings,bat,normal,0,Punjab Kings,runs,18,Priyansh Arya,Maharaja Yadavindra Singh International Cricket Stadium,Abhijit Bhattacharya,UV Gandhe,
1473460,2025,Ahmedabad,09/04/25 0:00,Gujarat Titans,Rajasthan Royals,Rajasthan Royals,field,normal,0,Gujarat Titans,runs,58,B Sai Sudharsan,Narendra Modi Stadium,A Totre,R Pandit,
1473461,2025,Bengaluru,10/04/25 0:00,Royal Challengers Bengaluru,Delhi Capitals,Delhi Capitals,field,normal,0,Delhi Capitals,wickets,6,KL Rahul,M Chinnaswamy Stadium,KN Ananthapadmanabhan,MV Saidharshan Kumar,
1473462,2025,Chennai,11/04/25 0:00,Chennai Super Kings,Kolkata Knight Riders,Kolkata Knight Riders,field,normal,0,Kolkata Knight Riders,wickets,8,SP Narine,MA Chidambaram Stadium,CB Gaffaney,P Joshi,
1473463,2025,Lucknow,12/04/25 0:00,Gujarat Titans,Lucknow Super Giants,Lucknow Super Giants,field,normal,0,Lucknow Super Giants,wickets,6,AK Markram,Bharat Ratna Shri Atal Bihari Vajpayee Ekana Cricket Stadium,K Swaroopanand,UV Gandhe,
1473464,2025,Hyderabad,12/04/25 0:00,Punjab Kings,Sunrisers Hyderabad,Punjab Kings,bat,normal,0,Sunrisers Hyderabad,wickets,8,Abhishek Sharma,Rajiv Gandhi International Stadium,A Totre,K Kelkar,
1473465,2025,Jaipur,13/04/25 0:00,Rajasthan Royals,Royal Challengers Bengaluru,Royal Challengers Bengaluru,field,normal,0,Royal Challengers Bengaluru,wickets,9,PD Salt,Sawai Mansingh Stadium,Nitin Menon,MV Saidharshan Kumar,
1473466,2025,Delhi,13/04/25 0:00,Mumbai Indians,Delhi Capitals,Delhi Capitals,field,normal,0,Mumbai Indians,runs,12,KV Sharma,Arun Jaitley Stadium,CB Gaffaney,Vinod Seshan,
1473467,2025,Lucknow,14/04/25 0:00,Lucknow Super Giants,Chennai Super Kings,Chennai Super Kings,field,normal,0,Chennai Super Kings,wickets,5,MS Dhoni,Bharat Ratna Shri Atal Bihari Vajpayee Ekana Cricket Stadium,UV Gandhe,VK Sharma,
1473468,2025,Mohali,15/04/25 0:00,Punjab Kings,Kolkata Knight Riders,Punjab Kings,bat,normal,0,Punjab Kings,runs,16,YS Chahal,Maharaja Yadavindra Singh International Cricket Stadium,M Krishnadas,MV Saidharshan Kumar,
1473469,2025,Delhi,16/04/25 0:00,Delhi Capitals,Rajasthan Royals,Rajasthan Royals,field,tie,0,Delhi Capitals,,0,MA Starc,Arun Jaitley Stadium,A Totre,K Kelkar,
1473470,2025,Mumbai,17/04/25 0:00,Sunrisers Hyderabad,Mumbai Indians,Mumbai Indians,field,normal,0,Mumbai Indians,wickets,4,WG Jacks,Wankhede Stadium,J Madanagopal,Vinod Seshan,
1473471,2025,Bengaluru,18/04/25 0:00,Royal Challengers Bengaluru,Punjab Kings,Punjab Kings,field,normal,0,Punjab Kings,wickets,5,TH David,M Chinnaswamy Stadium,UV Gandhe,VK Sharma,
1473472,2025,Ahmedabad,19/04/25 0:00,Delhi Capitals,Gujarat Titans,Gujarat Titans,field,normal,0,Gujarat Titans,wickets,7,JC Buttler,Narendra Modi Stadium,A Totre,K Kelkar,
1473473,2025,Jaipur,19/04/25 0:00,Lucknow Super Giants,Rajasthan Royals,Lucknow Super Giants,bat,normal,0,Lucknow Super Giants,runs,2,Avesh Khan,Sawai Mansingh Stadium,J Madanagopal,Vinod Seshan,
1473474,2025,Mohali,20/04/25 0:00,Punjab Kings,Royal Challengers Bengaluru,Royal Challengers Bengaluru,field,normal,0,Royal Challengers Bengaluru,wickets,7,V Kohli,Maharaja Yadavindra Singh International Cricket Stadium,KM Gandhi,MV Saidharshan Kumar,
1473475,2025,Mumbai,20/04/25 0:00,Chennai Super Kings,Mumbai Indians,Mumbai Indians,field,normal,0,Mumbai Indians,wickets,9,RG Sharma,Wankhede Stadium,Abhijit Bhattacharya,VK Sharma,
1473476,2025,Kolkata,21/04/25 0:00,Gujarat Titans,Kolkata Knight Riders,Kolkata Knight Riders,field,normal,0,Gujarat Titans,runs,39,Shubman Gill,Eden Gardens,Anish Sahasrabudhe,R Pandit,
1473477,2025,Lucknow,22/04/25 0:00,Lucknow Super Giants,Delhi Capitals,Delhi Capitals,field,normal,0,Delhi Capitals,wickets,8,Mukesh Kumar,Bharat Ratna Shri Atal Bihari Vajpayee Ekana Cricket Stadium,KM Gandhi,MV Saidharshan Kumar,
1473478,2025,Hyderabad,23/04/25 0:00,Sunrisers Hyderabad,Mumbai Indians,Mumbai Indians,field,normal,0,Mumbai Indians,wickets,7,TA Boult,Rajiv Gandhi International Stadium,J Madanagopal,Vinod Seshan,
1473479,2025,Bengaluru,24/04/25 0:00,Royal Challengers Bengaluru,Rajasthan Royals,Rajasthan Royals,field,normal,0,Royal Challengers Bengaluru,runs,11,JR Hazlewood,M Chinnaswamy Stadium,MA Gough,UV Gandhe,
1473480,2025,Chennai,25/04/25 0:00,Chennai Super Kings,Sunrisers Hyderabad,Sunrisers Hyderabad,field,normal,0,Sunrisers Hyderabad,wickets,5,HV Patel,MA Chidambaram Stadium,M Krishnadas,Nitin Menon,
1473481,2025,Kolkata,26/04/25 0:00,Punjab Kings,Kolkata Knight Riders,Punjab Kings,bat,no result,0,,,0,,Eden Gardens,AT Holdstock,Anish Sahasrabudhe,
1473482,2025,Mumbai,27/04/25 0:00,Mumbai Indians,Lucknow Super Giants,Lucknow Super Giants,field,normal,0,Mumbai Indians,runs,54,WG Jacks,Wankhede Stadium,CB Gaffaney,J Madanagopal,
1473483,2025,Delhi,27/04/25 0:00,Delhi Capitals,Royal Challengers Bengaluru,Royal Challengers Bengaluru,field,normal,0,Royal Challengers Bengaluru,wickets,6,KH Pandya,Arun Jaitley Stadium,M Krishnadas,Nitin Menon,
1473484,2025,Jaipur,28/04/25 0:00,Gujarat Titans,Rajasthan Royals,Rajasthan Royals,field,normal,0,Rajasthan Royals,wickets,8,V Suryavanshi,Sawai Mansingh Stadium,MA Gough,VK Sharma,
1473485,2025,Delhi,29/04/25 0:00,Kolkata Knight Riders,Delhi Capitals,Delhi Capitals,field,normal,0,Kolkata Knight Riders,runs,14,SP Narine,Arun Jaitley Stadium,M Krishnadas,MV Saidharshan Kumar,
1473486,2025,Chennai,30/04/25 0:00,Chennai Super Kings,Punjab Kings,Punjab Kings,field,normal,0,Punjab Kings,wickets,4,SS Iyer,MA Chidambaram Stadium,A Totre,Anish Sahasrabudhe,
1473487,2025,Jaipur,01/05/25 0:00,Mumbai Indians,Rajasthan Royals,Rajasthan Royals,field,normal,0,Mumbai Indians,runs,100,RD Rickelton,Sawai Mansingh Stadium,P Joshi,Vinod Seshan,
1473488,2025,Ahmedabad,02/05/25 0:00,Gujarat Titans,Sunrisers Hyderabad,Sunrisers Hyderabad,field,normal,0,Gujarat Titans,runs,38,M Prasidh Krishna,Narendra Modi Stadium,K Swaroopanand,VK Sharma,
1473489,2025,Bengaluru,03/05/25 0:00,Royal Challengers Bengaluru,Chennai Super Kings,Chennai Super Kings,field,normal,0,Royal Challengers Bengaluru,runs,2,R Shepherd,M Chinnaswamy Stadium,M Krishnadas,Nitin Menon,
1473490,2025,Kolkata,04/05/25 0:00,Kolkata Knight Riders,Rajasthan Royals,Kolkata Knight Riders,bat,normal,0,Kolkata Knight Riders,runs,1,AD Russell,Eden Gardens,Anish Sahasrabudhe,R Pandit,
1473491,2025,Dharamsala,04/05/25 0:00,Punjab Kings,Lucknow Super Giants,Lucknow Super Giants,field,normal,0,Punjab Kings,runs,37,P Simran Singh,Himachal Pradesh Cricket Association Stadium,J Madanagopal,P Joshi,
1473492,2025,Hyderabad,05/05/25 0:00,Delhi Capitals,Sunrisers Hyderabad,Sunrisers Hyderabad,field,no result,0,,,0,,Rajiv Gandhi International Stadium,K Swaroopanand,VK Sharma,
1473493,2025,Mumbai,06/05/25 0:00,Mumbai Indians,Gujarat Titans,Gujarat Titans,field,normal,1,Gujarat Titans,wickets,3,Shubman Gill,Wankhede Stadium,KM Gandhi,MV Saidharshan Kumar,
1473494,2025,Kolkata,07/05/25 0:00,Kolkata Knight Riders,Chennai Super Kings,Kolkata Knight Riders,bat,normal,0,Chennai Super Kings,wickets,2,Noor Ahmad,Eden Gardens,AT Holdstock,Anish Sahasrabudhe,
1473495,2025,Dharamsala,08/05/25 0:00,Punjab Kings,Delhi Capitals,Punjab Kings,bat,no result,0,,,0,,Himachal Pradesh Cricket Association Stadium,CB Gaffaney,P Joshi,
1473497,2025,Jaipur,18/05/25 0:00,Punjab Kings,Rajasthan Royals,Punjab Kings,bat,normal,0,Punjab Kings,runs,10,Harpreet Brar,Sawai Mansingh Stadium,A Bengeri,CB Gaffaney,
1473498,2025,Delhi,18/05/25 0:00,Delhi Capitals,Gujarat Titans,Gujarat Titans,field,normal,0,Gujarat Titans,wickets,10,B Sai Sudharsan,Arun Jaitley Stadium,AT Holdstock,K Kelkar,
1473499,2025,Lucknow,19/05/25 0:00,Lucknow Super Giants,Sunrisers Hyderabad,Sunrisers Hyderabad,field,normal,0,Sunrisers Hyderabad,wickets,6,Abhishek Sharma,Bharat Ratna Shri Atal Bihari Vajpayee Ekana Cricket Stadium,K Swaroopanand,MA Gough,
1473500,2025,Delhi,20/05/25 0:00,Chennai Super Kings,Rajasthan Royals,Rajasthan Royals,field,normal,0,Rajasthan Royals,wickets,6,Akash Madhwal,Arun Jaitley Stadium,K Kelkar,R Pandit,
1473501,2025,Mumbai,21/05/25 0:00,Mumbai Indians,Delhi Capitals,Delhi Capitals,field,normal,0,Mumbai Indians,runs,59,SA Yadav,Wankhede Stadium,A Bengeri,J Madanagopal,
1473502,2025,Ahmedabad,22/05/25 0:00,Lucknow Super Giants,Gujarat Titans,Gujarat Titans,field,normal,0,Lucknow Super Giants,runs,33,MR Marsh,Narendra Modi Stadium,KN Ananthapadmanabhan,M Krishnadas,
1473503,2025,Lucknow,23/05/25 0:00,Sunrisers Hyderabad,Royal Challengers Bengaluru,Royal Challengers Bengaluru,field,normal,0,Sunrisers Hyderabad,runs,42,Ishan Kishan,Bharat Ratna Shri Atal Bihari Vajpayee Ekana Cricket Stadium,K Swaroopanand,MA Gough,
1473504,2025,Ahmedabad,25/05/25 0:00,Chennai Super Kings,Gujarat Titans,Chennai Super Kings,bat,normal,0,Chennai Super Kings,runs,83,D Brevis,Narendra Modi Stadium,KM Gandhi,KN Ananthapadmanabhan,
1473505,2025,Delhi,25/05/25 0:00,Sunrisers Hyderabad,Kolkata Knight Riders,Sunrisers Hyderabad,bat,normal,0,Sunrisers Hyderabad,runs,110,H Klaasen,Arun Jaitley Stadium,AT Holdstock,K Kelkar,
1473506,2025,Jaipur,26/05/25 0:00,Mumbai Indians,Punjab Kings,Punjab Kings,field,normal,0,Punjab Kings,wickets,7,JP Inglis,Sawai Mansingh Stadium,CB Gaffaney,P Joshi,
1473507,2025,Lucknow,27/05/25 0:00,Lucknow Super Giants,Royal Challengers Bengaluru,Royal Challengers Bengaluru,field,normal,0,Royal Challengers Bengaluru,wickets,6,JM Sharma,Bharat Ratna Shri Atal Bihari Vajpayee Ekana Cricket Stadium,MA Gough,VK Sharma,
1473508,2025,New Chandigarh,29/05/25 0:00,Punjab Kings,Royal Challengers Bengaluru,Royal Challengers Bengaluru,field,normal,0,Royal Challengers Bengaluru,wickets,8,Suyash Sharma,Maharaja Yadavindra Singh International Cricket Stadium,MA Gough,VK Sharma,
1473509,2025,New Chandigarh,30/05/25 0:00,Mumbai Indians,Gujarat Titans,Mumbai Indians,bat,normal,0,Mumbai Indians,runs,20,RG Sharma,Maharaja Yadavindra Singh International Cricket Stadium,R Pandit,UV Gandhe,
1473510,2025,Ahmedabad,01/06/25 0:00,Mumbai Indians,Punjab Kings,Punjab Kings,field,normal,0,Punjab Kings,wickets,5,SS Iyer,Narendra Modi Stadium,CB Gaffaney,Nitin Menon,
1473511,2025,Ahmedabad,03/06/25 0:00,Royal Challengers Bengaluru,Punjab Kings,Punjab Kings,field,normal,0,Royal Challengers Bengaluru,runs,6,KH Pandya,Narendra Modi Stadium,J Madanagopal,Nitin Menon,
1485779,2025,Jaipur,24/05/25 0:00,Punjab Kings,Delhi Capitals,Delhi Capitals,field,normal,0,Delhi Capitals,wickets,6,Sameer Rizvi,Sawai Mansingh Stadium,J Madanagopal,P Joshi,
1527674,2026,Bengaluru,28/03/26 0:00,Sunrisers Hyderabad,Royal Challengers Bengaluru,Royal Challengers Bengaluru,field,normal,0,Royal Challengers Bengaluru,wickets,6,JA Duffy,M Chinnaswamy Stadium,J Madanagopal,UV Gandhe,
1527675,2026,Mumbai,29/03/26 0:00,Kolkata Knight Riders,Mumbai Indians,Mumbai Indians,field,normal,0,Mumbai Indians,wickets,6,SN Thakur,Wankhede Stadium,Anish Sahasrabudhe,MV Saidharshan Kumar,
1527676,2026,Guwahati,30/03/26 0:00,Chennai Super Kings,Rajasthan Royals,Rajasthan Royals,field,normal,0,Rajasthan Royals,wickets,8,N Burger,Barsapara Cricket Stadium,HDPK Dharmasena,M Krishnadas,
1527677,2026,New Chandigarh,31/03/26 0:00,Gujarat Titans,Punjab Kings,Punjab Kings,field,normal,0,Punjab Kings,wickets,3,C Connolly,Maharaja Yadavindra Singh International Cricket Stadium,Abhijit Bhattacharya,A Totre,
1527678,2026,Lucknow,01/04/26 0:00,Lucknow Super Giants,Delhi Capitals,Delhi Capitals,field,normal,0,Delhi Capitals,wickets,6,Sameer Rizvi,Bharat Ratna Shri Atal Bihari Vajpayee Ekana Cricket Stadium,R Pandit,UV Gandhe,
1527679,2026,Kolkata,02/04/26 0:00,Sunrisers Hyderabad,Kolkata Knight Riders,Kolkata Knight Riders,field,normal,0,Sunrisers Hyderabad,runs,65,Nithish Kumar Reddy,Eden Gardens,MV Saidharshan Kumar,Vinod Seshan,
1527680,2026,Chennai,03/04/26 0:00,Chennai Super Kings,Punjab Kings,Punjab Kings,field,normal,0,Punjab Kings,wickets,5,Priyansh Arya,MA Chidambaram Stadium,Abhijit Bhattacharya,A Totre,
1527681,2026,Delhi,04/04/26 0:00,Mumbai Indians,Delhi Capitals,Delhi Capitals,field,normal,0,Delhi Capitals,wickets,6,Sameer Rizvi,Arun Jaitley Stadium,HDPK Dharmasena,M Krishnadas,
1527682,2026,Ahmedabad,04/04/26 0:00,Rajasthan Royals,Gujarat Titans,Rajasthan Royals,bat,normal,0,Rajasthan Royals,runs,6,Ravi Bishnoi,Narendra Modi Stadium,R Pandit,UV Gandhe,
1527683,2026,Hyderabad,05/04/26 0:00,Sunrisers Hyderabad,Lucknow Super Giants,Lucknow Super Giants,field,normal,0,Lucknow Super Giants,wickets,5,Mohammed Shami,Rajiv Gandhi International Stadium,Anish Sahasrabudhe,MV Saidharshan Kumar,
1527684,2026,Bengaluru,05/04/26 0:00,Royal Challengers Bengaluru,Chennai Super Kings,Chennai Super Kings,field,normal,0,Royal Challengers Bengaluru,runs,43,TH David,M Chinnaswamy Stadium,A Totre,KN Ananthapadmanabhan,
1527685,2026,Kolkata,06/04/26 0:00,Kolkata Knight Riders,Punjab Kings,Kolkata Knight Riders,bat,no result,0,,,0,,Eden Gardens,A Bengeri,J Madanagopal,
1527686,2026,Guwahati,07/04/26 0:00,Rajasthan Royals,Mumbai Indians,Mumbai Indians,field,normal,0,Rajasthan Royals,runs,27,YBK Jaiswal,Barsapara Cricket Stadium,HDPK Dharmasena,M Krishnadas,
1527687,2026,Delhi,08/04/26 0:00,Gujarat Titans,Delhi Capitals,Delhi Capitals,field,normal,0,Gujarat Titans,runs,1,Rashid Khan,Arun Jaitley Stadium,Anish Sahasrabudhe,Nitin Menon,
1527688,2026,Kolkata,09/04/26 0:00,Kolkata Knight Riders,Lucknow Super Giants,Lucknow Super Giants,field,normal,0,Lucknow Super Giants,wickets,3,MD Choudhary,Eden Gardens,AT Holdstock,A Totre,
1527689,2026,Guwahati,10/04/26 0:00,Royal Challengers Bengaluru,Rajasthan Royals,Rajasthan Royals,field,normal,0,Rajasthan Royals,wickets,6,V Suryavanshi,Barsapara Cricket Stadium,K Swaroopanand,HDPK Dharmasena,
1527690,2026,New Chandigarh,11/04/26 0:00,Sunrisers Hyderabad,Punjab Kings,Punjab Kings,field,normal,0,Punjab Kings,wickets,6,SS Iyer,Maharaja Yadavindra Singh International Cricket Stadium,A Bengeri,R Pandit,
1527691,2026,Chennai,11/04/26 0:00,Chennai Super Kings,Delhi Capitals,Delhi Capitals,field,normal,0,Chennai Super Kings,runs,23,SV Samson,MA Chidambaram Stadium,MV Saidharshan Kumar,Vinod Seshan,
1527692,2026,Lucknow,12/04/26 0:00,Lucknow Super Giants,Gujarat Titans,Gujarat Titans,field,normal,0,Gujarat Titans,wickets,7,M Prasidh Krishna,Bharat Ratna Shri Atal Bihari Vajpayee Ekana Cricket Stadium,Abhijit Bhattacharya,KN Ananthapadmanabhan,
1527693,2026,Mumbai,12/04/26 0:00,Royal Challengers Bengaluru,Mumbai Indians,Mumbai Indians,field,normal,0,Royal Challengers Bengaluru,runs,18,PD Salt,Wankhede Stadium,K Swaroopanand,VK Sharma,
1529264,2026,Hyderabad,13/04/26 0:00,Sunrisers Hyderabad,Rajasthan Royals,Rajasthan Royals,field,normal,0,Sunrisers Hyderabad,runs,57,PP Hinge,Rajiv Gandhi International Stadium,J Madanagopal,R Pandit,
1529265,2026,Chennai,14/04/26 0:00,Chennai Super Kings,Kolkata Knight Riders,Kolkata Knight Riders,field,normal,0,Chennai Super Kings,runs,32,Noor Ahmad,MA Chidambaram Stadium,Nitin Menon,MV Saidharshan Kumar,
1529266,2026,Bengaluru,15/04/26 0:00,Lucknow Super Giants,Royal Challengers Bengaluru,Royal Challengers Bengaluru,field,normal,0,Royal Challengers Bengaluru,wickets,5,JR Hazlewood,M Chinnaswamy Stadium,AT Holdstock,Bhavesh Patel,
1529267,2026,Mumbai,16/04/26 0:00,Mumbai Indians,Punjab Kings,Punjab Kings,field,normal,0,Punjab Kings,wickets,7,Arshdeep Singh,Wankhede Stadium,HDPK Dharmasena,M Krishnadas,
1529268,2026,Ahmedabad,17/04/26 0:00,Kolkata Knight Riders,Gujarat Titans,Kolkata Knight Riders,bat,normal,0,Gujarat Titans,wickets,5,Shubman Gill,Narendra Modi Stadium,R Pandit,UV Gandhe,
1529269,2026,Bengaluru,18/04/26 0:00,Royal Challengers Bengaluru,Delhi Capitals,Delhi Capitals,field,normal,0,Delhi Capitals,wickets,6,T Stubbs,M Chinnaswamy Stadium,Abhijit Bhattacharya,Bhavesh Patel,
1529270,2026,Hyderabad,18/04/26 0:00,Sunrisers Hyderabad,Chennai Super Kings,Chennai Super Kings,field,normal,0,Sunrisers Hyderabad,runs,10,E Malinga,Rajiv Gandhi International Stadium,Anish Sahasrabudhe,Vinod Seshan,
1529271,2026,Kolkata,19/04/26 0:00,Rajasthan Royals,Kolkata Knight Riders,Rajasthan Royals,bat,normal,0,Kolkata Knight Riders,wickets,4,CV Varun,Eden Gardens,HDPK Dharmasena,M Krishnadas,
1529272,2026,New Chandigarh,19/04/26 0:00,Punjab Kings,Lucknow Super Giants,Lucknow Super Giants,field,normal,0,Punjab Kings,runs,54,Priyansh Arya,Maharaja Yadavindra Singh International Cricket Stadium,J Madanagopal,K Kelkar,
1529273,2026,Ahmedabad,20/04/26 0:00,Mumbai Indians,Gujarat Titans,Gujarat Titans,field,normal,0,Mumbai Indians,runs,99,Tilak Varma,Narendra Modi Stadium,Abhijit Bhattacharya,KN Ananthapadmanabhan,
1529274,2026,Hyderabad,21/04/26 0:00,Sunrisers Hyderabad,Delhi Capitals,Delhi Capitals,field,normal,0,Sunrisers Hyderabad,runs,47,Abhishek Sharma,Rajiv Gandhi International Stadium,Anish Sahasrabudhe,Vinod Seshan,
1529275,2026,Lucknow,22/04/26 0:00,Rajasthan Royals,Lucknow Super Giants,Lucknow Super Giants,field,normal,0,Rajasthan Royals,runs,40,RA Jadeja,Bharat Ratna Shri Atal Bihari Vajpayee Ekana Cricket Stadium,AK Argal,VK Sharma,
1529276,2026,Mumbai,23/04/26 0:00,Chennai Super Kings,Mumbai Indians,Mumbai Indians,field,normal,0,Chennai Super Kings,runs,103,SV Samson,Wankhede Stadium,AT Holdstock,P Joshi,
1529277,2026,Bengaluru,24/04/26 0:00,Gujarat Titans,Royal Challengers Bengaluru,Royal Challengers Bengaluru,field,normal,0,Royal Challengers Bengaluru,wickets,5,V Kohli,M Chinnaswamy Stadium,Amit Rana,J Madanagopal,
1529278,2026,Delhi,25/04/26 0:00,Delhi Capitals,Punjab Kings,Delhi Capitals,bat,normal,0,Punjab Kings,wickets,6,KL Rahul,Arun Jaitley Stadium,AK Argal,VK Sharma,
1529279,2026,Jaipur,25/04/26 0:00,Rajasthan Royals,Sunrisers Hyderabad,Sunrisers Hyderabad,field,normal,0,Sunrisers Hyderabad,wickets,5,Ishan Kishan,Sawai Mansingh Stadium,KM Gandhi,Nitin Menon,
1529280,2026,Chennai,26/04/26 0:00,Chennai Super Kings,Gujarat Titans,Gujarat Titans,field,normal,0,Gujarat Titans,wickets,8,K Rabada,MA Chidambaram Stadium,AT Holdstock,KN Ananthapadmanabhan,
1529281,2026,Lucknow,26/04/26 0:00,Kolkata Knight Riders,Lucknow Super Giants,Lucknow Super Giants,field,tie,0,Kolkata Knight Riders,,0,RK Singh,Bharat Ratna Shri Atal Bihari Vajpayee Ekana Cricket Stadium,A Bengeri,K Kelkar,
1529282,2026,Delhi,27/04/26 0:00,Delhi Capitals,Royal Challengers Bengaluru,Royal Challengers Bengaluru,field,normal,0,Royal Challengers Bengaluru,wickets,9,JR Hazlewood,Arun Jaitley Stadium,AK Argal,SJ Nogajski,
1529283,2026,New Chandigarh,28/04/26 0:00,Punjab Kings,Rajasthan Royals,Rajasthan Royals,field,normal,0,Rajasthan Royals,wickets,6,D Ferreira,Maharaja Yadavindra Singh International Cricket Stadium,Nitin Menon,TM Srivastava,
1529284,2026,Mumbai,29/04/26 0:00,Mumbai Indians,Sunrisers Hyderabad,Mumbai Indians,bat,normal,0,Sunrisers Hyderabad,wickets,6,H Klaasen,Wankhede Stadium,A Bengeri,J Madanagopal,
1529285,2026,Ahmedabad,30/04/26 0:00,Royal Challengers Bengaluru,Gujarat Titans,Gujarat Titans,field,normal,0,Gujarat Titans,wickets,4,JO Holder,Narendra Modi Stadium,AT Holdstock,KN Ananthapadmanabhan,
1529286,2026,Jaipur,01/05/26 0:00,Rajasthan Royals,Delhi Capitals,Rajasthan Royals,bat,normal,0,Delhi Capitals,wickets,7,KL Rahul,Sawai Mansingh Stadium,SJ Nogajski,VK Sharma,
1529287,2026,Chennai,02/05/26 0:00,Mumbai Indians,Chennai Super Kings,Mumbai Indians,bat,normal,0,Chennai Super Kings,wickets,8,RD Gaikwad,MA Chidambaram Stadium,KM Gandhi,Nitin Menon,
1529288,2026,Hyderabad,03/05/26 0:00,Sunrisers Hyderabad,Kolkata Knight Riders,Sunrisers Hyderabad,bat,normal,0,Kolkata Knight Riders,wickets,7,CV Varun,Rajiv Gandhi International Stadium,A Bengeri,J Madanagopal,
1529289,2026,Ahmedabad,03/05/26 0:00,Punjab Kings,Gujarat Titans,Gujarat Titans,field,normal,0,Gujarat Titans,wickets,4,JO Holder,Narendra Modi Stadium,KN Ananthapadmanabhan,P Joshi,
1529290,2026,Mumbai,04/05/26 0:00,Lucknow Super Giants,Mumbai Indians,Mumbai Indians,field,normal,0,Mumbai Indians,wickets,6,RD Rickelton,Wankhede Stadium,AK Argal,SJ Nogajski,
1529291,2026,Delhi,05/05/26 0:00,Delhi Capitals,Chennai Super Kings,Delhi Capitals,bat,normal,0,Chennai Super Kings,wickets,8,SV Samson,Arun Jaitley Stadium,KM Gandhi,TM Srivastava,
1529292,2026,Hyderabad,06/05/26 0:00,Sunrisers Hyderabad,Punjab Kings,Punjab Kings,field,normal,0,Sunrisers Hyderabad,runs,33,PJ Cummins,Rajiv Gandhi International Stadium,J Madanagopal,K Kelkar,
1529293,2026,Lucknow,07/05/26 0:00,Lucknow Super Giants,Royal Challengers Bengaluru,Royal Challengers Bengaluru,field,normal,1,Lucknow Super Giants,runs,9,MR Marsh,Bharat Ratna Shri Atal Bihari Vajpayee Ekana Cricket Stadium,A Totre,P Joshi,
1529294,2026,Delhi,08/05/26 0:00,Delhi Capitals,Kolkata Knight Riders,Kolkata Knight Riders,field,normal,0,Kolkata Knight Riders,wickets,8,FH Allen,Arun Jaitley Stadium,Nitin Menon,R Pandit,
1529295,2026,Jaipur,09/05/26 0:00,Gujarat Titans,Rajasthan Royals,Rajasthan Royals,field,normal,0,Gujarat Titans,runs,77,Rashid Khan,Sawai Mansingh Stadium,HAS Khalid,VK Sharma,
1529296,2026,Chennai,10/05/26 0:00,Lucknow Super Giants,Chennai Super Kings,Chennai Super Kings,field,normal,0,Chennai Super Kings,wickets,5,J Overton,MA Chidambaram Stadium,Amit Rana,K Kelkar,
1529297,2026,Raipur,10/05/26 0:00,Mumbai Indians,Royal Challengers Bengaluru,Royal Challengers Bengaluru,field,normal,0,Royal Challengers Bengaluru,wickets,2,B Kumar,Shaheed Veer Narayan Singh International Stadium,R Pandit,TM Srivastava,
1529298,2026,Dharamsala,11/05/26 0:00,Punjab Kings,Delhi Capitals,Delhi Capitals,field,normal,0,Delhi Capitals,wickets,3,M Tiwari,Himachal Pradesh Cricket Association Stadium,Bhavesh Patel,KN Ananthapadmanabhan,
1529299,2026,Ahmedabad,12/05/26 0:00,Gujarat Titans,Sunrisers Hyderabad,Sunrisers Hyderabad,field,normal,0,Gujarat Titans,runs,82,K Rabada,Narendra Modi Stadium,HAS Khalid,VK Sharma,
1529300,2026,Raipur,13/05/26 0:00,Kolkata Knight Riders,Royal Challengers Bengaluru,Royal Challengers Bengaluru,field,normal,0,Royal Challengers Bengaluru,wickets,6,V Kohli,Shaheed Veer Narayan Singh International Stadium,Nitin Menon,R Pandit,
1529301,2026,Dharamsala,14/05/26 0:00,Punjab Kings,Mumbai Indians,Mumbai Indians,field,normal,0,Mumbai Indians,wickets,6,Tilak Varma,Himachal Pradesh Cricket Association Stadium,Bhavesh Patel,KN Ananthapadmanabhan,
1529302,2026,Lucknow,15/05/26 0:00,Chennai Super Kings,Lucknow Super Giants,Lucknow Super Giants,field,normal,0,Lucknow Super Giants,wickets,7,MR Marsh,Bharat Ratna Shri Atal Bihari Vajpayee Ekana Cricket Stadium,T Ematty,UV Gandhe,
1529303,2026,Kolkata,16/05/26 0:00,Kolkata Knight Riders,Gujarat Titans,Gujarat Titans,field,normal,0,Kolkata Knight Riders,runs,29,SP Narine,Eden Gardens,K Swaroopanand,VK Sharma,
1529304,2026,Dharamsala,17/05/26 0:00,Royal Challengers Bengaluru,Punjab Kings,Punjab Kings,field,normal,0,Royal Challengers Bengaluru,runs,23,VR Iyer,Himachal Pradesh Cricket Association Stadium,AT Holdstock,KN Ananthapadmanabhan,
1529305,2026,Delhi,17/05/26 0:00,Rajasthan Royals,Delhi Capitals,Delhi Capitals,field,normal,0,Delhi Capitals,wickets,5,MA Starc,Arun Jaitley Stadium,Amit Rana,K Kelkar,
1529306,2026,Chennai,18/05/26 0:00,Chennai Super Kings,Sunrisers Hyderabad,Chennai Super Kings,bat,normal,0,Sunrisers Hyderabad,wickets,5,Ishan Kishan,MA Chidambaram Stadium,Nitin Menon,TM Srivastava,
1529307,2026,Jaipur,19/05/26 0:00,Lucknow Super Giants,Rajasthan Royals,Rajasthan Royals,field,normal,0,Rajasthan Royals,wickets,7,V Suryavanshi,Sawai Mansingh Stadium,AT Holdstock,P Joshi,
1529308,2026,Kolkata,20/05/26 0:00,Mumbai Indians,Kolkata Knight Riders,Kolkata Knight Riders,field,normal,0,Kolkata Knight Riders,wickets,4,MK Pandey,Eden Gardens,K Swaroopanand,HAS Khalid,
1529309,2026,Ahmedabad,21/05/26 0:00,Gujarat Titans,Chennai Super Kings,Chennai Super Kings,field,normal,0,Gujarat Titans,runs,89,Mohammed Siraj,Narendra Modi Stadium,KM Gandhi,Nitin Menon,