Player_Name,batting_style,bowling_style,Dataset,player_id,display_name,full_name,playing_role,new_batting_style,new_bowling_style
A Ashish Reddy,RHB,Right-arm fast,IPL,389605,Ashish Reddy,Ammana Ashish Reddy,Allrounder,Right-hand bat,Right-arm medium
A Badoni,RHB,Off Break,IPL,1151270,Ayush Badoni,Ayush Badoni,Batter,Right-hand bat,Right-arm offbreak
A Chandila,RHB,Off Break,IPL,27783,Ajit  Chandila,Ajit  Chandila,Allrounder,Right-hand bat,Right-arm offbreak
A Chopra,RHB,Off Break,IPL,27639,Aakash Chopra,Aakash Chopra,Batter,Right-hand bat,Right-arm medium
A Choudhary,RHB,Left-arm fast,IPL,527299,Aniket Choudhary,Aniket Vinod Choudhary,Bowler,Right-hand bat,Left-arm medium
A Dananjaya,LHB,Off Break,IPL,574178,Akila Dananjaya,Mahamarakkala Kurukulasooriya Patabendige Akila Dananjaya Perera,Allrounder,Left-hand bat,Right-arm offbreak
A Flintoff,RHB,Right-arm fast,IPL,12856,Andrew Flintoff,Andrew Flintoff,Allrounder,Right-hand bat,Right-arm fast-medium
A Kumble,RHB,Leg Break,IPL,30176,Anil Kumble,Anil Kumble,Bowler,Right-hand bat,Legbreak googly
A Manohar,RHB,Leg Break,IPL,778963,Abhinav Manohar,Abhinav Manohar,Batting allrounder,Right-hand bat,Legbreak googly
A Mishra,RHB,Leg Break,IPL,31107,Amit Mishra,Amit Mishra,Bowler,Right-hand bat,Legbreak
A Mithun,RHB,Right-arm fast,IPL,310958,Abhimanyu Mithun,Abhimanyu Mithun,Bowler,Right-hand bat,Right-arm medium
A Mukund,LHB,Leg Break,IPL,302582,Abhinav Mukund,Abhinav Mukund,Top-order batter,Left-hand bat,Legbreak googly
A Nehra,RHB,Left-arm fast,IPL,31820,Ashish Nehra,Ashish Nehra,Bowler,Right-hand bat,Left-arm medium-fast
A Nel,RHB,Right-arm fast,IPL,46569,Andre Nel,Andre Nel,Bowler,Right-hand bat,Right-arm fast-medium
A Nortje,RHB,Right-arm fast,IPL,481979,Anrich Nortje,Anrich Arno Nortje,Bowler,Right-hand bat,Right-arm fast
A Singh,RHB,Right-arm fast,IPL,26789,Amit Singh,Amit Singh,Bowler,Right-hand bat,Right-arm medium-fast
A Symonds,RHB,Off Break,IPL,7702,Andrew Symonds,Andrew Symonds,Allrounder,Right-hand bat,Right-arm medium
A Tomar,RHB,Off Break,IPL,1081183,Abhijeet Tomar,Abhijeet Tomar,Opening batter,Right-hand bat,Right-arm offbreak
A Uniyal,LHB,Left-arm fast,IPL,35586,Amit Uniyal,Amit Uniyal,Unknown,Left-hand bat,Left-arm medium
A Zampa,RHB,Leg Break,IPL,379504,Adam Zampa,Adam Zampa,Bowler,Right-hand bat,Legbreak googly
AA Bilakhia,RHB,Right-arm fast,IPL,26946,Azhar Bilakhia,Azharuddin Anjum Bilakhia,Unknown,Right-hand bat,Right-arm medium
AA Chavan,LHB,Slow left-arm orthodox,IPL,337913,Ankeet Chavan,Ankeet Anil Chavan,Batter,Left-hand bat,Slow left-arm orthodox
AA Jhunjhunwala,RHB,Off Break,IPL,29702,Abhishek Jhunjhunwala,Abhishek Arunkumar Jhunjhunwala,Batter,Right-hand bat,Right-arm offbreak
AA Kazi,LHB,Slow left-arm orthodox,IPL,422106,Abrar Kazi,Abrar Anjum Kazi,Bowler,Left-hand bat,Slow left-arm orthodox
AA Noffke,RHB,Right-arm fast,IPL,6938,Ashley Noffke,Ashley Allan Noffke,Allrounder,Right-hand bat,Right-arm fast-medium
AB Agarkar,RHB,Right-arm fast,IPL,26184,Ajit Agarkar,Ajit Bhalchandra Agarkar,Bowler,Right-hand bat,Right-arm fast
AB Barath,RHB,Off Break,IPL,274926,Adrian Barath,Adrian Boris Barath,Opening batter,Right-hand bat,Right-arm offbreak
AB de Villiers,RHB,Right-arm fast,IPL,44936,AB de Villiers,Abraham Benjamin de Villiers,Wicketkeeper batter,Right-hand bat,Right-arm medium
AB Dinda,RHB,Right-arm fast,IPL,227712,Ashok Dinda,Ashok Bhimchandra Dinda,Bowler,Right-hand bat,Right-arm medium-fast
AB McDonald,RHB,Right-arm fast,IPL,6553,Andrew McDonald,Andrew Barry McDonald,Allrounder,Right-hand bat,Right-arm fast-medium
Abdul Basith,RHB,Off Break,IPL,1287067,Abdul Basith,Pappanayil Abdul Basith,Allrounder,Right-hand bat,Right-arm offbreak
Abdul Samad,RHB,Leg Break,IPL,1175485,Abdul Samad,Abdul Samad Farooq,Batter,Right-hand bat,Legbreak
Abdur Razzak,LHB,Slow left-arm orthodox,IPL,56283,Abdur Razzak,Abdur Razzak,Bowler,Left-hand bat,Slow left-arm orthodox
Abhishek Sharma,LHB,Slow left-arm orthodox,IPL,1070183,Abhishek Sharma,Abhishek Sharma,Allrounder,Left-hand bat,Slow left-arm orthodox
Abishek Porel,LHB,,IPL,1277545,Abishek Porel,Abishek Porel,Wicketkeeper batter,Left-hand bat,
AC Blizzard,LHB,Left-arm fast,IPL,4498,Aiden Blizzard,Aiden Craig Blizzard,Batter,Left-hand bat,Left-arm medium
AC Gilchrist,LHB,Off Break,IPL,5390,Adam Gilchrist,Adam Craig Gilchrist,Wicketkeeper batter,Left-hand bat,Right-arm offbreak
AC Thomas,RHB,Right-arm fast,IPL,47569,Alfonso Thomas,Alfonso Clive Thomas,Bowler,Right-hand bat,Right-arm fast-medium
AC Voges,RHB,Slow left-arm orthodox,IPL,8119,Adam Voges,Adam Charles Voges,Top-order batter,Right-hand bat,Slow left-arm orthodox
AD Hales,RHB,Right-arm fast,IPL,249866,Alex Hales,Alexander Daniel Hales,Opening batter,Right-hand bat,Right-arm medium
AD Mascarenhas,RHB,Right-arm fast,IPL,16932,Dimitri Mascarenhas,Adrian Dimitri Mascarenhas,Allrounder,Right-hand bat,Right-arm fast-medium
AD Mathews,RHB,Right-arm fast,IPL,49764,Angelo Mathews,Angelo Davis Mathews,Allrounder,Right-hand bat,Right-arm medium
AD Nath,RHB,Right-arm fast,IPL,500360,Akshdeep Nath,Akshdeep Deependra Nath,Middle-order batter,Right-hand bat,Right-arm medium-fast
AD Russell,RHB,Right-arm fast,IPL,276298,Andre Russell,Andre Dwayne Russell,Allrounder,Right-hand bat,Right-arm fast
AF Milne,RHB,Right-arm fast,IPL,450860,Adam Milne,Adam Fraser Milne,Bowler,Right-hand bat,Right-arm fast
AG Murtaza,LHB,Slow left-arm orthodox,IPL,26490,Ali Murtaza,Ali Ghulam Murtaza,Bowler,Left-hand bat,Slow left-arm orthodox
AG Paunikar,RHB,,IPL,324444,Amit Paunikar,Amit Gajanan Paunikar,Wicketkeeper batter,Right-hand bat,
AJ Finch,RHB,Slow left-arm orthodox,IPL,5334,Aaron Finch,Aaron James Finch,Top-order batter,Right-hand bat,Slow left-arm orthodox
AJ Turner,RHB,Off Break,IPL,500268,Ashton Turner,Ashton James Turner,Middle-order batter,Right-hand bat,Right-arm offbreak
AJ Tye,RHB,Right-arm fast,IPL,459508,Andrew Tye,Andrew James Tye,Bowler,Right-hand bat,Right-arm medium-fast
AK Markram,RHB,Off Break,IPL,600498,Aiden Markram,Aiden Kyle Markram,Opening batter,Right-hand bat,Right-arm offbreak
Akash Deep,RHB,Right-arm fast,IPL,1176959,Akash Deep,Akash Deep,Bowling allrounder,Right-hand bat,Right-arm fast-medium
Akash Madhwal,RHB,Right-arm fast,IPL,1206039,Akash Madhwal,Akash Madhwal,Bowler,Right-hand bat,Right-arm medium-fast
Akash Singh,RHB,Left-arm fast,IPl,1175458,Akash Singh,Akash Maharaj Singh,Bowler,Right-hand bat,Left-arm medium-fast
AL Menaria,LHB,Slow left-arm orthodox,IPL,371150,Ashok Menaria,Ashok Lakshminarayan Menaria,Allrounder,Left-hand bat,Slow left-arm orthodox
AM Nayar,LHB,Right-arm fast,IPL,32091,Abhishek Nayar,Abhishek Mohan Nayar,Allrounder,Left-hand bat,Right-arm medium
AM Rahane,RHB,Right-arm fast,IPL,277916,Ajinkya Rahane,Ajinkya Madhukar Rahane,Top-order batter,Right-hand bat,Right-arm medium
AM Salvi,RHB,Right-arm fast,IPL,34264,Aavishkar Salvi,Aavishkar Madhav Salvi,Bowler,Right-hand bat,Right-arm medium
Aman Hakim Khan,RHB,Right-arm fast,IPL,1254269,Aman Hakim Khan,Aman Hakim Khan,Bowler,Right-hand bat,Right-arm medium
AN Ahmed,RHB,Right-arm fast,IPL,228430,Abu Nechim,Abu Nechim Ahmed,Bowler,Right-hand bat,Right-arm medium-fast
AN Ghosh,RHB,Right-arm fast,IPL,220435,Arindam Ghosh,Arindam Nanigopal Ghosh,Batter,Right-hand bat,Right-arm medium
Anand Rajan,RHB,Right-arm fast,IPL,26797,Anand Rajan,Anand Rajan,Bowler,Right-hand bat,Right-arm medium
Anirudh Singh,LHB,Right-arm fast,IPL,26252,Anirudh Singh,Anirudh Singh,Unknown,Left-hand bat,Right-arm medium
Ankit Sharma,LHB,Slow left-arm orthodox,IPL,422992,Ankit Sharma,Ankit Nagendra Sharma,Bowler,Left-hand bat,Slow left-arm orthodox
Ankit Soni,RHB,Leg Break,IPL,1083128,Ankit Soni,Ankit Soni,Allrounder,Right-hand bat,Legbreak
Anmolpreet Singh,RHB,Off Break,IPL,851261,Anmolpreet Singh,Anmolpreet Singh,Batter,Right-hand bat,Right-arm offbreak
Anuj Rawat,LHB,,IPL,1123073,Anuj Rawat,Anuj Rawat,Wicketkeeper batter,Left-hand bat,
Anureet Singh,RHB,Right-arm fast,IPL,376324,Anureet Singh,Kathuria Anureet Singh,Bowler,Right-hand bat,Right-arm medium
AP Dole,RHB,Right-arm fast,IPL,236694,Aditya Dole,Aditya Pradip Dole,Bowler,Right-hand bat,Right-arm medium-fast
AP Majumdar,RHB,Leg Break,IPL,31750,Anustup Majumdar,Anustup Prabir Majumdar,Unknown,Right-hand bat,Legbreak googly
AP Tare,RHB,,IPL,333904,Aditya Tare,Aditya Prakash Tare,Wicketkeeper,Right-hand bat,
AR Bawne,RHB,Off Break,IPL,327123,Ankit Bawne,Ankit Ramdas Bawne,Middle-order batter,Right-hand bat,Right-arm offbreak
AR Patel,LHB,Slow left-arm orthodox,IPL,554691,Axar Patel,Axar Rajeshbhai Patel,Bowling allrounder,Left-hand bat,Slow left-arm orthodox
Arjun Tendulkar,LHB,Left-arm fast,IPL,1148776,Arjun Tendulkar,Arjun Tendulkar,Bowler,Left-hand bat,Left-arm medium-fast
Arshad Khan (2),LHB,Left-arm fast,IPL,1244751,Arshad Khan -MI,Mohd Arshad Khan,Bowler,Left-hand bat,Left arm Medium
Arshdeep Singh,LHB,Left-arm fast,IPL,1125976,Arshdeep Singh,Arshdeep Singh,Bowler,Left-hand bat,Left-arm medium-fast
AS Joseph,RHB,Right-arm fast,IPL,670031,Alzarri Joseph,Alzarri Shaheim Joseph,Bowler,Right-hand bat,Right-arm fast
AS Rajpoot,RHB,Right-arm fast,IPL,591650,Ankit Rajpoot,Ankit Singh Rajpoot,Bowler,Right-hand bat,Right-arm medium
AS Raut,RHB,Leg Break,IPL,230593,Abhishek Raut,Abhishek Santosh Raut,Allrounder,Right-hand bat,Legbreak googly
AS Roy,LHB,Slow left-arm orthodox,IPL,1079839,Anukul Roy,Anukul Sudhakar Roy,Allrounder,Left-hand bat,Slow left-arm orthodox
AS Yadav,RHB,Off Break,IPL,36110,Arjun Yadav,Arjun Shivlal Yadav,Batter,Right-hand bat,Right-arm offbreak
AT Carey,LHB,,IPL,326434,Alex Carey,Alex Tyson Carey,Wicketkeeper batter,Left-hand bat,
AT Rayudu,RHB,Off Break,IPL,33141,Ambati Rayudu,Ambati Thirupathi Rayudu,Middle-order batter,Right-hand bat,Right-arm offbreak
Atharva Taide,LHB,Slow left-arm orthodox,IPL,1125958,Atharva Taide,Atharva Taide,Batting allrounder,Left-hand bat,Slow left-arm orthodox
AUK Pathan,RHB,Right-arm fast,IPL,430401,Asad Pathan,Asad Ullah Khan Pathan,Bowler,Right-hand bat,Right-arm medium
Avesh Khan,RHB,Right-arm fast,IPL,694211,Avesh Khan,Avesh Khan,Bowler,Right-hand bat,Right-arm fast-medium
Azhar Mahmood,RHB,Right-arm fast,IPL,39024,Azhar Mahmood,Azhar Mahmood Sagar,Bowling allrounder,Right-hand bat,Right-arm fast-medium
B Akhil,RHB,Right-arm fast,IPL,26206,Balachandra Akhil,Balachandra Akhil,Bowler,Right-hand bat,Right-arm medium-fast
B Chipli,RHB,Right-arm fast,IPL,27685,Bharat Chipli,Bharat Chipli,Batter,Right-hand bat,Right-arm medium
B Geeves,RHB,Right-arm fast,IPL,5472,Brett Geeves,Brett Geeves,Bowler,Right-hand bat,Right-arm fast-medium
B Indrajith,RHB,Leg Break,IPL,477069,Baba Indrajith,Baba Indrajith,Top-order batter,Right-hand bat,Legbreak googly
B Kumar,RHB,Right-arm fast,IPL,326016,Bhuvneshwar Kumar,Bhuvneshwar Kumar Singh,Bowler,Right-hand bat,Right-arm medium
B Laughlin,RHB,Right-arm fast,IPL,315623,Ben Laughlin,Ben Laughlin,Bowler,Right-hand bat,Right-arm fast-medium
B Lee,RHB,Right-arm fast,IPL,6278,Brett Lee,Brett Lee,Bowler,Right-hand bat,Right-arm fast
B Sai Sudharsan,LHB,Leg Break,IPL,1151288,Sai Sudharsan,Bhardwaj Sai Sudharsan,Top-order batter,Left-hand bat,Legbreak
B Stanlake,LHB,Right-arm fast,IPL,533042,Billy Stanlake,Billy James Stanlake,Bowler,Left-hand bat,Right-arm fast
B Sumanth,RHB,Right-arm fast,IPL,253798,Bodapati Sumanth,Bodapati Apparao Sumanth,Middle-order batter,Right-hand bat,Right-arm medium-fast
BA Bhatt,LHB,Slow left-arm orthodox,IPL,433410,Bhargav Bhatt,Bhargav Ashok Bhatt,Bowler,Left-hand bat,Slow left-arm orthodox
BA Stokes,LHB,Right-arm fast,IPL,311158,Ben Stokes,Benjamin Andrew Stokes,Allrounder,Left-hand bat,Right-arm fast-medium
Basil Thampi,RHB,Right-arm fast,IPL,732291,Basil Thampi,Basil Thampi,Bowler,Right-hand bat,Right-arm fast-medium
BAW Mendis,RHB,Off Break,IPL,268739,Ajantha Mendis,Balapuwaduge Ajantha Winslow Mendis,Bowler,Right-hand bat,Right-arm offbreak
BB McCullum,RHB,Right-arm fast,IPL,37737,Brendon McCullum,Brendon Barrie McCullum,Wicketkeeper batter,Right-hand bat,Right-arm medium
BB Samantray,RHB,Right-arm fast,IPL,430125,Biplab Samantray,Biplab Bipin Samantray,Allrounder,Right-hand bat,Right-arm medium
BB Sran,LHB,Left-arm fast,IPL,537126,Barinder Sran,Barinder Balbirsingh Sran,Bowler,Left-hand bat,Left-arm medium
BCJ Cutting,RHB,Right-arm fast,IPL,230371,Ben Cutting,Benjamin Colin James Cutting,Allrounder,Right-hand bat,Right-arm fast-medium
BE Hendricks,LHB,Left-arm fast,IPL,379927,Beuran Hendricks,Beuran Eric Hendricks,Bowler,Left-hand bat,Left-arm fast-medium
Bipul Sharma,LHB,Slow left-arm orthodox,IPL,35928,Bipul Sharma,Bipul Sharma,Allrounder,Left-hand bat,Slow left-arm orthodox
BJ Haddin,RHB,,IPL,5560,Brad Haddin,Bradley James Haddin,Wicketkeeper batter,Right-hand bat,
BJ Hodge,RHB,Off Break,IPL,5674,Brad Hodge,Bradley John Hodge,Top-order batter,Right-hand bat,Right-arm offbreak
BJ Rohrer,LHB,Right-arm fast,IPL,7547,Ben Rohrer,Ben James Rohrer,Middle-order batter,Left-hand bat,Right-arm fast-medium
BMAJ Mendis,LHB,Leg Break,IPL,49700,Jeevan Mendis,Balapuwaduge Manukulasuriya Amith Jeevan Mendis,Allrounder,Left-hand bat,Legbreak
BR Dunk,LHB,,IPL,388678,Ben Dunk,Ben Robert Dunk,Wicketkeeper batter,Left-hand bat,Right-arm offbreak
BW Hilfenhaus,RHB,Right-arm fast,IPL,5941,Ben Hilfenhaus,Benjamin William Hilfenhaus,Bowler,Right-hand bat,Right-arm fast-medium
C de Grandhomme,RHB,Right-arm fast,IPL,55395,Colin de Grandhomme,Colin de Grandhomme,Allrounder,Right-hand bat,Right-arm medium-fast
C Ganapathy,RHB,Right-arm fast,IPL,28764,Chandrasekar Ganapathy,Chandrasekar Ganapathy,Unknown,Right-hand bat,Right-arm medium
C Madan,RHB,,IPL,31104,Chandan Madan,Chandan Madan,Wicketkeeper,Right-hand bat,
C Munro,LHB,Right-arm fast,IPL,232359,Colin Munro,Colin Munro,Opening batter,Left-hand bat,Right-arm medium-fast
C Nanda,RHB,Leg Break,IPL,32093,Chetanya Nanda,Chetanya Nanda,Unknown,Right-hand bat,Legbreak
C Sakariya,LHB,Left-arm fast,IPL,1131754,Chetan Sakariya,Chetan Sakariya,Bowler,Left-hand bat,Left-arm medium-fast
CA Ingram,LHB,Leg Break,IPL,45705,Colin Ingram,Colin Alexander Ingram,Top-order batter,Left-hand bat,Legbreak
CA Lynn,RHB,Slow left-arm orthodox,IPL,326637,Chris Lynn,Christopher Austin Lynn,Batter,Right-hand bat,Slow left-arm orthodox
CA Pujara,RHB,Leg Break,IPL,32540,Cheteshwar Pujara,Cheteshwar Arvind Pujara,Top-order batter,Right-hand bat,Legbreak
CH Gayle,LHB,Off Break,IPL,51880,Chris Gayle,Christopher Henry Gayle,Allrounder,Left-hand bat,Right-arm offbreak
CH Morris,RHB,Right-arm fast,IPL,439952,Chris Morris,Christopher Henry Morris,Bowling allrounder,Right-hand bat,Right-arm fast-medium
CJ Anderson,LHB,Left-arm fast,IPL,277662,Corey Anderson,Corey James Anderson,Batting allrounder,Left-hand bat,Left-arm medium-fast
CJ Dala,RHB,Right-arm fast,IPL,545467,Junior Dala,Carl Junior Dala,Bowler,Right-hand bat,Right-arm medium
CJ Ferguson,RHB,Right-arm fast,IPL,5236,Callum Ferguson,Callum James Ferguson,Middle-order batter,Right-hand bat,Right-arm medium
CJ Green,RHB,Off Break,IPL,787073,Chris Green,Christopher James Green,Bowling allrounder,Right-hand bat,Right-arm offbreak
CJ Jordan,RHB,Right-arm fast,IPL,288992,Chris Jordan,Christopher James Jordan,Bowler,Right-hand bat,Right-arm fast-medium
CJ McKay,RHB,Right-arm fast,IPL,6903,Clint McKay,Clinton James McKay,Bowler,Right-hand bat,Right-arm fast-medium
CK Kapugedera,RHB,Right-arm fast,IPL,209457,Chamara Kapugedera,Chamara Kantha Kapugedera,Middle-order batter,Right-hand bat,Right-arm medium
CK Langeveldt,RHB,Right-arm fast,IPL,45963,Charl Langeveldt,Charl Kenneth Langeveldt,Bowler,Right-hand bat,Right-arm fast-medium
CL White,RHB,Leg Break,IPL,8291,Cameron White,Cameron Leon White,Middle-order batter,Right-hand bat,Legbreak googly
CM Gautam,RHB,,IPL,302208,Chidhambaram Gautam,Chidhambaram Muralidharen Gautam,Wicketkeeper,Right-hand bat,
CR Brathwaite,RHB,Right-arm fast,IPL,457249,Carlos Brathwaite,Carlos Ricardo Brathwaite,Allrounder,Right-hand bat,Right-arm fast-medium
CR Woakes,RHB,Right-arm fast,IPL,247235,Chris Woakes,Christopher Roger Woakes,Allrounder,Right-hand bat,Right-arm fast-medium
CRD Fernando,RHB,Right-arm fast,IPL,48835,Dilhara Fernando,Congenige Randhi Dilhara Fernando,Bowler,Right-hand bat,Right-arm fast-medium
CV Varun,RHB,Leg Break,IPL,1108375,Varun Chakravarthy,Varun Chakravarthy Vinod,Bowler,Right-hand bat,Legbreak googly
D Brevis,RHB,Leg Break,IPL,1070665,Dewald Brevis,Dewald Brevis,Batting allrounder,Right-hand bat,Legbreak
D du Preez,RHB,Right-arm fast,IPL,44938,Dillon du Preez,Dillon du Preez,Unknown,Right-hand bat,Right-arm fast-medium
D Kalyankrishna,RHB,Right-arm fast,IPL,30719,Doddapaneni Kalyankrishna,Doddapaneni Kalyankrishna,Unknown,Right-hand bat,Right-arm medium-fast
D Padikkal,LHB,,IPL,1119026,Devdutt Padikkal,Devdutt Padikkal,Top-order batter,Left-hand bat,Right-arm offbreak
D Pretorius,RHB,Right-arm fast,IPL,327830,Dwaine Pretorius,Dwaine Pretorius,Bowling allrounder,Right-hand bat,Right-arm medium-fast
D Salunkhe,RHB,Leg Break,IPL,278482,Dinesh Salunkhe,Dinesh Salunkhe,Bowler,Right-hand bat,Legbreak
D Wiese,RHB,Right-arm fast,IPL,221140,David Wiese,David Wiese,Allrounder,Right-hand bat,Right-arm medium-fast
DA Miller,LHB,Off Break,IPL,321777,David Miller,David Andrew Miller,Middle-order batter,Left-hand bat,Right-arm offbreak
DA Warner,LHB,Leg Break,IPL,219889,David Warner,David Andrew Warner,Opening batter,Left-hand bat,Legbreak
DAJ Bracewell,RHB,Right-arm fast,IPL,362541,Doug Bracewell,Douglas Andrew John Bracewell,Bowler,Right-hand bat,Right-arm fast-medium
DB Das,RHB,Leg Break,IPL,328163,Debabrata Das,Debabrata Baidya Das,Top-order batter,Right-hand bat,Legbreak googly
DB Ravi Teja,RHB,Leg Break,IPL,237701,Dwaraka Ravi Teja,Dwaraka Bhamidipati Ravi Teja,Batter,Right-hand bat,Legbreak googly
DE Bollinger,LHB,Left-arm fast,IPL,4508,Doug Bollinger,Douglas Erwin Bollinger,Bowler,Left-hand bat,Left-arm fast-medium
DG Nalkande,RHB,Right-arm fast,IPL,1111917,Darshan Nalkande,Darshan Girish Nalkande,Bowler,Right-hand bat,Right-arm fast-medium
DH Yagnik,LHB,,IPL,36071,Dishant Yagnik,Dishant Harendra Yagnik,Wicketkeeper,Left-hand bat,
Dhruv Jurel,RHB,,IPL,1175488,Dhruv Jurel,Dhruv Chand Jurel,Wicketkeeper batter,Right-hand bat,
DJ Bravo,RHB,Right-arm fast,IPL,51439,Dwayne Bravo,Dwayne John Bravo,Allrounder,Right-hand bat,Right-arm medium
DJ Harris,RHB,Right-arm fast,IPL,5583,Daniel Harris,Daniel Joseph Harris,Unknown,Right-hand bat,Right-arm medium
DJ Hooda,RHB,Off Break,IPL,497121,Deepak Hooda,Deepak Jagbir Hooda,Allrounder,Right-hand bat,Right-arm offbreak
DJ Hussey,RHB,Off Break,IPL,5766,David Hussey,David John Hussey,Allrounder,Right-hand bat,Right-arm offbreak
DJ Jacobs,RHB,Right-arm fast,IPL,45782,Davy Jacobs,David Johan Jacobs,Wicketkeeper batter,Right-hand bat,Right-arm medium
DJ Malan,LHB,Leg Break,IPL,236489,Dawid Malan,Dawid Johannes Malan,Top-order batter,Left-hand bat,Legbreak
DJ Mitchell,RHB,Right-arm fast,IPL,381743,Daryl Mitchell,Daryl Joseph Mitchell,Allrounder,Right-hand bat,Right-arm medium
DJ Muthuswami,RHB,Right-arm fast,IPL,528985,Domnic Muthuswami,Domnic Joseph Muthuswami,Unknown,Right-hand bat,Right-arm medium
DJ Thornely,RHB,Right-arm fast,IPL,8002,Dominic Thornely,Dominic John Thornely,Top-order batter,Right-hand bat,Right-arm medium
DJ Willey,LHB,Left-arm fast,IPL,308251,David Willey,David Jonathan Willey,Bowling allrounder,Left-hand bat,Left-arm fast-medium
DJG Sammy,RHB,Right-arm fast,IPL,53115,Daren Sammy,Daren Julius Garvey Sammy,Allrounder,Right-hand bat,Right-arm medium
DJM Short,LHB,Slow left-arm chinaman,IPL,308798,D'Arcy Short,D'Arcy John Matthew Short,Opening batter,Left-hand bat,Left-arm wrist-spin
DL Chahar,RHB,Right-arm fast,IPL,447261,Deepak Chahar,Deepak Lokandersingh Chahar,Bowler,Right-hand bat,Right-arm medium
DL Vettori,LHB,Slow left-arm orthodox,IPL,38710,Daniel Vettori,Daniel Luca Vettori,Allrounder,Left-hand bat,Slow left-arm orthodox
DM Bravo,LHB,Right-arm fast,IPL,277472,Darren Bravo,Darren Michael Bravo,Top-order batter,Left-hand bat,Right-arm medium
DNT Zoysa,LHB,Left-arm fast,IPL,51050,Nuwan Zoysa,Demuni Nuwan Tharanga Zoysa,Bowler,Left-hand bat,Left-arm fast-medium
DP Conway,LHB,Right-arm fast,IPL,379140,Devon Conway,Devon Philip Conway,Top-order batter,Left-hand bat,Right-arm medium
DP Nannes,RHB,Left-arm fast,IPL,6981,Dirk Nannes,Dirk Peter Nannes,Bowler,Right-hand bat,Left-arm fast
DP Vijaykumar,RHB,Right-arm fast,IPL,272949,Paidikalva Vijaykumar,David Paidikalva Vijaykumar,Unknown,Right-hand bat,Right-arm medium
DPMD Jayawardene,RHB,Right-arm fast,IPL,49289,Mahela Jayawardene,Denagamage Proboth Mahela de Silva Jayawardene,Batter,Right-hand bat,Right-arm medium
DR Martyn,RHB,Right-arm fast,IPL,6513,Damien Martyn,Damien Richard Martyn,Top-order batter,Right-hand bat,Right-arm medium
DR Sams,RHB,Left-arm fast,IPL,826901,Daniel Sams,Daniel Richard Sams,Allrounder,Right-hand bat,Left-arm fast-medium
DR Shorey,RHB,Off Break,IPL,590327,Dhruv Shorey,Dhruv Ranjan Shorey,Top-order batter,Right-hand bat,Right-arm offbreak
DR Smith,RHB,Right-arm fast,IPL,53118,Dwayne Smith,Dwayne Romel Smith,Allrounder,Right-hand bat,Right-arm medium
DS Kulkarni,RHB,Right-arm fast,IPL,277955,Dhawal Kulkarni,Dhawal Sunil Kulkarni,Bowler,Right-hand bat,Right-arm medium
DS Lehmann,LHB,Slow left-arm orthodox,IPL,6285,Darren Lehmann,Darren Scott Lehmann,Top-order batter,Left-hand bat,Slow left-arm orthodox
DT Christian,RHB,Right-arm fast,IPL,4864,Dan Christian,Daniel Trevor Christian,Allrounder,Right-hand bat,Right-arm fast-medium
DT Patil,RHB,,IPL,32389,Devraj Patil,Devraj Thyagaraj Patil,Unknown,Right-hand bat,
Duan Jansen,RHB,Left-arm fast,IPL,595954,Duan Jansen,Duan Jansen,Bowler,Right-hand bat,Left-arm fast
DW Steyn,RHB,Right-arm fast,IPL,47492,Dale Steyn,Dale Willem Steyn,Bowler,Right-hand bat,Right-arm fast
E Lewis,LHB,,IPL,431901,Evin Lewis,Evin Lewis,Opening batter,Left-hand bat,
EJG Morgan,LHB,Right-arm fast,IPL,24598,Eoin Morgan,Eoin Joseph Gerard Morgan,Middle-order batter,Left-hand bat,Right-arm medium
ER Dwivedi,RHB,,IPL,340841,Eklavya Dwivedi,Eklavya Rakesh Dwivedi,Wicketkeeper,Right-hand bat,
F Behardien,RHB,Right-arm fast,IPL,44410,Farhaan Behardien,Farhaan Behardien,Batting allrounder,Right-hand bat,Right-arm fast-medium
F du Plessis,RHB,Leg Break,IPL,44828,Faf du Plessis,Francois du Plessis,Middle-order batter,Right-hand bat,Legbreak
FA Allen,RHB,Slow left-arm orthodox,IPL,670013,Fabian Allen,Fabian Anthony Allen,Bowling allrounder,Right-hand bat,Slow left-arm orthodox
Fazalhaq Farooqi,RHB,Left-arm fast,IPL,974175,Fazalhaq Farooqi,Fazalhaq Farooqi,Bowler,Right-hand bat,Left-arm fast-medium
FH Edwards,RHB,Right-arm fast,IPL,51782,Fidel Edwards,Fidel Henderson Edwards,Bowler,Right-hand bat,Right-arm fast
FY Fazal,LHB,Right-arm fast,IPL,28671,Faiz Fazal,Faiz Yakub Fazal,Opening batter,Left-hand bat,Right-arm medium
G Gambhir,LHB,Leg Break,IPL,28763,Gautam Gambhir,Gautam Gambhir,Top-order batter,Left-hand bat,Legbreak
Gagandeep Singh,RHB,Right-arm fast,IPL,28758,Gagandeep Singh,Gagandeep Singh,Unknown,Right-hand bat,Right-arm medium-fast
GB Hogg,LHB,Slow left-arm chinaman,IPL,5681,Brad Hogg,George Bradley Hogg,Allrounder,Left-hand bat,Left-arm wrist-spin
GC Smith,LHB,Off Break,IPL,47270,Graeme Smith,Graeme Craig Smith,Opening batter,Left-hand bat,Right-arm offbreak
GC Viljoen,RHB,Right-arm fast,IPL,375126,Hardus Viljoen,GC Viljoen,Bowler,Right-hand bat,Right-arm fast
GD McGrath,RHB,Right-arm fast,IPL,6565,Glenn McGrath,Glenn Donald McGrath,Bowler,Right-hand bat,Right-arm fast-medium
GD Phillips,RHB,Off Break,IPL,823509,Glenn Phillips,Glenn Dominic Phillips,Wicketkeeper batter,Right-hand bat,Right-arm offbreak
GH Vihari,RHB,Off Break,IPL,452044,Hanuma Vihari,Gade Hanuma Vihari,Batting allrounder,Right-hand bat,Right-arm offbreak
GHS Garton,LHB,Left-arm fast,IPL,643433,George Garton,George Henry Simmons Garton,Bowling allrounder,Left-hand bat,Left-arm fast
GJ Bailey,RHB,Right-arm fast,IPL,4451,George Bailey,George John Bailey,Top-order batter,Right-hand bat,Right-arm medium
GJ Maxwell,RHB,Off Break,IPL,325026,Glenn Maxwell,Glenn James Maxwell,Batting allrounder,Right-hand bat,Right-arm offbreak
GR Napier,RHB,Right-arm fast,IPL,17991,Graham Napier,Graham Richard Napier,Bowling allrounder,Right-hand bat,Right-arm medium
GS Sandhu,LHB,Right-arm fast,IPL,499660,Gurinder Sandhu,Gurinder Singh Sandhu,Bowler,Left-hand bat,Right-arm fast-medium
Gurkeerat Singh,RHB,Off Break,IPL,537124,Gurkeerat Singh Mann,Gurkeerat Rupinder Singh,Middle-order batter,Right-hand bat,Right-arm offbreak
Gurnoor Brar,LHB,Right-arm fast,IPL,1287033,Gurnoor Brar,Gurnoor Brar,Bowler,Left-hand bat,Right-arm fast
H Das,RHB,,IPL,236810,Halhadar Das,Halhadar Das,Unknown,Right-hand bat,
H Klaasen,RHB,Off Break,IPL,436757,Heinrich Klaasen,Heinrich Klaasen,Wicketkeeper batter,Right-hand bat,Right-arm offbreak
H Sharma,LHB,Slow left-arm orthodox,IPL,714593,Himanshu Sharma,Himanshu Sharma,Allrounder,Left-hand bat,Slow left-arm orthodox
Harbhajan Singh,RHB,Off Break,IPL,29264,Harbhajan Singh,Harbhajan Singh,Bowler,Right-hand bat,Right-arm offbreak
Harmeet Singh,RHB,Slow left-arm orthodox,IPL,391128,Harmeet Singh,Harmeet Singh Bansal,Bowler,Right-hand bat,Right-arm medium
Harpreet Brar,LHB,Slow left-arm orthodox,IPL,1168641,Harpreet Brar,Harpreet Brar,Bowler,Left-hand bat,Slow left-arm orthodox
Harpreet Singh,LHB,Right-arm fast,IPL,340854,Harpreet Singh,Harpreet Singh Bhatia,Batter,Left-hand bat,Right-arm medium
Harshit Rana,RHB,Right-arm fast,IPL,1312645,Harshit Rana,Harshit Pradeep Rana,Bowler,Right-hand bat,Right-arm medium-fast
HE van der Dussen,RHB,Leg Break,IPL,337790,Rassie van der Dussen,Hendrik Erasmus van der Dussen,Top-order batter,Right-hand bat,Legbreak
HF Gurney,RHB,Left-arm fast,IPL,244639,Harry Gurney,Harry Frederick Gurney,Bowler,Right-hand bat,Left-arm fast-medium
HH Gibbs,RHB,Off Break,IPL,45224,Herschelle Gibbs,Herschelle Herman Gibbs,Opening batter,Right-hand bat,Right-arm bowler
HH Pandya,RHB,Right-arm fast,IPL,625371,Hardik Pandya,Hardik Himanshu Pandya,Allrounder,Right-hand bat,Right-arm medium-fast
HM Amla,RHB,Off Break,IPL,43906,Hashim Amla,Hashim Mahomed Amla,Top-order batter,Right-hand bat,Right-arm medium
HR Shokeen,RHB,Off Break,IPL,1175423,Hrithik Shokeen,Hrithik Rakesh Shokeen,Bowler,Right-hand bat,Right-arm offbreak
HV Patel,RHB,Right-arm fast,IPL,390481,Harshal Patel,Harshal Vikram Patel,Bowler,Right-hand bat,Right-arm medium
I Malhotra,RHB,Right-arm fast,IPL,31088,Ishan Malhotra,Ishan Malhotra,Bowler,Right-hand bat,Right-arm medium-fast
I Sharma,RHB,Right-arm fast,IPL,236779,Ishant Sharma,Ishant Sharma,Bowler,Right-hand bat,Right-arm fast-medium
I Udana,RHB,Left-arm fast,IPL,328026,Isuru Udana,Isuru Udana Tillakaratna,Allrounder,Right-hand bat,Left-arm medium-fast
IC Pandey,RHB,Right-arm fast,IPL,447439,Ishwar Pandey,Ishwar Chand Pandey,Bowler,Right-hand bat,Right-arm medium
IC Porel,RHB,Right-arm fast,IPL,967603,Ishan Porel,Ishan Chandranath Porel,Bowler,Right-hand bat,Right-arm medium
IK Pathan,LHB,Left-arm fast,IPL,32685,Irfan Pathan,Irfan Khan Pathan,Allrounder,Left-hand bat,Left-arm medium-fast
Imran Tahir,RHB,Leg Break,IPL,40618,Imran Tahir,Mohammad Imran Tahir,Bowler,Right-hand bat,Legbreak googly
Iqbal Abdulla,LHB,Slow left-arm orthodox,IPL,277237,Iqbal Abdulla,Sayed Iqbal Abdulla,Allrounder,Left-hand bat,Slow left-arm orthodox
IR Jaggi,RHB,Leg Break,IPL,279554,Ishank Jaggi,Ishank Rajiv Jaggi,Batter,Right-hand bat,Legbreak googly
IS Sodhi,RHB,Leg Break,IPL,559066,Ish Sodhi,Inderbir Singh Sodhi,Bowler,Right-hand bat,Legbreak
Ishan Kishan,LHB,Off Break,IPL,720471,Ishan Kishan,Ishan Pranav Kumar Pandey Kishan,Wicketkeeper batter,Left-hand bat,Right-arm offbreak
J Arunkumar,RHB,Off Break,IPL,26291,Jagadeesh Arunkumar,Jagadeesh Arunkumar,Unknown,Right-hand bat,Right-arm offbreak
J Botha,RHB,Off Break,IPL,44149,Johan Botha,Johan Botha,Allrounder,Right-hand bat,Right-arm offbreak
J Suchith,LHB,Slow left-arm orthodox,IPL,527663,Jagadeesha Suchith,Jagadeesha Suchith,Bowler,Left-hand bat,Slow left-arm orthodox
J Syed Mohammad,LHB,Slow left-arm orthodox,IPL,35261,Jamaluddin Syed Mohammad,Jamaluddin Syed Mohammad,Bowler,Left-hand bat,Slow left-arm orthodox
J Theron,RHB,Right-arm fast,IPL,223642,Rusty Theron,Juan Theron,Bowler,Right-hand bat,Right-arm medium-fast
J Yadav,RHB,Off Break,IPL,447587,Jayant Yadav,Jayant Yadav,Bowler,Right-hand bat,Right-arm offbreak
JA Morkel,LHB,Right-arm fast,IPL,46248,Albie Morkel,Johannes Albertus Morkel,Bowling allrounder,Left-hand bat,Right-arm medium-fast
JA Richardson,RHB,Right-arm fast,IPL,774223,Jhye Richardson,Jhye Avon Richardson,Bowler,Right-hand bat,Right-arm fast
Jalaj S Saxena,RHB,Off Break,IPL,237199,Jalaj Saxena,Jalaj Sahai Saxena,Allrounder,Right-hand bat,Right-arm offbreak
Jaskaran Singh,RHB,Right-arm fast,IPL,376102,Jaskaran Singh,Jaskaran Singh Buttar,Bowler,Right-hand bat,Right-arm medium
JC Archer,RHB,Right-arm fast,IPL,669855,Jofra Archer,Jofra Chioke Archer,Bowler,Right-hand bat,Right-arm fast
JC Buttler,RHB,,IPL,308967,Jos Buttler,Joseph Charles Buttler,Wicketkeeper batter,Right-hand bat,
JD Ryder,LHB,Right-arm fast,IPL,38373,Jesse Ryder,Jesse Daniel Ryder,Allrounder,Left-hand bat,Right-arm medium
JD Unadkat,RHB,Left-arm fast,IPL,390484,Jaydev Unadkat,Jaydev Dipakbhai Unadkat,Bowler,Right-hand bat,Left-arm medium
JDP Oram,LHB,Right-arm fast,IPL,38062,Jacob Oram,Jacob David Philip Oram,Allrounder,Left-hand bat,Right-arm fast-medium
JDS Neesham,LHB,Right-arm fast,IPL,355269,James Neesham,James Douglas Sheahan Neesham,Batting allrounder,Left-hand bat,Right-arm medium-fast
JE Taylor,RHB,Right-arm fast,IPL,53191,Jerome Taylor,Jerome Everton Taylor,Bowler,Right-hand bat,Right-arm fast
JEC Franklin,LHB,Left-arm fast,IPL,37004,James Franklin,James Edward Charles Franklin,Allrounder,Left-hand bat,Left-arm medium
JH Kallis,RHB,Right-arm fast,IPL,45789,Jacques Kallis,Jacques Henry Kallis,Allrounder,Right-hand bat,Right-arm fast-medium
JJ Bumrah,RHB,Right-arm fast,IPL,625383,Jasprit Bumrah,Jasprit Jasbirsingh Bumrah,Bowler,Right-hand bat,Right-arm fast
JJ Roy,RHB,,IPL,298438,Jason Roy,Jason Jonathan Roy,Opening batter,Right-hand bat,
JJ van der Wath,RHB,Right-arm fast,IPL,47693,Johan van der Wath,Johannes Jacobus van der Wath,Allrounder,Right-hand bat,Right-arm medium-fast
JL Denly,RHB,Leg Break,IPL,12454,Joe Denly,Joseph Liam Denly,Top-order batter,Right-hand bat,Legbreak
JL Pattinson,LHB,Right-arm fast,IPL,272465,James Pattinson,James Lee Pattinson,Bowler,Left-hand bat,Right-arm fast-medium
JM Bairstow,RHB,Right-arm fast,IPL,297433,Jonny Bairstow,Jonathan Marc Bairstow,Wicketkeeper batter,Right-hand bat,Right-arm medium
JM Kemp,RHB,Right-arm fast,IPL,45797,Justin Kemp,Justin Miles Kemp,Bowling allrounder,Right-hand bat,Right-arm fast-medium
JM Sharma,RHB,,IPL,721867,Jitesh Sharma,Jitesh Mohan Sharma,Wicketkeeper batter,Right-hand bat,
JO Holder,RHB,Right-arm fast,IPL,391485,Jason Holder,Jason Omar Holder,Bowling allrounder,Right-hand bat,Right-arm medium-fast
Joginder Sharma,RHB,Right-arm fast,IPL,29976,Joginder Sharma,Joginder Sharma,Allrounder,Right-hand bat,Right-arm fast-medium
JP Behrendorff,RHB,Left-arm fast,IPL,272477,Jason Behrendorff,Jason Paul Behrendorff,Bowler,Right-hand bat,Left-arm fast-medium
JP Duminy,LHB,Off Break,IPL,44932,Jean-Paul Duminy,Jean-Paul Duminy,Batting allrounder,Left-hand bat,Right-arm offbreak
JP Faulkner,RHB,Left-arm fast,IPL,270484,James Faulkner,James Peter Faulkner,Bowling allrounder,Right-hand bat,Left-arm fast-medium
JPR Scantlebury-Searles,RHB,Right-arm fast,IPL,230554,Javon Searles,Javon Philip Ramon Scantlebury-Searles,Bowling allrounder,Right-hand bat,Right-arm fast-medium
JR Hazlewood,LHB,Right-arm fast,IPL,288284,Josh Hazlewood,Josh Reginald Hazlewood,Bowler,Left-hand bat,Right-arm fast-medium
JR Hopes,RHB,Right-arm fast,IPL,5702,James Hopes,James Redfern Hopes,Allrounder,Right-hand bat,Right-arm medium
JR Philippe,RHB,Off Break,IPL,1124282,Josh Philippe,Joshua Ryan Philippe,Wicketkeeper batter,Right-hand bat,
JW Hastings,RHB,Right-arm fast,IPL,228622,John Hastings,John Wayne Hastings,Allrounder,Right-hand bat,Right-arm fast-medium
K Goel,LHB,Off Break,IPL,28997,Karan Goel,Karan Goel,Opening batter,Left-hand bat,Right-arm offbreak
K Gowtham,RHB,Off Break,IPL,424377,Krishnappa Gowtham,Krishnappa Gowtham,Bowling allrounder,Right-hand bat,Right-arm offbreak
K Kartikeya,RHB,Slow left-arm orthodox,IPL,1159843,Kumar Kartikeya,Kumar Kartikeya Singh,Bowler,Right-hand bat,Slow left-arm orthodox
K Khejroliya,LHB,Left-arm fast,IPL,1083033,Kulwant Khejroliya,Kulwant Khejroliya,Bowler,Left-hand bat,Left-arm medium-fast
K Rabada,LHB,Right-arm fast,IPL,550215,Kagiso Rabada,Kagiso Rabada,Bowler,Left-hand bat,Right-arm fast
K Santokie,LHB,Left-arm fast,IPL,314622,Krishmar Santokie,Krishmar Santokie,Bowler,Left-hand bat,Left-arm medium
K Upadhyay,RHB,Right-arm fast,IPL,431876,Krishnakant  Upadhyay,Krishnakant Upadhyay,Unknown,Right-hand bat,Right-arm medium
K Yadav,LHB,Left-arm fast,IPL,1206495,Kuldip Yadav,Kuldip Yadav,Bowler,Left-hand bat,Left-arm fast-medium
KA Jamieson,RHB,Right-arm fast,IPL,625960,Kyle Jamieson,Kyle Alex Jamieson,Bowler,Right-hand bat,Right-arm fast-medium
KA Pollard,RHB,Right-arm fast,IPL,230559,Kieron Pollard,Kieron Adrian Pollard,Allrounder,Right-hand bat,Right-arm medium
KAJ Roach,RHB,Right-arm fast,IPL,230553,Kemar Roach,Kemar Andre Jamal Roach,Bowler,Right-hand bat,Right-arm fast-medium
Kamran Akmal,RHB,,IPL,41028,Kamran Akmal,Kamran Akmal,Wicketkeeper batter,Right-hand bat,
Kamran Khan,LHB,Left-arm fast,IPL,391121,Kamran Khan,Kamran Khan,Bowler,Left-hand bat,Left-arm medium-fast
Karanveer Singh,RHB,Leg Break,IPL,322535,Karanveer Singh,Karanveer Singh,Unknown,Right-hand bat,Legbreak googly
Kartik Tyagi,RHB,Right-arm fast,IPL,1122918,Kartik Tyagi,Kartik Tyagi,Bowler,Right-hand bat,Right-arm fast
KB Arun Karthik,RHB,Leg Break,IPL,319745,Arun Karthik,Konda Bhaskir Arun Karthik,Wicketkeeper batter,Right-hand bat,Legbreak googly
KC Cariappa,RHB,Leg Break,IPL,777537,KC Cariappa,Konganda Charamanna Cariappa,Bowler,Right-hand bat,Legbreak
KC Sangakkara,LHB,Off Break,IPL,50710,Kumar Sangakkara,Kumar Chokshanada Sangakkara,Wicketkeeper batter,Left-hand bat,Right-arm offbreak
KD Karthik,RHB,Off Break,IPL,30045,Dinesh Karthik,Krishnakumar Dinesh Karthik,Wicketkeeper batter,Right-hand bat,Right-arm offbreak
KH Pandya,LHB,Slow left-arm orthodox,IPL,471342,Krunal Pandya,Krunal Himanshu Pandya,Allrounder,Left-hand bat,Slow left-arm orthodox
KJ Abbott,RHB,Right-arm fast,IPL,297583,Kyle Abbott,Kyle John Abbott,Bowler,Right-hand bat,Right-arm fast-medium
KK Ahmed,RHB,Left-arm fast,IPL,942645,Khaleel Ahmed,Khaleel Khursheed Ahmed,Bowler,Right-hand bat,Left-arm medium
KK Cooper,RHB,Right-arm fast,IPL,371814,Kevon Cooper,Kevon Keston Cooper,Allrounder,Right-hand bat,Right-arm medium
KK Nair,RHB,Off Break,IPL,398439,Karun Nair,Karun Nair,Top-order batter,Right-hand bat,Right-arm offbreak
KL Nagarkoti,RHB,Right-arm fast,IPL,1070188,Kamlesh Nagarkoti,Kamlesh Lachham Nagarkoti,Bowler,Right-hand bat,Right-arm fast
KL Rahul,RHB,,IPL,422108,KL Rahul,Kannaur Lokesh Rahul,Opening batter,Right-hand bat,
KM Asif,RHB,Right-arm fast,IPL,1083030,KM Asif,KM Asif,Bowler,Right-hand bat,Right-arm medium
KM Jadhav,RHB,Off Break,IPL,290716,Kedar Jadhav,Kedar Mahadav Jadhav,Batting allrounder,Right-hand bat,Right-arm offbreak
KMA Paul,RHB,Right-arm fast,IPL,677081,Keemo Paul,Keemo Mandela Angus Paul,Allrounder,Right-hand bat,Right-arm fast-medium
KMDN Kulasekara,RHB,Right-arm fast,IPL,49535,Nuwan Kulasekara,Kulasekara Mudiyanselage Dinesh Nuwan Kulasekara,Bowler,Right-hand bat,Right-arm fast-medium
KP Appanna,RHB,Slow left-arm orthodox,IPL,269170,KP Appanna,Kotarangada Prabhu Appanna,Unknown,Right-hand bat,Slow left-arm orthodox
KP Pietersen,RHB,Off Break,IPL,19296,Kevin Pietersen,Kevin Peter Pietersen,Top-order batter,Right-hand bat,Right-arm offbreak
KR Sen,RHB,Right-arm fast,IPL,1163695,Kuldeep Sen,Kuldeep Rampal Sen,Bowler,Right-hand bat,Right-arm fast
KS Bharat,RHB,,IPL,529436,Srikar Bharat,Kona Srikar Bharat,Wicketkeeper batter,Right-hand bat,
KS Sharma,RHB,Off Break,IPL,1246518,Karan Sharma,Karan Sunny Sharma,Allrounder,Right-hand bat,Right-arm offbreak
KS Williamson,RHB,Off Break,IPL,277906,Kane Williamson,Kane Stuart Williamson,Top-order batter,Right-hand bat,Right-arm offbreak
Kuldeep Yadav,LHB,Slow left-arm chinaman,IPL,559235,Kuldeep Yadav,Kuldeep Yadav,Bowler,Left-hand bat,Left-arm wrist-spin
KV Sharma,LHB,Leg Break,IPL,30288,Karn Sharma,Karn Vinod Sharma,Bowler,Left-hand bat,Legbreak googly
KW Richardson,RHB,Right-arm fast,IPL,272262,Kane Richardson,Kane William Richardson,Bowler,Right-hand bat,Right-arm fast-medium
L Ablish,RHB,Right-arm fast,IPL,26236,Love Ablish,Love Ablish,Bowler,Right-hand bat,Right-arm medium-fast
L Balaji,RHB,Right-arm fast,IPL,26829,Lakshmipathy Balaji,Lakshmipathy Balaji,Bowler,Right-hand bat,Right-arm medium-fast
L Ngidi,RHB,Right-arm fast,IPL,542023,Lungi Ngidi,Lungisani True-man Ngidi,Bowler,Right-hand bat,Right-arm fast-medium
L Ronchi,RHB,,IPL,7502,Luke Ronchi,Luke Ronchi,Wicketkeeper batter,Right-hand bat,
LA Carseldine,LHB,Left-arm fast,IPL,4541,Lee Carseldine,Lee Andrew Carseldine,Allrounder,Left-hand bat,Left-arm medium
LA Pomersbach,LHB,Off Break,IPL,232284,Luke Pomersbach,Luke Anthony Pomersbach,Batter,Left-hand bat,Right-arm offbreak
Lalit Yadav,RHB,Off Break,IPL,930189,Lalit Yadav,Lalit Yadav,Allrounder,Right-hand bat,Right-arm offbreak
LE Plunkett,RHB,Right-arm fast,IPL,19264,Liam Plunkett,Liam Edward Plunkett,Bowler,Right-hand bat,Right-arm fast
LH Ferguson,RHB,Right-arm fast,IPL,493773,Lockie Ferguson,Lachlan Hammond Ferguson,Bowler,Right-hand bat,Right-arm fast
LI Meriwala,LHB,Left-arm fast,IPL,573930,Lukman Meriwala,Lukman Iqbal Meriwala,Bowler,Left-hand bat,Left-arm fast-medium
LJ Wright,RHB,Right-arm fast,IPL,23460,Luke Wright,Luke James Wright,Top-order batter,Right-hand bat,Right-arm medium
LMP Simmons,RHB,Right-arm fast,IPL,53116,Lendl Simmons,Lendl Mark Platter Simmons,Top-order batter,Right-hand bat,Right-arm medium-fast
LPC Silva,RHB,Leg Break,IPL,50431,Chamara Silva,Lindamlilage Prageeth Chamara Silva,Batter,Right-hand bat,Legbreak
LR Shukla,RHB,Right-arm fast,IPL,34019,Laxmi Shukla,Laxmi Ratan Shukla,Allrounder,Right-hand bat,Right-arm medium
LRPL Taylor,RHB,Off Break,IPL,38699,Ross Taylor,Luteru Ross Poutoa Lote Taylor,Middle-order batter,Right-hand bat,Right-arm offbreak
LS Livingstone,RHB,Leg Break,IPL,403902,Liam Livingstone,Liam Stephen Livingstone,Batting allrounder,Right-hand bat,Right-arm offbreak
M Ashwin,RHB,Leg Break,IPL,528067,Murugan Ashwin,Murugan Ashwin,Bowler,Right-hand bat,Legbreak googly
M de Lange,RHB,Right-arm fast,IPL,393279,Marchant de Lange,Marchant de Lange,Bowler,Right-hand bat,Right-arm fast
M Jansen,RHB,Left-arm fast,IPL,696401,Marco Jansen,Marco Jansen,Bowling allrounder,Right-hand bat,Left-arm fast
M Kaif,RHB,Off Break,IPL,29990,Mohammad Kaif,Mohammad Kaif,Batter,Right-hand bat,Right-arm offbreak
M Kartik,LHB,Slow left-arm orthodox,IPL,30049,Murali Kartik,Murali Kartik,Bowler,Left-hand bat,Slow left-arm orthodox
M Klinger,RHB,,IPL,6161,Michael Klinger,Michael Klinger,Batter,Right-hand bat,
M Manhas,RHB,Off Break,IPL,31001,Mithun Manhas,Mithun Manhas,Allrounder,Right-hand bat,Right-arm offbreak
M Markande,RHB,Leg Break,IPL,1081442,Mayank Markande,Mayank Markande,Bowler,Right-hand bat,Legbreak
M Morkel,LHB,Right-arm fast,IPL,46538,Morne Morkel,Morne Morkel,Bowler,Left-hand bat,Right-arm fast
M Muralitharan,RHB,Off Break,IPL,49636,Muthiah Muralidaran,Muthiah Muralidaran,Bowler,Right-hand bat,Right-arm offbreak
M Ntini,RHB,Right-arm fast,IPL,46592,Makhaya Ntini,Makhaya Ntini,Bowler,Right-hand bat,Right-arm fast
M Pathirana,RHB,Right-arm fast,IPL,1194795,Matheesha Pathirana,Matheesha Pathirana,Bowler,Right-hand bat,Right-arm medium
M Prasidh Krishna,RHB,Right-arm fast,IPL,917159,Prasidh Krishna,Muralikrishna Prasidh Krishna,Bowler,Right-hand bat,Right-arm fast-medium
M Rawat,RHB,,IPL,33440,Mahesh Rawat,Mahesh Rawat,Wicketkeeper batter,Right-hand bat,
M Shahrukh Khan,RHB,Off Break,IPL,719719,M Shahrukh Khan,Masood Shahrukh Khan,Batter,Right-hand bat,Right-arm offbreak
M Theekshana,RHB,Off Break,IPL,1138316,Maheesh Theekshana,Morawakage Maheesh Theekshana,Bowler,Right-hand bat,Right-arm offbreak
M Vijay,RHB,Off Break,IPL,237095,Murali Vijay,Murali Vijay,Opening batter,Right-hand bat,Right-arm offbreak
M Vohra,RHB,Right-arm fast,IPL,532856,Manan Vohra,Manan Vohra,Opening batter,Right-hand bat,Right-arm medium
MA Agarwal,RHB,,IPL,398438,Mayank Agarwal,Mayank Anurag Agarwal,Batter,Right-hand bat,Right-arm offbreak
MA Khote,RHB,Right-arm fast,IPL,30220,Musavir Khote,Musavir Asmat Khote,Unknown,Right-hand bat,Right-arm medium
MA Starc,LHB,Left-arm fast,IPL,311592,Mitchell Starc,Mitchell Aaron Starc,Bowler,Left-hand bat,Left-arm fast
MA Wood,RHB,Right-arm fast,IPL,351588,Mark Wood,Mark Andrew Wood,Bowler,Right-hand bat,Right-arm fast
Mandeep Singh,RHB,Right-arm fast,IPL,398506,Mandeep Singh,Mandeep Singh,Allrounder,Right-hand bat,Right-arm medium
Mashrafe Mortaza,RHB,Right-arm fast,IPL,56007,Mashrafe Mortaza,Mashrafe Bin Mortaza,Bowler,Right-hand bat,Right-arm fast-medium
Mayank Dagar,RHB,Slow left-arm orthodox,IPL,942367,Mayank Dagar,Mayank J Dagar,Bowler,Right-hand bat,Slow left-arm orthodox
MB Parmar,RHB,Off Break,IPL,240734,Mohnish Parmar,Mohnish Bipinbhai Parmar,Unknown,Right-hand bat,Right-arm offbreak
MC Henriques,RHB,Right-arm fast,IPL,5961,Moises Henriques,Moises Constantino Henriques,Allrounder,Right-hand bat,Right-arm fast-medium
MC Juneja,RHB,Off Break,IPL,390480,Manprit Juneja,Manprit Charanjit Juneja,Top-order batter,Right-hand bat,Right-arm offbreak
MD Mishra,RHB,Off Break,IPL,31028,Mohnish  Mishra,Mohnish Dinesh Mishra,Batter,Right-hand bat,Right-arm offbreak
MDKJ Perera,LHB,,IPL,300631,Kusal Perera,Mathurage Don Kusal Janith Perera,Wicketkeeper batter,Left-hand bat,
MEK Hussey,LHB,Right-arm fast,IPL,5939,Michael Hussey,Michael Edward Killeen Hussey,Middle-order batter,Left-hand bat,Right-arm medium
MF Maharoof,RHB,Right-arm fast,IPL,49638,Farveez Maharoof,Mohamed Farveez Maharoof,Allrounder,Right-hand bat,Right-arm fast-medium
MG Johnson,LHB,Left-arm fast,IPL,6033,Mitchell Johnson,Mitchell Guy Johnson,Bowler,Left-hand bat,Left-arm fast
MG Neser,RHB,Right-arm fast,IPL,376169,Michael Neser,Michael Gertges Neser,Bowling allrounder,Right-hand bat,Right-arm medium-fast
Misbah-ul-Haq,RHB,Leg Break,IPL,41378,Misbah-ul-Haq,Misbah-ul-Haq Khan Niazi,Middle-order batter,Right-hand bat,Legbreak
MJ Clarke,RHB,Slow left-arm orthodox,IPL,4578,Michael Clarke,Michael John Clarke,Middle-order batter,Right-hand bat,Slow left-arm orthodox
MJ Guptill,RHB,Off Break,IPL,226492,Martin Guptill,Martin James Guptill,Opening batter,Right-hand bat,Right-arm offbreak
MJ Henry,RHB,Right-arm fast,IPL,506612,Matt Henry,Matthew James Henry,Bowler,Right-hand bat,Right-arm fast-medium
MJ Lumb,LHB,Right-arm fast,IPL,16406,Michael Lumb,Michael John Lumb,Top-order batter,Left-hand bat,Right-arm medium
MJ McClenaghan,LHB,Left-arm fast,IPL,319439,Mitchell McClenaghan,Mitchell John McClenaghan,Bowler,Left-hand bat,Left-arm fast-medium
MJ Santner,LHB,Slow left-arm orthodox,IPL,502714,Mitchell Santner,Mitchell Josef Santner,Bowling allrounder,Left-hand bat,Slow left-arm orthodox
MK Lomror,LHB,Slow left-arm orthodox,IPL,853265,Mahipal Lomror,Mahipal Krishan Lomror,Allrounder,Left-hand bat,Slow left-arm orthodox
MK Pandey,RHB,Right-arm fast,IPL,290630,Manish Pandey,Manish Krishnanand Pandey,Top-order batter,Right-hand bat,Right-arm medium
MK Tiwary,RHB,Leg Break,IPL,35565,Manoj Tiwary,Manoj Kumar Tiwary,Batter,Right-hand bat,Legbreak googly
ML Hayden,LHB,Right-arm fast,IPL,5616,Matthew Hayden,Matthew Lawrence Hayden,Opening batter,Left-hand bat,Right-arm medium
MM Ali,LHB,Leg Break,IPL,8917,Moeen Ali,Moeen Munir Ali,Batting allrounder,Left-hand bat,Right-arm offbreak
MM Patel,RHB,Right-arm fast,IPL,32965,Munaf Patel,Munaf Musa Patel,Bowler,Right-hand bat,Right-arm medium-fast
MM Sharma,RHB,Right-arm fast,IPL,537119,Mohit Sharma,Mohit Mahipal Sharma,Bowler,Right-hand bat,Right-arm medium
MN Samuels,RHB,Off Break,IPL,52983,Marlon Samuels,Marlon Nathaniel Samuels,Top-order batter,Right-hand bat,Right-arm offbreak
MN van Wyk,RHB,Slow left-arm orthodox,IPL,47711,Morne van Wyk,Morne Nico van Wyk,Wicketkeeper batter,Right-hand bat,Slow left-arm orthodox
Mohammad Ashraful,RHB,Off Break,IPL,55988,Mohammad Ashraful,Mohammad Ashraful,Middle-order batter,Right-hand bat,Right-arm offbreak
Mohammad Asif,LHB,Right-arm fast,IPL,41411,Mohammad Asif,Mohammad Asif,Bowler,Left-hand bat,Right-arm fast-medium
Mohammad Hafeez,RHB,Off Break,IPL,41434,Mohammad Hafeez,Mohammad Hafeez,Allrounder,Right-hand bat,Right-arm offbreak
Mohammad Nabi,RHB,Off Break,IPL,25913,Mohammad Nabi,Mohammad Nabi,Allrounder,Right-hand bat,Right-arm offbreak
Mohammed Shami,RHB,Right-arm fast,IPL,481896,Mohammed Shami,Mohammed Shami Ahmed,Bowler,Right-hand bat,Right-arm fast
Mohammed Siraj,RHB,Right-arm fast,IPL,940973,Mohammed Siraj,Mohammed Siraj,Bowler,Right-hand bat,Right-arm medium-fast
Mohit Rathee,RHB,Leg Break,IPL,1349361,Mohit Rathee,Mohit Rathee,Allrounder,Right-hand bat,Legbreak
Mohsin Khan,LHB,Left-arm fast,IPL,919535,Mohsin Khan,Mohsin Khan,Unknown,Left-hand bat,Left-arm medium-fast
Monu Kumar,RHB,Right-arm fast,IPL,694209,Monu Kumar,Monu Kumar Singh,Bowling allrounder,Right-hand bat,Right-arm medium
MP Stoinis,RHB,Right-arm fast,IPL,325012,Marcus Stoinis,Marcus Peter Stoinis,Batting allrounder,Right-hand bat,Right-arm medium
MR Marsh,RHB,Right-arm fast,IPL,272450,Mitchell Marsh,Mitchell Ross Marsh,Allrounder,Right-hand bat,Right-arm medium
MS Bisla,RHB,,IPL,27280,Manvinder  Bisla,Manvinder Sultansingh Bisla,Wicketkeeper,Right-hand bat,
MS Dhoni,RHB,Right-arm fast,IPL,28081,MS Dhoni,Mahendra Singh Dhoni,Wicketkeeper batter,Right-hand bat,Right-arm medium
MS Gony,RHB,Right-arm fast,IPL,317293,Manpreet Gony,Manpreet Singh Gony,Bowler,Right-hand bat,Right-arm medium
MS Wade,LHB,Right-arm fast,IPL,230193,Matthew Wade,Matthew Scott Wade,Wicketkeeper batter,Left-hand bat,Right-arm medium
Mujeeb Ur Rahman,RHB,Off Break,IPL,974109,Mujeeb Ur Rahman,Mujeeb Ur Rahman,Bowler,Right-hand bat,Right-arm offbreak
Mukesh Choudhary,LHB,Left-arm fast,IPL,1125688,Mukesh Choudhary,Mukesh Choudhary,Bowler,Left-hand bat,Left-arm medium
Mukesh Kumar,RHB,Right-arm fast,IPL,926851,Mukesh Kumar,Mukesh Kumar,Bowler,Right-hand bat,Right-arm medium
Mustafizur Rahman,LHB,Left-arm fast,IPL,330902,Mustafizur Rahman,Mustafizur Rahman,Bowler,Left-hand bat,Left-arm fast-medium
MV Boucher,RHB,Right-arm fast,IPL,44111,Mark Boucher,Mark Verdon Boucher,Wicketkeeper batter,Right-hand bat,Right-arm medium
MW Short,RHB,Off Break,IPL,605575,Matthew Short,Matthew William Short,Top-order batter,Right-hand bat,Right-arm offbreak
N Jagadeesan,RHB,,IPL,1048813,Narayan Jagadeesan,Narayan Jagadeesan,Opening batter,Right-hand bat,
N Pooran,LHB,,IPL,604302,Nicholas Pooran,Nicholas Pooran,Wicketkeeper batter,Left-hand bat,Right-arm offbreak
N Rana,LHB,Off Break,IPL,604527,Nitish Rana,Nitish Rana,Middle-order batter,Left-hand bat,Right-arm offbreak
N Saini,RHB,Right-arm fast,IPL,274785,Nitin Saini,Nitin Saini,Wicketkeeper batter,Right-hand bat,
N Wadhera,LHB,Leg Break,IPL,1151273,Nehal Wadhera,Nehal Wadhera,Top-order batter,Left-hand bat,Legbreak
NA Saini,RHB,Right-arm fast,IPL,700167,Navdeep Saini,Navdeep Amarjeet Saini,Bowler,Right-hand bat,Right-arm fast
Navdeep Saini,RHB,Right-arm fast,IPL,700167,Navdeep Saini,Navdeep Amarjeet Saini,Bowler,Right-hand bat,Right-arm fast
NB Singh,RHB,Right-arm fast,IPL,853259,Nathu Singh,Nathu Bharat Singh,Bowler,Right-hand bat,Right-arm medium
ND Doshi,RHB,Slow left-arm orthodox,IPL,12440,Nayan Doshi,Nayan Dilip Doshi,Bowler,Right-hand bat,Slow left-arm orthodox
Niraj Patel,LHB,,IPL,32240,Niraj Patel,Niraj Kanubhai Patel,Allrounder,Left-hand bat,
Nithish Kumar Reddy,RHB,Right-arm fast,IPL,1175496,Nithish Kumar Reddy,Kaki Nitish Kumar Reddy,Batting allrounder,Right-hand bat,Right-arm medium-fast
NJ Maddinson,LHB,Slow left-arm orthodox,IPL,333780,Nic Maddinson,Nicolas James Maddinson,Opening batter,Left-hand bat,Slow left-arm orthodox
NJ Rimmington,RHB,Right-arm fast,IPL,7443,Nathan Rimmington,Nathan John Rimmington,Bowler,Right-hand bat,Right-arm fast-medium
NL McCullum,RHB,Off Break,IPL,37749,Nathan McCullum,Nathan Leslie McCullum,Bowler,Right-hand bat,Right-arm offbreak
NLTC Perera,LHB,Right-arm fast,IPL,233514,Thisara Perera,Narangoda Liyanaarachchilage Thisara Chirantha Perera,Bowling allrounder,Left-hand bat,Right-arm medium-fast
NM Coulter-Nile,RHB,Right-arm fast,IPL,261354,Nathan Coulter-Nile,Nathan Mitchell Coulter-Nile,Bowling allrounder,Right-hand bat,Right-arm fast
NS Naik,RHB,,IPL,554700,Nikhil Naik,Nikhil Shankar Naik,Wicketkeeper batter,Right-hand bat,
NT Ellis,RHB,Right-arm fast,IPL,826915,Nathan Ellis,Nathan Ellis,Bowler,Right-hand bat,Right-arm fast-medium
NV Ojha,RHB,,IPL,32102,Naman Ojha,Naman Vinaykumar Ojha,Wicketkeeper batter,Right-hand bat,
O Thomas,LHB,Right-arm fast,IPL,914567,Oshane Thomas,Oshane Romaine Thomas,Bowler,Left-hand bat,Right-arm fast
OA Shah,RHB,Off Break,IPL,20123,Owais Shah,Owais Alam Shah,Batter,Right-hand bat,Right-arm offbreak
OC McCoy,LHB,Left-arm fast,IPL,906783,Obed McCoy,Obed  Christopher McCoy,Bowler,Left-hand bat,Left-arm fast-medium
OF Smith,RHB,Right-arm fast,IPL,820691,Odean Smith,Odean Fabian Smith,Bowling allrounder,Right-hand bat,Right-arm fast-medium
P Amarnath,RHB,Right-arm fast,IPL,290629,Palani  Amarnath,Palani Amarnath,Unknown,Right-hand bat,Right-arm medium
P Awana,RHB,Right-arm fast,IPL,323131,Parvinder Awana,Parvinder Awana,Bowler,Right-hand bat,Right-arm medium
P Chopra,RHB,Leg Break,IPL,500135,Prashant Chopra,Prashant Chopra,Opening batter,Right-hand bat,Legbreak googly
P Dogra,RHB,Leg Break,IPL,28160,Paras Dogra,Paras Dogra,Batter,Right-hand bat,Legbreak
P Dubey,RHB,Leg Break,IPL,777515,Praveen Dubey,Praveen Dubey,Bowler,Right-hand bat,Legbreak googly
P Kumar,RHB,Right-arm fast,IPL,30732,Praveen Kumar,Praveenkumar Sakat Singh,Bowler,Right-hand bat,Right-arm medium
P Negi,LHB,Slow left-arm orthodox,IPL,530773,Pawan Negi,Pawan Negi,Bowler,Left-hand bat,Slow left-arm orthodox
P Parameswaran,RHB,Left-arm fast,IPL,279562,Prasanth Parameswaran,Prasanth Parameswaran,Unknown,Right-hand bat,Left-arm medium
P Prasanth,LHB,Slow left-arm orthodox,IPL,32211,Padmanabhan Prasanth,Padmanabhan Prasanth,Allrounder,Left-hand bat,Slow left-arm orthodox
P Ray Barman,RHB,Leg Break,IPL,1159712,Prayas Ray Barman,Prayas Ray Barman,Bowler,Right-hand bat,Legbreak googly
P Sahu,RHB,Leg Break,IPL,34155,Pardeep Sahu,Pardeep Sahu,Allrounder,Right-hand bat,Legbreak googly
P Simran Singh,RHB,,IPL,1161024,Prabhsimran Singh,Prabhsimran Singh,Wicketkeeper batter,Right-hand bat,
P Suyal,RHB,Left-arm fast,IPL,431213,Pawan Suyal,Pawan Shakland Suyal,Bowler,Right-hand bat,Left-arm medium
PA Patel,LHB,,IPL,32242,Parthiv Patel,Parthiv Ajay Patel,Wicketkeeper batter,Left-hand bat,Right-arm offbreak
PA Reddy,RHB,Leg Break,IPL,376109,Akshath Reddy,Produturi Akshath Reddy,Opening batter,Right-hand bat,Legbreak
Pankaj Singh,RHB,Right-arm fast,IPL,32973,Pankaj Singh,Pankaj Singh,Bowler,Right-hand bat,Right-arm medium-fast
Parvez Rasool,RHB,Off Break,IPL,378496,Parvez Rasool,Parvez Ghulam Rasool Zargar,Bowling allrounder,Right-hand bat,Right-arm offbreak
PBB Rajapaksa,LHB,,IPL,342619,Bhanuka Rajapaksa,Pramod Bhanuka Bandara Rajapaksa,Top-order batter,Left-hand bat,Right-arm medium
PC Valthaty,RHB,Right-arm fast,IPL,35630,Paul Valthaty,Paul Chandrashekar Valthaty,Batter,Right-hand bat,Right-arm medium
PD Collingwood,RHB,Right-arm fast,IPL,10772,Paul Collingwood,Paul David Collingwood,Allrounder,Right-hand bat,Right-arm medium
PH Solanki,RHB,Leg Break,IPL,1252337,Prashant Solanki,Prashant Hitesh Solanki,Bowler,Right-hand bat,Legbreak
PJ Cummins,RHB,Right-arm fast,IPL,489889,Pat Cummins,Patrick James Cummins,Bowler,Right-hand bat,Right-arm fast
PJ Sangwan,RHB,Left-arm fast,IPL,279545,Pradeep Sangwan,Pradeep Jaibeer Sangwan,Bowler,Right-hand bat,Left-arm medium
PK Garg,RHB,Right-arm fast,IPL,1070180,Priyam Garg,Priyam K Garg,Top-order batter,Right-hand bat,Right-arm medium
PM Sarvesh Kumar,RHB,Right-arm fast,IPL,327127,PM Sarvesh Kumar,PM Sarvesh Kumar,Unknown,Right-hand bat,Right-arm medium
PN Mankad,RHB,Right-arm fast,IPL,956871,Prerak Mankad,Prerak Nileshkumar Mankad,Allrounder,Right-hand bat,Right-arm medium
PP Chawla,LHB,Leg Break,IPL,32966,Piyush Chawla,Piyush Pramod Chawla,Bowling allrounder,Left-hand bat,Legbreak
PP Ojha,LHB,Slow left-arm orthodox,IPL,32130,Pragyan Ojha,Pragyan Prayash Ojha,Bowler,Left-hand bat,Slow left-arm orthodox
PP Shaw,RHB,,IPL,1070168,Prithvi Shaw,Prithvi Pankaj Shaw,Opening batter,Right-hand bat,Right-arm offbreak
PR Shah,RHB,,IPL,34282,Pinal Shah,Pinal Rohitbhai Shah,Wicketkeeper batter,Right-hand bat,
PSP Handscomb,RHB,,IPL,334337,Peter Handscomb,Peter Stephen Patrick Handscomb,Batter,Right-hand bat,
PV Tambe,RHB,Leg Break,IPL,587152,Pravin Tambe,Pravin Vijay Tambe,Bowler,Right-hand bat,Legbreak
PVD Chameera,RHB,Right-arm fast,IPL,552152,Dushmantha Chameera,Pathira Vasan Dushmantha Chameera,Bowler,Right-hand bat,Right-arm fast
PWH de Silva,RHB,Leg Break,IPL,784379,Wanindu Hasaranga de Silva,Pinnaduwage Wanindu Hasaranga de Silva,Allrounder,Right-hand bat,Legbreak
Q de Kock,LHB,,IPL,379143,Quinton de Kock,Quinton de Kock,Wicketkeeper batter,Left-hand bat,
R Ashwin,RHB,Off Break,IPL,26421,Ravichandran Ashwin,Ravichandran Ashwin,Bowling allrounder,Right-hand bat,Right-arm offbreak
R Bhatia,RHB,Right-arm fast,IPL,26907,Rajat Bhatia,Rajat Bhatia,Allrounder,Right-hand bat,Right-arm medium-fast
R Bishnoi,RHB,Right-arm fast,IPL,236766,Rajesh Bishnoi,Rajesh Bishnoi,Middle-order batter,Right-hand bat,Right-arm medium-fast
R Dhawan,RHB,Right-arm fast,IPL,290727,Rishi Dhawan,Rishi Dhawan,Allrounder,Right-hand bat,Right-arm medium-fast
R Dravid,RHB,Off Break,IPL,28114,Rahul Dravid,Rahul Sharad Dravid,Top-order batter,Right-hand bat,Right-arm offbreak
R Goyal,LHB,Slow left-arm orthodox,IPL,1350770,Raghav Goyal,Raghav Goyal,Bowler,Left-hand bat,Left arm Wrist spin
R McLaren,LHB,Right-arm fast,IPL,46393,Ryan McLaren,Ryan McLaren,Allrounder,Left-hand bat,Right-arm medium-fast
R Ninan,RHB,Off Break,IPL,353669,Ryan Ninan,Ryan Ninan,Allrounder,Right-hand bat,Right-arm offbreak
R Parag,RHB,Leg Break,IPL,1079434,Riyan Parag,Riyan Parag,Top-order batter,Right-hand bat,Legbreak
R Powell,RHB,Right-arm fast,IPL,820351,Rovman Powell,Rovman Powell,Middle-order batter,Right-hand bat,Right-arm medium-fast
R Rampaul,LHB,Right-arm fast,IPL,52912,Ravi Rampaul,Ravindranath Rampaul,Bowler,Left-hand bat,Right-arm fast-medium
R Sai Kishore,LHB,Slow left-arm orthodox,IPL,1048739,Ravisrinivasan Sai Kishore,Ravisrinivasan Sai Kishore,Bowler,Left-hand bat,Slow left-arm orthodox
R Sanjay Yadav,LHB,Slow left-arm orthodox,IPL,1048841,Sanjay Yadav,Ramsingh  Sanjay Yadav,Allrounder,Left-hand bat,Slow left-arm orthodox
R Sathish,RHB,Right-arm fast,IPL,33870,Rajagopal Sathish,Rajagopal Sathish,Allrounder,Right-hand bat,Right-arm medium
R Sharma,RHB,Off Break,IPL,272994,Rahul Sharma,Rahul Sharma,Bowler,Right-hand bat,Legbreak googly
R Shepherd,RHB,Right-arm fast,IPL,677077,Romario Shepherd,Romario Shepherd,Bowling allrounder,Right-hand bat,Right-arm fast-medium
R Shukla,RHB,Right-arm fast,IPL,390547,Rahul Shukla,Rahul Shukla,Bowler,Right-hand bat,Right-arm medium
R Tewatia,LHB,Leg Break,IPL,423838,Rahul Tewatia,Rahul Tewatia,Bowling allrounder,Left-hand bat,Legbreak
R Vinay Kumar,RHB,Right-arm fast,IPL,35731,Vinay Kumar,Ranganath Vinay Kumar,Bowler,Right-hand bat,Right-arm medium
RA Bawa,LHB,Right-arm fast,IPL,1292502,RajÂ Bawa,RajÂ AngadÂ Bawa,Allrounder,Left-hand bat,Right-arm medium-fast
RA Jadeja,LHB,Slow left-arm orthodox,IPL,234675,Ravindra Jadeja,Ravindrasinh Anirudhsinh Jadeja,Allrounder,Left-hand bat,Slow left-arm orthodox
RA Shaikh,LHB,Left-arm fast,IPL,279460,Rahil Shaikh,Rahil Akhil Ahmed Shaikh,Unknown,Left-hand bat,Left-arm medium
RA Tripathi,RHB,Right-arm fast,IPL,446763,Rahul Tripathi,Rahul Ajay Tripathi,Top-order batter,Right-hand bat,Right-arm medium
Ramandeep Singh,RHB,Right-arm fast,IPL,1079470,Ramandeep Singh,Ramandeep Singh,Middle-order batter,Right-hand bat,Right-arm medium
Rashid Khan,RHB,Leg Break,IPL,793463,Rashid Khan,Rashid Khan Arman,Bowling allrounder,Right-hand bat,Legbreak googly
Rasikh Salam,RHB,Right-arm fast,IPL,1161489,Rasikh Salam,Rasikh Salam Dar,Bowler,Right-hand bat,Right-arm medium
Ravi Bishnoi,RHB,Leg Break,IPL,1175441,Ravi Bishnoi,Ravi Bishnoi,Bowler,Right-hand bat,Legbreak googly
RD Chahar,RHB,Leg Break,IPL,1064812,Rahul Chahar,Rahul Desraj Chahar,Bowler,Right-hand bat,Legbreak googly
RD Gaikwad,RHB,,IPL,1060380,Ruturaj Gaikwad,Ruturaj Dashrat Gaikwad,Batter,Right-hand bat,Right-arm offbreak
RE Levi,RHB,Right-arm fast,IPL,46148,Richard Levi,Richard Ernst Levi,Opening batter,Right-hand bat,Right-arm medium
RE van der Merwe,RHB,Slow left-arm orthodox,IPL,47850,Roelof van der Merwe,Roelof Erasmus van der Merwe,Allrounder,Right-hand bat,Slow left-arm orthodox
RG More,RHB,Right-arm fast,IPL,424219,Ronit More,Ronit Gajanan More,Unknown,Right-hand bat,Right-arm medium
RG Sharma,RHB,Off Break,IPL,34102,Rohit Sharma,Rohit Gurunath Sharma,Top-order batter,Right-hand bat,Right-arm offbreak
RJ Harris,RHB,Right-arm fast,IPL,5779,Ryan Harris,Ryan James Harris,Bowler,Right-hand bat,Right-arm fast
RJ Peterson,LHB,Slow left-arm orthodox,IPL,46750,Robin Peterson,Robin John Peterson,Bowler,Left-hand bat,Slow left-arm orthodox
RJ Quiney,LHB,Right-arm fast,IPL,211854,Rob Quiney,Robert John Quiney,Batter,Left-hand bat,Right-arm medium
RK Bhui,RHB,Leg Break,IPL,642531,Ricky Bhui,Ricky Kannakumar Bhui,Top-order batter,Right-hand bat,Legbreak googly
RK Singh,LHB,Off Break,IPL,723105,Rinku Singh,Rinku Khanchand Singh,Middle-order batter,Left-hand bat,Right-arm offbreak
RM Patidar,RHB,,IPL,823703,Rajat Patidar,Rajat Manohar Patidar,Top-order batter,Right-hand bat,Right-arm offbreak
RN ten Doeschate,RHB,Right-arm fast,IPL,47660,Ryan ten Doeschate,Ryan Neil ten Doeschate,Allrounder,Right-hand bat,Right-arm medium-fast
RP Meredith,RHB,Right-arm fast,IPL,961713,Riley Meredith,Riley Patrick Meredith,Bowler,Right-hand bat,Right-arm fast
RP Singh,RHB,Left-arm fast,IPL,35280,RP Singh,Rudra Pratap Singh,Bowler,Right-hand bat,Left-arm fast-medium
RR Bhatkal,RHB,Right-arm fast,IPL,27150,Raju Bhatkal,Raju Ravi Bhatkal,Allrounder,Right-hand bat,Right-arm medium
RR Bose,RHB,Right-arm fast,IPL,27572,Ranadeb Bose,Ranadeb Ranjit Bose,Unknown,Right-hand bat,Right-arm fast-medium
RR Pant,LHB,,IPL,931581,Rishabh Pant,Rishabh Rajendra Pant,Wicketkeeper batter,Left-hand bat,
RR Powar,RHB,Off Break,IPL,32391,Ramesh Powar,Ramesh Rajaram Powar,Bowler,Right-hand bat,Right-arm offbreak
RR Raje,RHB,Right-arm fast,IPL,290713,Rohan Raje,Rohan Ravindra Raje,Unknown,Right-hand bat,Right-arm fast-medium
RR Rossouw,LHB,Off Break,IPL,318845,Rilee Rossouw,Rilee Roscoe Rossouw,Top-order batter,Left-hand bat,Right-arm offbreak
RR Sarwan,RHB,Leg Break,IPL,52969,Ramnaresh Sarwan,Ramnaresh Ronnie Sarwan,Batter,Right-hand bat,Legbreak
RS Bopara,RHB,Right-arm fast,IPL,10582,Ravi Bopara,Ravinder Singh Bopara,Batting allrounder,Right-hand bat,Right-arm medium
RS Gavaskar,LHB,Slow left-arm orthodox,IPL,28792,Rohan Gavaskar,Rohan Sunil Gavaskar,Unknown,Left-hand bat,Slow left-arm orthodox
RS Hangargekar,RHB,Right-arm fast,IPL,1175429,Rajvardhan Hangargekar,Rajvardhan S Hangargekar,Bowler,Right-hand bat,Right-arm fast-medium
RS Sodhi,RHB,Right-arm fast,IPL,34078,Reetinder Sodhi,Reetinder Singh Sodhi,Unknown,Right-hand bat,Right-arm medium
RT Ponting,RHB,Right-arm fast,IPL,7133,Ricky Ponting,Ricky Thomas Ponting,Top-order batter,Right-hand bat,Right-arm medium
RV Gomez,RHB,Right-arm fast,IPL,28846,Raiphi Gomez,Raiphi Vincent Gomez,Allrounder,Right-hand bat,Right-arm medium
RV Patel,RHB,Right-arm fast,IPL,1201520,Ripal Patel,Ripal Vinubhai Patel,Middle-order batter,Right-hand bat,Right-arm medium-fast
RV Uthappa,RHB,Right-arm fast,IPL,35582,Robin Uthappa,Robin Venu Uthappa,Batter,Right-hand bat,Right-arm medium
RW Price,RHB,Slow left-arm orthodox,IPL,55698,Ray Price,Raymond William Price,Bowler,Right-hand bat,Slow left-arm orthodox
S Anirudha,RHB,,IPL,26798,Srikkanth Anirudha,Srikkanth Anirudha,Top-order batter,Right-hand bat,
S Aravind,LHB,Left-arm fast,IPL,290632,Sreenath Aravind,Sreenath Aravind,Bowler,Left-hand bat,Left-arm medium-fast
S Badree,RHB,Leg Break,IPL,51433,Samuel Badree,Samuel Badree,Bowler,Right-hand bat,Legbreak
S Badrinath,RHB,Off Break,IPL,26806,S Badrinath,Subramaniam Badrinath,Middle-order batter,Right-hand bat,Right-arm offbreak
S Chanderpaul,LHB,Leg Break,IPL,51469,Shivnarine Chanderpaul,Shivnarine Chanderpaul,Batter,Left-hand bat,Legbreak
S Dhawan,LHB,Off Break,IPL,28235,Shikhar Dhawan,Shikhar Dhawan,Opening batter,Left-hand bat,Right-arm offbreak
S Dube,LHB,Right-arm fast,IPL,714451,Shivam Dube,Shivam Dube,Allrounder,Left-hand bat,Right-arm medium
S Gopal,RHB,Leg Break,IPL,344580,Shreyas Gopal,Shreyas Gopal,Allrounder,Right-hand bat,Legbreak
S Kaul,RHB,Right-arm fast,IPL,326017,Siddarth Kaul,Siddarth Kaul,Bowler,Right-hand bat,Right-arm medium
S Kaushik,RHB,Slow left-arm chinaman,IPL,917213,Shivil Kaushik,Shivil Kaushik,Bowler,Right-hand bat,Left-arm wrist-spin
S Ladda,RHB,Leg Break,IPL,317292,Sarabjit Ladda,Sarabjit Ladda,Bowler,Right-hand bat,Legbreak
S Lamichhane,RHB,Off Break,IPL,960361,Sandeep Lamichhane,Sandeep Lamichhane,Bowler,Right-hand bat,Legbreak googly
S Midhun,RHB,Leg Break,IPL,1131619,Sudhesan Midhun,Sudhesan Midhun,Bowler,Right-hand bat,Legbreak googly
S Nadeem,RHB,Slow left-arm orthodox,IPL,31872,Shahbaz Nadeem,Shahbaz Nadeem,Bowler,Right-hand bat,Slow left-arm orthodox
S Narwal,LHB,Right-arm fast,IPL,32084,Sumit Narwal,Sumit Narwal,Allrounder,Left-hand bat,Right-arm medium
S Rana,RHB,Right-arm fast,IPL,33757,Sachin Rana,Sachin Rana,Bowler,Right-hand bat,Right-arm medium-fast
S Randiv,RHB,Off Break,IPL,50438,Suraj Randiv,Hewa Kaluhalamullage Suraj Randiv Kaluhalamulla,Bowler,Right-hand bat,Right-arm offbreak
S Sandeep Warrier,RHB,Right-arm fast,IPL,592735,Sandeep Warrier,Sankarankutty Sandeep Warrier,Bowler,Right-hand bat,Right-arm medium
S Sohal,RHB,Leg Break,IPL,228943,Sunny Sohal,Sunny Sohal,Batter,Right-hand bat,Legbreak
S Sreesanth,RHB,Right-arm fast,IPL,34274,Sreesanth,Shanthakumaran Sreesanth,Bowler,Right-hand bat,Right-arm fast-medium
S Sriram,LHB,Slow left-arm orthodox,IPL,34118,Sridharan Sriram,Sridharan Sriram,Middle-order batter,Left-hand bat,Slow left-arm orthodox
S Tyagi,RHB,Right-arm fast,IPL,317784,Sudeep Tyagi,Sudeep Tyagi,Bowler,Right-hand bat,Right-arm medium
S Vidyut,LHB,Slow left-arm orthodox,IPL,35619,Vidyut Sivaramakrishnan,Vidyut Sivaramakrishnan,Batting allrounder,Left-hand bat,Slow left-arm orthodox
SA Abbott,RHB,Right-arm fast,IPL,398666,Sean Abbott,Sean Anthony Abbott,Allrounder,Right-hand bat,Right-arm fast-medium
SA Asnodkar,RHB,Off Break,IPL,26782,Swapnil Asnodkar,Swapnil Ashok Asnodkar,Batter,Right-hand bat,Right-arm offbreak
SA Yadav,RHB,Off Break,IPL,446507,Suryakumar Yadav,Suryakumar Ashok Yadav,Batter,Right-hand bat,Right-arm medium
Sachin Baby,LHB,Off Break,IPL,432783,Sachin Baby,Sachin Baby,Batter,Left-hand bat,Right-arm offbreak
Salman Butt,LHB,Off Break,IPL,42683,Salman Butt,Salman Butt,Batter,Left-hand bat,Right-arm offbreak
Sandeep Sharma,RHB,Right-arm fast,IPL,438362,Sandeep Sharma,Sandeep Sharma,Bowler,Right-hand bat,Right-arm medium
Sanvir Singh,RHB,Right-arm fast,IPL,1132219,Sanvir Singh,Sanvir Singh,Allrounder,Right-hand bat,Right-arm medium
SB Bangar,RHB,Right-arm fast,IPL,27225,Sanjay Bangar,Sanjay Bapusaheb Bangar,Unknown,Right-hand bat,Right-arm medium-fast
SB Jakati,LHB,Slow left-arm orthodox,IPL,29655,Shadab Jakati,Shadab Bashir Jakati,Bowler,Left-hand bat,Slow left-arm orthodox
SB Joshi,LHB,Slow left-arm orthodox,IPL,29725,Sunil Joshi,Sunil Bandacharya Joshi,Allrounder,Left-hand bat,Slow left-arm orthodox
SB Styris,RHB,Right-arm fast,IPL,38407,Scott Styris,Scott Bernard Styris,Allrounder,Right-hand bat,Right-arm medium
SB Wagh,LHB,Left-arm fast,IPL,279552,Shrikant Wagh,Shrikant Bhaskar Wagh,Allrounder,Left-hand bat,Left-arm medium-fast
SC Ganguly,LHB,Right-arm fast,IPL,28779,Sourav Ganguly,Sourav Chandidas Ganguly,Batter,Left-hand bat,Right-arm medium
SC Kuggeleijn,RHB,Right-arm fast,IPL,539548,Scott Kuggeleijn,Scott Christopher Kuggeleijn,Bowling allrounder,Right-hand bat,Right-arm fast-medium
SD Chitnis,RHB,Off Break,IPL,337916,Siddharth Chitnis,Siddharth Dilip Chitnis,Batter,Right-hand bat,Right-arm offbreak
SD Lad,RHB,Off Break,IPL,422342,Siddhesh Lad,Siddhesh Dinesh Lad,Middle-order batter,Right-hand bat,Right-arm offbreak
SE Bond,RHB,Right-arm fast,IPL,36326,Shane Bond,Shane Edward Bond,Bowler,Right-hand bat,Right-arm fast
SE Marsh,LHB,Slow left-arm orthodox,IPL,6683,Shaun Marsh,Shaun Edward Marsh,Top-order batter,Left-hand bat,Slow left-arm orthodox
SE Rutherford,LHB,Right-arm fast,IPL,914541,Sherfane Rutherford,Sherfane Eviston Rutherford,Middle-order batter,Left-hand bat,Right-arm fast-medium
Shahbaz Ahmed,LHB,Slow left-arm orthodox,IPL,1159711,Shahbaz Ahmed,Shahbaz Ahmed,Allrounder,Left-hand bat,Slow left-arm orthodox
Shahid Afridi,RHB,Leg Break,IPL,42639,Shahid Afridi,Sahibzada Mohammad Shahid Khan Afridi,Allrounder,Right-hand bat,Legbreak googly
Shakib Al Hasan,LHB,Slow left-arm orthodox,IPL,56143,Shakib Al Hasan,Shakib Al Hasan,Allrounder,Left-hand bat,Slow left-arm orthodox
Shashank Singh,RHB,Right-arm fast,IPL,377534,Shashank Singh,Shashank Singh,Batting allrounder,Right-hand bat,Right-arm medium
Shivam Mavi,RHB,Right-arm fast,IPL,1079848,Shivam Mavi,Shivam Pankaj Mavi,Allrounder,Right-hand bat,Right-arm fast-medium
Shivam Sharma,RHB,Off Break,IPL,717201,Shivam Sharma,Shivam Sharma,Unknown,Right-hand bat,Right-arm offbreak
Shoaib Ahmed,RHB,Right-arm fast,IPL,317709,Shoaib Ahmed,Syed Mohammad Shoaib Ahmed,Unknown,Right-hand bat,Right-arm fast-medium
Shoaib Akhtar,RHB,Right-arm fast,IPL,42655,Shoaib Akhtar,Shoaib Akhtar,Bowler,Right-hand bat,Right-arm fast
Shoaib Malik,RHB,Off Break,IPL,42657,Shoaib Malik,Shoaib Malik,Allrounder,Right-hand bat,Right-arm offbreak
Shubman Gill,RHB,,IPL,1070173,Shubman Gill,Shubman Gill,Opening batter,Right-hand bat,Right-arm offbreak
Simarjeet Singh,RHB,Right-arm fast,IPL,1159722,Simarjeet Singh,Simarjeet Singh,Bowler,Right-hand bat,Right-arm medium-fast
SJ Srivastava,RHB,Left-arm fast,IPL,34245,Shalabh Srivastava,Shalabh Jagdishprasad Srivastava,Bowler,Right-hand bat,Left-arm fast-medium
SK Raina,LHB,Off Break,IPL,33335,Suresh Raina,Suresh Kumar Raina,Middle-order batter,Left-hand bat,Right-arm offbreak
SK Trivedi,RHB,Right-arm fast,IPL,35353,Siddharth Trivedi,Siddharth Kishorkumar Trivedi,Bowler,Right-hand bat,Right-arm medium
SK Warne,RHB,Leg Break,IPL,8166,Shane Warne,Shane Keith Warne,Bowler,Right-hand bat,Legbreak googly
SL Malinga,RHB,Right-arm fast,IPL,49758,Lasith Malinga,Separamadu Lasith Malinga,Bowler,Right-hand bat,Right-arm fast
SM Boland,RHB,Right-arm fast,IPL,446548,Scott Boland,Scott Michael Boland,Bowler,Right-hand bat,Right-arm fast-medium
SM Curran,LHB,Left-arm fast,IPL,662973,Sam Curran,Samuel Matthew Curran,Allrounder,Left-hand bat,Left-arm medium-fast
SM Harwood,RHB,Right-arm fast,IPL,5605,Shane Harwood,Shane Michael Harwood,Bowler,Right-hand bat,Right-arm fast-medium
SM Katich,LHB,Slow left-arm chinaman,IPL,6128,Simon Katich,Simon Mathew Katich,Batter,Left-hand bat,Left-arm wrist-spin
SM Pollock,RHB,Right-arm fast,IPL,46774,Shaun Pollock,Shaun Maclean Pollock,Allrounder,Right-hand bat,Right-arm fast-medium
SMSM Senanayake,RHB,Off Break,IPL,273439,Sachithra Senanayake,Senanayake Mudiyanselage Sachithra Madhushanka Senanayake,Bowler,Right-hand bat,Right-arm offbreak
SN Khan,RHB,Leg Break,IPL,642525,Sarfaraz Khan,Sarfaraz Naushad Khan,Middle-order batter,Right-hand bat,Legbreak
SN Thakur,RHB,Right-arm fast,IPL,475281,Shardul Thakur,Shardul Narendra Thakur,Bowler,Right-hand bat,Right-arm medium
SO Hetmyer,LHB,,IPL,670025,Shimron Hetmyer,Shimron Odilon Hetmyer,Top-order batter,Left-hand bat,
Sohail Tanvir,LHB,Left-arm fast,IPL,43265,Sohail Tanvir,Sohail Tanvir,Bowler,Left-hand bat,Left-arm medium-fast
SP Fleming,LHB,,IPL,37000,Stephen Fleming,Stephen Paul Fleming,Top-order batter,Left-hand bat,
SP Goswami,LHB,,IPL,302579,Shreevats Goswami,Shreevats Pratyush Goswami,Wicketkeeper batter,Left-hand bat,
SP Jackson,RHB,,IPL,237696,Sheldon Jackson,Sheldon Philip Jackson,Wicketkeeper batter,Right-hand bat,
SP Narine,LHB,Off Break,IPL,230558,Sunil Narine,Sunil Philip Narine,Bowling allrounder,Left-hand bat,Right-arm offbreak
SPD Smith,RHB,Leg Break,IPL,267192,Steven Smith,Steven Peter Devereux Smith,Middle-order batter,Right-hand bat,Legbreak googly
SR Tendulkar,RHB,Off Break,IPL,35320,Sachin Tendulkar,Sachin Ramesh Tendulkar,Top-order batter,Right-hand bat,Right-arm offbreak
SR Watson,RHB,Right-arm fast,IPL,8180,Shane Watson,Shane Robert Watson,Allrounder,Right-hand bat,Right-arm fast-medium
SS Agarwal,RHB,Leg Break,IPL,1079668,Shubham Agarwal,Shubham Sanjay Agarwal,Unknown,Right-hand bat,Legbreak googly
SS Cottrell,RHB,Left-arm fast,IPL,495551,Sheldon Cottrell,Sheldon Shane Cottrell,Bowler,Right-hand bat,Left-arm fast-medium
SS Iyer,RHB,Leg Break,IPL,642519,Shreyas Iyer,Shreyas Santosh Iyer,Top-order batter,Right-hand bat,Right-arm offbreak
SS Mundhe,RHB,Right-arm fast,IPL,279862,Shrikant Mundhe,Shrikant Shrihari Mundhe,Allrounder,Right-hand bat,Right-arm medium
SS Prabhudessai,RHB,Right-arm fast,IPL,1083851,Suyash Prabhudessai,Suyash S Prabhudessai,Batting allrounder,Right-hand bat,Right-arm medium
SS Sarkar,RHB,Right-arm fast,IPL,34402,Sourav Sarkar,Sourav Subrata Sarkar,Bowler,Right-hand bat,Right-arm medium
SS Shaikh,RHB,Right-arm fast,IPL,377437,Shoaib Shaikh,Shoaib Shabbir Shaikh,Unknown,Right-hand bat,Right-arm medium
SS Tiwary,LHB,,IPL,35390,Saurabh Tiwary,Saurabh Sunil Tiwary,Top-order batter,Left-hand bat,
ST Jayasuriya,LHB,Slow left-arm orthodox,IPL,49209,Sanath Jayasuriya,Sanath Teran Jayasuriya,Allrounder,Left-hand bat,Slow left-arm orthodox
STR Binny,RHB,Right-arm fast,IPL,27223,Stuart Binny,Stuart Terence Roger Binny,Allrounder,Right-hand bat,Right-arm medium
Sunny Gupta,RHB,Off Break,IPL,271315,Sunny Gupta,Sunny Gupta,Unknown,Right-hand bat,Right-arm offbreak
Sunny Singh,RHB,Right-arm fast,IPL,35282,Sunny Singh,Sunny Singh,Batter,Right-hand bat,Right-arm medium-fast
Suyash Sharma,RHB,Leg Break,IPL,1350792,Suyash Sharma,Suyash Sharma,Bowler,Right-hand bat,Legbreak
SV Samson,RHB,,IPL,425943,Sanju Samson,Sanju Viswanath Samson,Wicketkeeper batter,Right-hand bat,
SW Billings,RHB,,IPL,297628,Sam Billings,Samuel William Billings,Wicketkeeper batter,Right-hand bat,
SW Tait,RHB,Right-arm fast,IPL,8076,Shaun Tait,Shaun William Tait,Bowler,Right-hand bat,Right-arm fast
Swapnil Singh,RHB,Slow left-arm orthodox,IPL,232292,Swapnil Singh,Swapnil Singh,Bowler,Right-hand bat,Slow left-arm orthodox
SZ Mulani,LHB,Slow left-arm orthodox,IPL,1131607,Shams Mulani,Shams Zakir Mulani,Allrounder,Left-hand bat,Slow Left arm Orthodox
T Banton,RHB,,IPL,877051,Tom Banton,Tom Banton,Opening batter,Right-hand bat,
T Henderson,RHB,Right-arm fast,IPL,45434,Tyron Henderson,Tyron Henderson,Bowler,Right-hand bat,Right-arm fast-medium
T Kohli,RHB,Right-arm fast,IPL,331855,Taruwar Kohli,Taruwar Sushil Kohli,Top-order batter,Right-hand bat,Right-arm medium
T Natarajan,LHB,Left-arm fast,IPL,802575,T Natarajan,Thangarasu Natarajan,Bowler,Left-hand bat,Left-arm medium
T Shamsi,RHB,Slow left-arm chinaman,IPL,379145,Tabraiz Shamsi,Tabraiz Shamsi,Bowler,Right-hand bat,Left-arm wrist-spin
T Stubbs,RHB,Off Break,IPL,595978,Tristan Stubbs,Tristan Stubbs,Wicketkeeper batter,Right-hand bat,Right-arm offbreak
T Taibu,RHB,Right-arm fast,IPL,55805,Tatenda Taibu,Tatenda Taibu,Wicketkeeper batter,Right-hand bat,Right-arm medium
T Thushara,LHB,Left-arm fast,IPL,49677,Thilan Thushara,Magina Thilan Thushara Mirando,Bowler,Left-hand bat,Left-arm fast-medium
TA Boult,RHB,Left-arm fast,IPL,277912,Trent Boult,Trent Alexander Boult,Bowler,Right-hand bat,Left-arm fast-medium
TD Paine,RHB,Right-arm fast,IPL,7252,Tim Paine,Timothy David Paine,Wicketkeeper batter,Right-hand bat,Right-arm medium
Tejas Baroka,RHB,Leg Break,IPL,1082859,Tejas Baroka,Tejas Baroka,Bowler,Right-hand bat,Legbreak googly
TG Southee,RHB,Right-arm fast,IPL,232364,Tim Southee,Timothy Grant Southee,Bowler,Right-hand bat,Right-arm medium-fast
TH David,RHB,Off Break,IPL,892749,Tim David,Timothy Hays David,Middle-order batter,Right-hand bat,Right-arm offbreak
Tilak Varma,LHB,Off Break,IPL,1170265,Tilak Varma,Namboori Thakur Tilak Varma,Batting allrounder,Left-hand bat,Right-arm offbreak
TK Curran,RHB,Right-arm fast,IPL,550235,Tom Curran,Thomas Kevin Curran,Bowling allrounder,Right-hand bat,Right-arm fast-medium
TL Seifert,RHB,,IPL,625964,Tim Seifert,Tim Louis Seifert,Wicketkeeper batter,Right-hand bat,
TL Suman,RHB,Off Break,IPL,34281,Tirumalasetti Suman,Tirumalasetti Laxminarayana Suman,Batter,Right-hand bat,Right-arm offbreak
TM Dilshan,RHB,Off Break,IPL,48472,Tillakaratne Dilshan,Tillakaratne Mudiyanselage Dilshan,Allrounder,Right-hand bat,Right-arm offbreak
TM Head,LHB,Off Break,IPL,530011,Travis Head,Travis Michael Head,Middle-order batter,Left-hand bat,Right-arm offbreak
TM Srivastava,LHB,Right-arm fast,IPL,35401,Tanmay Srivastava,Tanmay Manoj Srivastava,Top-order batter,Left-hand bat,Right-arm medium
TP Sudhindra,LHB,Right-arm fast,IPL,34139,TP Sudhindra,Taduri Prakash Chandra Sudhindra,Unknown,Left-hand bat,Right-arm fast
TR Birt,LHB,Right-arm fast,IPL,4292,Travis Birt,Travis Rodney Birt,Middle-order batter,Left-hand bat,Right-arm medium
TS Mills,RHB,Left-arm fast,IPL,459257,Tymal Mills,Tymal Solomon Mills,Bowler,Right-hand bat,Left-arm fast
TU Deshpande,LHB,Right-arm fast,IPL,822553,Tushar Deshpande,Tushar Uday Deshpande,Bowler,Left-hand bat,Right-arm medium
U Kaul,LHB,,IPL,30235,Uday Kaul,Uday Kaul,Wicketkeeper,Left-hand bat,
UA Birla,RHB,Right-arm fast,IPL,262533,Udit Birla,Udit Alok Birla,Unknown,Right-hand bat,Right-arm medium
UBT Chand,RHB,Off Break,IPL,446499,Unmukt Chand,Unmukt Bharat Thakur Chand,Top-order batter,Right-hand bat,Right-arm offbreak
Umar Gul,RHB,Right-arm fast,IPL,43524,Umar Gul,Umar Gul,Bowler,Right-hand bat,Right-arm fast-medium
Umran Malik,RHB,Right-arm fast,IPL,1246528,Umran Malik,Umran Malik,Bowler,Right-hand bat,Right-arm fast
UT Khawaja,LHB,Right-arm fast,IPL,215155,Usman Khawaja,Usman Tariq Khawaja,Top-order batter,Left-hand bat,Right-arm medium
UT Yadav,RHB,Right-arm fast,IPL,376116,Umesh Yadav,Umeshkumar Tilak Yadav,Bowler,Right-hand bat,Right-arm fast
V Kohli,RHB,Right-arm fast,IPL,253802,Virat Kohli,Virat Kohli,Top-order batter,Right-hand bat,Right-arm medium
V Pratap Singh,RHB,Right-arm fast,IPL,528967,Veer Pratap Singh,Veer Pratap Singh,Unknown,Right-hand bat,Right-arm medium
V Sehwag,RHB,Off Break,IPL,35263,Virender Sehwag,Virender Sehwag,Top-order batter,Right-hand bat,Right-arm offbreak
V Shankar,RHB,Right-arm fast,IPL,477021,Vijay Shankar,Vijay Shankar,Allrounder,Right-hand bat,Right-arm medium
VG Arora,RHB,Right-arm fast,IPL,1209292,Vaibhav Arora,Vaibhav Gopal Arora,Bowler,Right-hand bat,Right-arm fast-medium
VH Zol,LHB,Off Break,IPL,554699,Vijay Zol,Vijay Hari Zol,Unknown,Left-hand bat,Right-arm offbreak
Vijaykumar Vyshak,RHB,Right-arm fast,IPL,777815,Vijaykumar Vyshak,Vijaykumar Vyshak,Bowler,Right-hand bat,Right-arm medium
Virat Singh,LHB,Leg Break,IPL,720465,Virat Singh,Virat Binod Singh,Top-order batter,Left-hand bat,Legbreak googly
Vishnu Vinod,RHB,,IPL,732293,Vishnu Vinod,Vishnu Vinod,Wicketkeeper batter,Right-hand bat,
Vivrant Sharma,LHB,Leg Break,IPL,1252370,Vivrant Sharma,Vivrant Sharma,Allrounder,Left-hand bat,Legbreak Googly
VR Aaron,RHB,Right-arm fast,IPL,360911,Varun Aaron,Varun Raymond Aaron,Bowler,Right-hand bat,Right-arm fast
VR Iyer,LHB,Right-arm fast,IPL,851403,Venkatesh Iyer,Venkatesh Rajasekaran Iyer,Allrounder,Left-hand bat,Right-arm medium
VRV Singh,RHB,Right-arm fast,IPL,35281,Vikram Singh,Vikram Raj Vir Singh,Unknown,Right-hand bat,Right-arm medium-fast
VS Malik,RHB,Right-arm fast,IPL,31738,Vikramjeet Malik,Vikramjeet Singh Malik,Bowler,Right-hand bat,Right-arm medium
VS Yeligati,RHB,Off Break,IPL,307448,Vikrant Yeligati,Vikrant Shyam Yeligati,Unknown,Right-hand bat,Right-arm offbreak
VVS Laxman,RHB,Off Break,IPL,30750,VVS Laxman,Vangipurappu Venkata Sai Laxman,Top-order batter,Right-hand bat,Right-arm offbreak
VY Mahesh,RHB,Right-arm fast,IPL,31732,Yo Mahesh,Vijaykumar Yo Mahesh,Allrounder,Right-hand bat,Right-arm medium-fast
W Jaffer,RHB,Off Break,IPL,29646,Wasim Jaffer,Wasim Jaffer,Top-order batter,Right-hand bat,Right-arm offbreak
WA Mota,RHB,Right-arm fast,IPL,31041,Wilkin Mota,Wilkin Arvind Mota,Unknown,Right-hand bat,Right-arm medium
Washington Sundar,LHB,Off Break,IPL,719715,Washington Sundar,Washington Sundar,Bowling allrounder,Left-hand bat,Right-arm offbreak
WD Parnell,LHB,Left-arm fast,IPL,265564,Wayne Parnell,Wayne Dillon Parnell,Bowler,Left-hand bat,Left-arm medium-fast
WP Saha,RHB,,IPL,279810,Wriddhiman Saha,Wriddhiman Prasanta Saha,Wicketkeeper batter,Right-hand bat,
WPUJC Vaas,LHB,Left-arm fast,IPL,50804,Chaminda Vaas,Warnakulasuriya Patabendige Ushantha Joseph Chaminda Vaas,Bowler,Left-hand bat,Left-arm fast-medium
X Thalaivan Sargunam,RHB,Off Break,IPL,319744,Thalaivan Sargunam,Xavier Thalaivan Sargunam,Unknown,Right-hand bat,Right-arm offbreak
Y Gnaneswara Rao,RHB,Right-arm fast,IPL,28830,Gnaneswara Rao,Yalaka Gnaneswara Rao,Allrounder,Right-hand bat,Right-arm medium
Y Nagar,RHB,Off Break,IPL,317786,Yogesh Nagar,Yogesh Nagar,Allrounder,Right-hand bat,Right-arm offbreak
Y Prithvi Raj,LHB,Left-arm fast,IPL,1121579,Prithvi Raj,Prithvi Raj Yarra,Bowler,Left-hand bat,Left-arm medium
Y Venugopal Rao,RHB,Off Break,IPL,35805,Venugopal Rao,Yalaka Venugopal Rao,Middle-order batter,Right-hand bat,Right-arm offbreak
YA Abdulla,LHB,Left-arm fast,IPL,224367,Yusuf Abdulla,Yusuf Adam Abdulla,Bowler,Left-hand bat,Left-arm fast-medium
Yash Dayal,RHB,Left-arm fast,IPL,1159720,Yash Dayal,Yash Dayal,Bowler,Right-hand bat,Left-arm medium-fast
Yash Thakur,RHB,Right-arm fast,IPL,1070196,Yash Thakur,Yash Ravisingh Thakur,Bowler,Right-hand bat,Right-arm fast-medium
Yashpal Singh,RHB,Right-arm fast,IPL,36130,Yashpal Singh,Yashpal Singh,Batter,Right-hand bat,Right-arm medium
YBK Jaiswal,LHB,Leg Break,IPL,1151278,Yashasvi Jaiswal,Yashasvi Bhupendra Kumar Jaiswal,Opening batter,Left-hand bat,Legbreak
YK Pathan,RHB,Off Break,IPL,32498,Yusuf Pathan,Yusuf Khan Pathan,Allrounder,Right-hand bat,Right-arm offbreak
Younis Khan,RHB,Right-arm fast,IPL,43652,Younis Khan,Mohammad Younis Khan,Middle-order batter,Right-hand bat,Right-arm medium
YS Chahal,RHB,Leg Break,IPL,430246,Yuzvendra Chahal,Yuzvendra Singh Chahal,Bowler,Right-hand bat,Legbreak googly
Yudhvir Singh,RHB,Right-arm fast,IPL,1206052,Yudhvir Singh,Yudhvir Singh Charak,Bowler,Right-hand bat,Right-arm medium-fast
Yuvraj Singh,LHB,Slow left-arm orthodox,IPL,36084,Yuvraj Singh,Yuvraj Singh,Middle-order batter,Left-hand bat,Slow left-arm orthodox
YV Dhull,RHB,Off Break,IPL,1292498,Yash Dhull,Yash Vijay Dhull,Top-order batter,Right-hand bat,Right-arm offbreak
YV Takawale,RHB,,IPL,35357,Yogesh Takawale,Yogesh Vijay Takawale,Unknown,Right-hand bat,
Z Khan,RHB,Left-arm fast,IPL,30102,Zaheer Khan,Zaheer Khan,Bowler,Right-hand bat,Left-arm fast-medium
A Ashok,RHB,Leg Break,T20I,412607,Adithya Ashok,Adithya Ashok,Bowler,Right-hand bat,Legbreak Googly
A Balbirnie,RHB,Off Break,T20I,303423,Andy Balbirnie,Andrew Balbirnie,Batter,Right-hand bat,Right-arm offbreak
A Bohara,RHB,Right-arm fast,T20I,1058508,Abinash Bohara,Abinash Bohara,Bowler,Right-hand bat,Right-arm medium
A Khan,RHB,Right-arm fast,T20I,23911,Amjad Khan,Amjad Khan,Bowler,Right-hand bat,Right-arm fast-medium
A Martin,RHB,Leg Break,T20I,245373,Anthony Martin,Anthony Martin,Bowler,Right-hand bat,Legbreak
A Mehmood,RHB,Left-arm fast,T20I,497512,Adil Mehmood,Adil Mehmood,Bowler,Right-hand bat,Right-arm medium
A Ndlovu,RHB,Slow left-arm orthodox,T20I,596456,Ainsley Ndlovu,Ainsley Ndlovu,Bowler,Right-hand bat,Slow left-arm orthodox
A Shahzad,RHB,Leg Break,T20I,21431,Ajmal Shahzad,Ajmal Shahzad,Bowler,Right-hand bat,Right-arm fast-medium
A Sharafu,RHB,Right-arm fast,T20I,1161038,Alishan Sharafu,Alishan Sharafu,Opening batter,Right-hand bat,Right-arm medium
A Shukla,RHB,Right-arm fast,T20I,1167779,Ayush Shukla,Ayush Shukla,Bowler,Right-hand bat,Right-arm medium
A Vala,LHB,Off Break,T20I,25056,Assad Vala,Asadollah Vala,Batter,Left-hand bat,Right-arm offbreak
AA Obanda,RHB,Right-arm fast,T20I,291844,Alex Obanda,Alex Auma Obanda,Opening batter,Right-hand bat,Right-arm medium-fast
Aamer Jamal,RHB,Right-arm fast,T20I,793441,Aamer Jamal,Aamer Jamal,Allrounder,Right-hand bat,Right-arm medium
Aamer Yamin,RHB,Right-arm fast,T20I,434429,Aamer Yamin,Aamer Yamin,Allrounder,Right-hand bat,Right-arm medium
Aamir Kaleem,LHB,Slow left-arm orthodox,T20I,455463,Aamir Kaleem,Syed Aamir Kaleem,Middle-order batter,Left-hand bat,Slow left-arm orthodox
AAP Atkinson,RHB,Right-arm fast,T20I,1039481,Angus Atkinson,Angus Alexander Patrick Atkinson,Bowler,Right-hand bat,Right-arm fast-medium
Aaqib Sulehri,RHB,Off Break,T20I,937959,Aaqib Sulehri,Aaqib Sulehri,Top-order batter,Right-hand bat,
Aasif Sheikh,RHB,,T20I,1058514,Aasif Sheikh,Aasif Sheikh,Wicketkeeper batter,Right-hand bat,
Aayan Afzal Khan,RHB,Slow left-arm orthodox,T20I,1241265,Aayan Khan,Aayan Afzal Khan,,Right-hand bat,Slow left-arm orthodox
Abbas Afridi,RHB,Right-arm fast,T20I,1158538,Abbas Afridi,Muhammad Abbas Afridi,Bowler,Right-hand bat,Right-arm medium-fast
Abdul Razzaq,RHB,Right-arm fast,T20I,39836,Abdul Razzaq,Abdul Razzaq,Allrounder,Right-hand bat,Right-arm fast-medium
Abdul Shakoor,RHB,,T20I,585100,Abdul Shakoor,Sher Muhammad Abdul Shakoor,Opening batter,Right-hand bat,
Abdullah Shafique,RHB,Off Break,T20I,922941,Abdullah Shafique,Abdullah Shafique,Top-order batter,Right-hand bat,Right-arm offbreak
Abdur Rehman,LHB,Slow left-arm orthodox,T20I,39091,Abdur Rehman,Abdur Rehman,Bowler,Left-hand bat,Slow left-arm orthodox
Abu Hider,RHB,Left-arm fast,T20I,550137,Abu Hider,Abu Hider Rony,Bowler,Right-hand bat,Left-arm fast-medium
Abu Jayed,RHB,Right-arm fast,T20I,410763,Abu Jayed,Abu Jayed Chowdhury,Bowler,Right-hand bat,Right-arm fast-medium
Abul Hasan,LHB,Right-arm fast,T20I,373439,Abul Hasan,Mohammed Abul Hasan,Bowler,Left-hand bat,Right-arm medium-fast
AC Agar,LHB,Slow left-arm orthodox,T20I,505120,Ashton Agar,Ashton Charles Agar,Bowler,Left-hand bat,Slow left-arm orthodox
AC Botha,LHB,Off Break,T20I,44102,Andre Botha,Andre Cornelius Botha,Allrounder,Left-hand bat,Right-arm medium
AC Evans,RHB,Right-arm fast,T20I,399259,Alasdair Evans,Alasdair Campbell Evans,Bowler,Right-hand bat,Right-arm medium-fast
ACL Richards,LHB,Right-arm fast,T20I,52918,Austin Richards,Austin Conroy Lenroy Richards,Batter,Left-hand bat,Right-arm medium
AD Poynter,RHB,Off Break,T20I,210279,Andrew Poynter,Andrew David Poynter,Batter,Right-hand bat,Right-arm offbreak
Adnan Ilyas,RHB,Off Break,T20I,26038,Adnan Ilyas,Adnan Ilyas,Unknown,Right-hand bat,Right-arm medium
ADS Fletcher,RHB,Right-arm fast,T20I,51862,Andre Fletcher,Andre David Stephon Fletcher,Top-order batter,Right-hand bat,Right-arm medium-fast
AF Buurman,RHB,,T20I,24996,Atse Buurman,Atse Folkert Buurman,Wicketkeeper batter,Right-hand bat,
Afif Hossain,LHB,Off Break,T20I,935995,Afif Hossain,Afif Hossain Dhrubo,Allrounder,Left-hand bat,Right-arm offbreak
Afsar Zazai,RHB,,T20I,420402,Afsar Zazai,Afsar Khan Zazai,Wicketkeeper batter,Right-hand bat,
Aftab Ahmed,RHB,Right-arm fast,T20I,56266,Aftab Ahmed,Aftab Ahmed Chowdhury,Opening batter,Right-hand bat,Right-arm medium
Aftab Alam,RHB,Right-arm fast,T20I,440963,Aftab Alam,Aftab Alam,Bowler,Right-hand bat,Right-arm medium-fast
AG Cremer,RHB,Leg Break,T20I,55346,Graeme Cremer,Alexander Graeme Cremer,Bowler,Right-hand bat,Legbreak googly
AG Prince,LHB,Off Break,T20I,46788,Ashwell Prince,Ashwell Gavin Prince,Top-order batter,Left-hand bat,Right-arm offbreak
Ahmed Faiz,RHB,Leg Break,T20I,307639,Ahmed Faiz,Ahmed Faiz Mohammad Noor,Batter,Right-hand bat,Legbreak
Ahmed Raza,RHB,Slow left-arm orthodox,T20I,245490,Ahmed Raza,Ahmed Raza,Bowler,Right-hand bat,Slow left-arm orthodox
Ahmed Shehzad,RHB,Leg Break,T20I,259410,Ahmed Shehzad,Ahmed Shehzad,Opening batter,Right-hand bat,Legbreak
Ahsan Ali,RHB,Leg Break,T20I,348146,Ahsan Ali,Ahsan Ali,Top-order batter,Right-hand bat,Legbreak
Ahsan Malik,RHB,Right-arm fast,T20I,518097,Ahsan Malik,Malik Ahsan Ahmad Jamil,Bowler,Right-hand bat,Right-arm medium-fast
Ainool Hafizs,RHB,Right-arm fast,T20I,701227,Ainool Hafizs,Ainool Hafizs Yatim,Middle-order batter,Right-hand bat,Right-arm medium
Aizaz Cheema,RHB,Right-arm fast,T20I,39821,Aizaz Cheema,Aizaz Bin Ilyas Cheema,Bowler,Right-hand bat,Right-arm medium-fast
Aizaz Khan,RHB,Right-arm fast,T20I,401540,Aizaz Khan,Aizaz Mohammad Khan,Allrounder,Right-hand bat,Right-arm medium-fast
AJ Hall,RHB,Right-arm fast,T20I,45396,Andrew Hall,Andrew James Hall,Allrounder,Right-hand bat,Right-arm fast-medium
AJ Hosein,LHB,Slow left-arm orthodox,T20I,530812,Akeal Hosein,Akeal Jerome Hosein,Bowler,Left-hand bat,Slow left-arm orthodox
AJ McKay,RHB,Left-arm fast,T20I,38005,Andy McKay,Andrew John McKay,Bowler,Right-hand bat,Left-arm fast-medium
AJ Redmond,RHB,Leg Break,T20I,38264,Aaron Redmond,Aaron James Redmond,Top-order batter,Right-hand bat,Legbreak
AJ Strauss,LHB,,T20I,20387,Andrew Strauss,Andrew John Strauss,Opening batter,Left-hand bat,Left-arm medium
AK Kitchen,RHB,Slow left-arm orthodox,T20I,384355,Anaru Kitchen,Anaru Kyle Kitchen,Middle-order batter,Right-hand bat,Slow left-arm orthodox
AK Perera,RHB,Slow left-arm orthodox,T20I,300629,Angelo Perera,Angelo Kanishka Perera,Allrounder,Right-hand bat,Slow left-arm orthodox
Akbar Khan,RHB,Right-arm fast,T20I,919525,Akbar Khan,Akbar Khan,Allrounder,Right-hand bat,Right-arm medium-fast
Akif Raja,LHB,Right-arm fast,T20I,681067,Akif Raja,Raja Akifullah Khan,Bowler,Left-hand bat,Right-arm medium-fast
AL Phehlukwayo,LHB,Right-arm fast,T20I,540316,Andile Phehlukwayo,Andile Lucky Phehlukwayo,Bowling allrounder,Left-hand bat,Right-arm medium-fast
Al-Amin Hossain,RHB,Right-arm fast,T20I,511532,Al-Amin Hossain,Al-Amin Hossain,Bowler,Right-hand bat,Right-arm medium-fast
Ali Naseer,LHB,Right-arm fast,T20I,1212829,Ali Naseer,Ali Aamer Naseer,Allrounder,Right-hand bat,Right-arm medium
Alok Kapali,RHB,Leg Break,T20I,56251,Alok Kapali,Alok Kapali,Allrounder,Right-hand bat,Legbreak
AM Blignaut,LHB,Right-arm fast,T20I,55259,Andy Blignaut,Arnoldus Mauritius Blignaut,Allrounder,Left-hand bat,Right-arm medium-fast
AM Ellis,RHB,Right-arm fast,T20I,36993,Andrew Ellis,Andrew Malcolm Ellis,Allrounder,Right-hand bat,Right-arm fast-medium
AM Fernando,RHB,Right-arm fast,T20I,786925,Asitha Fernando,Asitha Madusanka Fernando,Bowler,Right-hand bat,Right-arm medium-fast
AM Hardie,RHB,Right-arm fast,T20I,1124283,Aaron Hardie,Aaron Mark Hardie,Allrounder,Right-hand bat,Right-arm medium-fast
AM McCarthy,RHB,Off Break,T20I,230556,Andre McCarthy,Andre McIntosh McCarthy,Middle-order batter,Right-hand bat,Right-arm offbreak
AM Phangiso,RHB,Slow left-arm orthodox,T20I,46942,Aaron Phangiso,Aaron Mpho Phangiso,Bowler,Right-hand bat,Slow left-arm orthodox
Aminul Islam Biplob,RHB,Leg Break,T20I,926597,Aminul Islam,Aminul Islam Biplob,Allrounder,Right-hand bat,Legbreak googly
Amir Ali,RHB,Off Break,T20I,387046,Amir Ali,Syed Amir Ali,Batter,Right-hand bat,Right-arm offbreak
Amir Hamza,RHB,Slow left-arm orthodox,T20I,402245,Amir Hamza,Amir Hamza Hotak,Bowling allrounder,Right-hand bat,Slow left-arm orthodox
Amir Hayat,RHB,Right-arm fast,T20I,1126253,Amir Hayat,Amir Hayat,Bowler,Right-hand bat,Right-arm medium
Amjad Gul,RHB,Leg Break,T20I,1241244,Amjad Gul Khan,Amjad Gul Khan,Top-order batter,Right-hand bat,
Amjad Javed,RHB,Right-arm fast,T20I,25613,Amjad Javed,Amjad Javed,Allrounder,Right-hand bat,Right-arm medium
AN Cook,LHB,,T20I,11728,Alastair Cook,Alastair Nathan Cook,Opening batter,Left-hand bat,Right-arm slow
AN Kervezee,RHB,Right-arm fast,T20I,214695,Alexei Kervezee,Alexei Nicolaas Kervezee,Opening batter,Right-hand bat,Right-arm medium
AN Petersen,RHB,Off Break,T20I,46934,Alviro Petersen,Alviro Nathan Petersen,Batter,Right-hand bat,Right-arm offbreak
Anamul Haque,RHB,,T20I,380354,Anamul Haque,Mohammad Anamul Haque Bijoy,Wicketkeeper batter,Right-hand bat,
Anas Khan,LHB,Slow left-arm orthodox,T20I,800395,Anas Khan,Anas Khan,Opening batter,Left-hand bat,Slow left-arm orthodox
Ansh Tandon,LHB,Leg Break,T20I,1058990,Ansh Tandon,Ansh Tandon,Batter,Left-hand bat,Legbreak
Anshuman Rath,LHB,Slow left-arm orthodox,T20I,452472,Anshy Rath,Anshuman Rath,Wicketkeeper batter,Left-hand bat,Slow left-arm orthodox
Anwar Ali,RHB,Right-arm fast,T20I,232491,Anwar Ali,Anwar Ali,Bowler,Right-hand bat,Right-arm medium-fast
Anwar Rahman,RHB,Slow left-arm orthodox,T20I,568447,Anwar Rahman,Muhammad Anwar A Rahman,Allrounder,Right-hand bat,Slow left-arm orthodox
AO Suji,RHB,Right-arm fast,T20I,24723,Tony Suji,Otieno Suji Ondik,Allrounder,Right-hand bat,Right-arm medium
AP Devcich,LHB,Slow left-arm orthodox,T20I,36948,Anton Devcich,Anton Paul Devcich,Opening batter,Left-hand bat,Slow left-arm orthodox
Aqib Ilyas,RHB,Off Break,T20I,940593,Aqib Ilyas,Aqib Ilyas Sulehri,Top-order batter,Right-hand bat,Right-arm offbreak
AR Adams,RHB,Right-arm fast,T20I,36192,Andre Adams,Andre Ryan Adams,Allrounder,Right-hand bat,Right-arm fast-medium
AR Cusack,RHB,Right-arm fast,T20I,293983,Alex Cusack,Alex Richard Cusack,Bowler,Right-hand bat,Right-arm medium-fast
AR McBrine,LHB,Off Break,T20I,417381,Andy McBrine,Andrew Robert McBrine,Bowler,Left-hand bat,Right-arm offbreak
AR Nurse,RHB,Off Break,T20I,315594,Ashley Nurse,Ashley Renaldo Nurse,Bowler,Right-hand bat,Right-arm offbreak
AR White,RHB,Off Break,T20I,24286,Andrew White,Andrew Roland White,Allrounder,Right-hand bat,Right-arm offbreak
Arafat Minhas,LHB,Slow left-arm orthodox,T20I,1332783,Arafat Minhas,Arafat Minhas,Bowler,Left-hand bat,Slow left-arm orthodox
Arafat Sunny,LHB,Slow left-arm orthodox,T20I,56268,Arafat Sunny,Arafat Sunny,Bowler,Left-hand bat,Slow left-arm orthodox
Ariful Haque,RHB,Right-arm fast,T20I,270135,Ariful Haque,Ariful Haque,Allrounder,Right-hand bat,Right-arm medium-fast
Arshad Iqbal,RHB,Right-arm fast,T20I,1130463,Arshad Iqbal,Arshad Iqbal,Bowler,Right-hand bat,Right-arm medium-fast
Aryan Lakra,LHB,Slow left-arm orthodox,T20I,1058989,Aryan Lakra,Aryan Lakra,Bowler,Left-hand bat,Slow left-arm orthodox
Aryansh Sharma,RHB,,T20I,1294141,Aryansh Sharma,Aryansh Sharma,Wicketkeeper batter,Right-hand bat,
AS Hansra,RHB,Right-arm fast,T20I,418615,Jimmy Hansra,Amarbir Singh Hansra,Allrounder,Right-hand bat,Right-arm medium
Asad Ali,RHB,Right-arm fast,T20I,222728,Asad Ali,Asad Ali,Bowler,Right-hand bat,Right-arm medium-fast
Asad Shafiq,RHB,Off Break,T20I,316397,Asad Shafiq,Asad Shafiq,Middle-order batter,Right-hand bat,Right-arm offbreak
Asghar Stanikzai,RHB,Right-arm fast,T20I,320652,Asghar Afghan,Mohammad Asghar Afghan,Middle-order batter,Right-hand bat,Right-arm medium-fast
Ashfaq Ahmed,RHB,Off Break,T20I,39940,Ashfaq Ahmed,Mohammad Ashfaq Ahmed,Top-order batter,Right-hand bat,Right-arm offbreak
Asif Ali,RHB,Right-arm fast,T20I,494230,Asif Ali,Asif Ali,Middle-order batter,Right-hand bat,Right-arm offbreak
Asif Khan,RHB,Off Break,T20I,315232,Asif Khan,Asif Khan,Batter,Right-hand bat,Right-arm offbreak
AT Nidamanuru,RHB,Off Break,T20I,1129328,Anil Nidamanuru,Anil Teja Nidamanuru,Allrounder,Right-hand bat,Right-arm offbreak
Atif Ali Khan,RHB,Left-arm fast,T20I,1061752,Atif Ali Khan,Atif Ali Khan,Bowler,Right-hand bat,Left-arm medium
AU Rashid,RHB,Leg Break,T20I,244497,Adil Rashid,Adil Usman Rashid,Bowler,Right-hand bat,Legbreak
AV Lalcheta,LHB,Slow left-arm orthodox,T20I,543449,Ajay Lalcheta,Ajay Vrajlal Lalcheta,Batting allrounder,Left-hand bat,Slow left-arm orthodox
Awais Zia,LHB,Off Break,T20I,278491,Awais Zia,Awais Zia,Opening batter,Left-hand bat,Right-arm offbreak
AY Patel,LHB,Slow left-arm orthodox,T20I,595783,Ajaz Patel,Ajaz Yunus Patel,Bowler,Left-hand bat,Slow left-arm orthodox
Ayan Khan,LHB,Slow left-arm orthodox,T20I,956319,Ayaan Khan,Ayaan Khan,Allrounder,Left-hand bat,Slow left-arm orthodox
AZ Lees,LHB,Leg Break,T20I,460756,Alexander Lees,Alexander Zak Lees,Opening batter,Left-hand bat,Legbreak
Azam Khan,RHB,,T20I,1137262,Azam Khan,Azam Khan,Wicketkeeper,Right-hand bat,
Azmatullah Omarzai,RHB,Right-arm fast,T20I,819429,Azmatullah Omarzai,Azmatullah Omarzai,Allrounder,Right-hand bat,Right-arm medium-fast
B Bhandari,RHB,Right-arm fast,T20I,437005,Binod Bhandari,Binod Bhandari,Wicketkeeper,Right-hand bat,Right-arm bowler
B Evans,RHB,Right-arm fast,T20I,696127,Brad Evans,Brad Evans,Allrounder,Right-hand bat,Right-arm fast
B Fernando,RHB,Left-arm fast,T20I,629080,Binura Fernando,Binura Fernando,Bowler,Right-hand bat,Left-arm medium-fast
B Mavuta,RHB,Leg Break,T20I,806239,Brandon Mavuta,Brandon Anesu Mavuta,Allrounder,Right-hand bat,Legbreak
B Muzarabani,RHB,Right-arm fast,T20I,827051,Blessing Muzarabani,Blessing Muzarabani,Bowler,Right-hand bat,Right-arm fast-medium
B Regmi,LHB,Slow left-arm orthodox,T20I,25955,Basant Regmi,Basant Regmi,Bowler,Left-hand bat,Slow left-arm orthodox
B Shikongo,RHB,Right-arm fast,T20I,1069820,Ben Shikongo,Ben Shikongo,Bowler,Right-hand bat,Right-arm medium-fast
B White,RHB,Leg Break,T20I,928059,Ben White,Benjamin Charlie White,Bowler,Right-hand bat,Legbreak
B Zuiderent,RHB,Right-arm fast,T20I,24990,Bas Zuiderent,Bastiaan Zuiderent,Middle-order batter,Right-hand bat,Right-arm medium
BA Carse,RHB,Right-arm fast,T20I,596417,Brydon Carse,Brydon Alexander Carse,Bowling allrounder,Right-hand bat,Right-arm fast
BA King,RHB,,T20I,670035,Brandon King,Brandon Alexander King,Top-order batter,Right-hand bat,
BA Parchment,RHB,Off Break,T20I,52687,Brenton Parchment,Brenton Anthony Parchment,Bowler,Right-hand bat,Right-arm offbreak
Babar Azam,RHB,,T20I,348144,Babar Azam,Mohammad Babar Azam,Batter,Right-hand bat,Right-arm offbreak
Babar Hayat,RHB,Right-arm fast,T20I,539304,Babar Hayat,Babar Hayat,Batter,Right-hand bat,Right-arm medium
Basil Hameed,RHB,Off Break,T20I,1209110,Basil Hameed,Basil Hameed,Middle-order batter,Right-hand bat,Right-arm offbreak
BC Fortuin,RHB,Slow left-arm orthodox,T20I,553249,Bjorn Fortuin,Bjorn Carl Fortuin,Bowler,Right-hand bat,Slow left-arm orthodox
BD Glover,RHB,Right-arm fast,T20I,595419,Brandon Glover,Brandon Dale Glover,Bowler,Right-hand bat,Right-arm fast
BFW de Leede,RHB,Right-arm fast,T20I,1036191,Bas de Leede,Bas de Leede,Batting allrounder,Right-hand bat,Right-arm fast-medium
BG Lister,RHB,Left-arm fast,T20I,1125536,Benjamin Lister,Benjamin George Lister,Bowler,Right-hand bat,Left arm Medium
Bilal Khan,LHB,Left-arm fast,T20I,937953,Bilal Khan,Bilal Khan,Bowler,Left-hand bat,Left-arm medium-fast
Bilawal Bhatti,RHB,Right-arm fast,T20I,343305,Bilawal Bhatti,Bilawal Bhatti,Bowler,Right-hand bat,Right-arm medium-fast
BJ Bennett,RHB,Off Break,T20I,1071484,Brian Bennett,Brian John Bennett,Allrounder,Right-hand bat,Right-arm offbreak
BJ Diamanti,RHB,Right-arm fast,T20I,36950,Brendon Diamanti,Brendon John Diamanti,Batter,Right-hand bat,Right-arm medium-fast
BJ Dwarshuis,LHB,Left-arm fast,T20I,679567,Ben Dwarshuis,Benjamin James Dwarshuis,Bowler,Left-hand bat,Left-arm fast-medium
BJ McCarthy,RHB,Right-arm fast,T20I,348059,Barry McCarthy,Barry John McCarthy,Bowler,Right-hand bat,Right-arm fast-medium
BJ Watling,RHB,,T20I,38924,BJ Watling,Bradley-John Watling,Wicketkeeper batter,Right-hand bat,
BKG Mendis,RHB,Leg Break,T20I,629074,Kusal Mendis,Balapuwaduge Kusal Gimhan Mendis,Wicketkeeper batter,Right-hand bat,Legbreak
BM Duckett,LHB,,T20I,521637,Ben Duckett,Ben Matthew Duckett,Top-order batter,Left-hand bat,Right-arm offbreak
BM Scholtz,RHB,Slow left-arm orthodox,T20I,330223,Bernard Scholtz,Bernard Martinus Scholtz,Bowler,Right-hand bat,Slow left-arm orthodox
BM Tickner,RHB,Right-arm fast,T20I,854909,Blair Tickner,Blair Marshall Tickner,Bowler,Right-hand bat,Right-arm medium-fast
BM Wheeler,RHB,Left-arm fast,T20I,440523,Ben Wheeler,Ben Matthew Wheeler,Bowler,Right-hand bat,Left-arm medium-fast
BN Cooper,LHB,Right-arm fast,T20I,470699,Ben Cooper,Benjamin Nicolas Cooper,Middle-order batter,Left-hand bat,Right-arm medium
BOP Fernando,RHB,Leg Break,T20I,366725,Oshada Fernando,Bodiyabaduge Oshada Piyumal Fernando,Top-order batter,Right-hand bat,Legbreak
BR McDermott,RHB,Right-arm fast,T20I,603410,Ben McDermott,Benjamin Reginald McDermott,Wicketkeeper batter,Right-hand bat,Right-arm medium
BRM Taylor,RHB,Off Break,T20I,55814,Brendan Taylor,Brendan Ross Murray Taylor,Wicketkeeper batter,Right-hand bat,Right-arm offbreak
BT Foakes,RHB,,T20I,364788,Benjamin Foakes,Benjamin Thomas Foakes,Wicketkeeper batter,Right-hand bat,
BTJ Wheal,RHB,Right-arm fast,T20I,807535,Brad Wheal,Bradley Thomas James Wheal,Bowler,Right-hand bat,Right-arm fast-medium
BV Sears,RHB,Right-arm fast,T20I,959769,Benjamin Sears,Benjamin Vincent Sears,Bowler,Right-hand bat,Right-arm medium-fast
BV Vitori,LHB,Left-arm fast,T20I,235514,Brian Vitori,Brian Vitalis Vitori,Bowler,Left-hand bat,Left-arm fast-medium
C Campher,RHB,Right-arm fast,T20I,595921,Curtis Campher,Curtis Campher,Allrounder,Right-hand bat,Right-arm medium-fast
C Carter,RHB,,T20I,919493,Christopher Carter,Christopher Carter,Wicketkeeper batter,Right-hand bat,
C Floyd,RHB,Slow left-arm orthodox,T20I,1200616,Clayton Floyd,Clayton Floyd,Bowler,Right-hand bat,Slow left-arm orthodox
C Green,RHB,Off Break,T20I,1076713,Cameron Green,Cameron Donald Green,Batting allrounder,Right-hand bat,Right-arm fast-medium
C Jonker,RHB,Right-arm fast,T20I,222320,Christiaan Jonker,Christiaan Jonker,Middle-order batter,Right-hand bat,Right-arm medium-fast
C Karunaratne,RHB,Right-arm fast,T20I,623695,Chamika Karunaratne,Chamika Karunaratne,Bowler,Right-hand bat,Right-arm medium-fast
C Kieswetter,RHB,,T20I,230855,Craig Kieswetter,Craig Kieswetter,Opening batter,Right-hand bat,Right-arm offbreak
C Madande,RHB,,T20I,1045883,Clive Madande,Clive Madande,Wicketkeeper batter,Right-hand bat,
C Olphert,RHB,Right-arm fast,T20I,1229953,Conor Olphert,Conor Olphert,Bowler,Right-hand bat,Right-arm medium
C Zhuwao,LHB,Slow left-arm orthodox,T20I,235532,Cephas Zhuwao,Cephas Zhuwao,Batter,Left-hand bat,Slow left-arm orthodox
CA Soper,RHB,Right-arm fast,T20I,574287,Chad Soper,Chad Aiwati Soper,Bowler,Right-hand bat,Right-arm medium-fast
CA Young,RHB,Right-arm fast,T20I,364343,Craig Young,Craig Alexander Young,Bowler,Right-hand bat,Right-arm fast-medium
CAK Rajitha,RHB,Right-arm fast,T20I,499594,Kasun Rajitha,Chandrasekara Arachchilage Kasun Rajitha,Bowler,Right-hand bat,Right-arm medium-fast
CAK Walton,RHB,,T20I,315586,Chadwick Walton,Chadwick Antonio Kirkpatrick Walton,Top-order batter,Right-hand bat,
CB Mpofu,RHB,Right-arm fast,T20I,55633,Chris Mpofu,Christopher Bobby Mpofu,Bowler,Right-hand bat,Right-arm fast-medium
CB Sole,RHB,Right-arm fast,T20I,671823,Chris Sole,Christopher Barclay Sole,Bowler,Right-hand bat,Right-arm medium
CBRLS Kumara,LHB,Right-arm fast,T20I,784375,Lahiru Kumara,Chandradasa Brahammana Ralalage Lahiru Sudesh Kumara,Bowler,Left-hand bat,Right-arm fast
CD Barnwell,RHB,Right-arm fast,T20I,330408,Chris Barnwell,Christopher Dion Barnwell,Allrounder,Right-hand bat,Right-arm medium-fast
CD de Lange,RHB,Slow left-arm orthodox,T20I,44851,Con de Lange,Con de Wet de Lange,Bowling allrounder,Right-hand bat,Slow left-arm orthodox
CD McMillan,RHB,Right-arm fast,T20I,37712,Craig McMillan,Craig Douglas McMillan,Batter,Right-hand bat,Right-arm medium
CE McConchie,RHB,Off Break,T20I,526021,Cole McConchie,Cole Edward McConchie,Allrounder,Right-hand bat,Right-arm offbreak
CG Williams,RHB,Right-arm fast,T20I,316102,Craig Williams,Craig George Williams,Top-order batter,Right-hand bat,Right-arm medium
Chirag Suri,RHB,Off Break,T20I,534734,Chirag Suri,Chirag Suri,Opening batter,Right-hand bat,Right-arm offbreak
Chirag Suri,RHB,Leg Break,T20I,534734,Chirag Suri,Chirag Suri,Opening batter,Right-hand bat,Legbreak
CJ Bowes,RHB,Right-arm fast,T20I,379890,Chad Bowes,Chad Jayson Bowes,Top-order batter,Right-hand bat,Right-arm medium
CJ Boyce,RHB,Leg Break,T20I,326625,Cameron Boyce,Cameron John Boyce,Bowler,Right-hand bat,Legbreak
CJ Chibhabha,RHB,Right-arm fast,T20I,55354,Chamu Chibhabha,Chamunorwa Justice Chibhabha,Top-order batter,Right-hand bat,Right-arm medium
CJA Amini,LHB,Leg Break,T20I,332980,Charles Amini,Charles Jordan Alewa Amini,Allrounder,Left-hand bat,Legbreak
CJO Smith,RHB,,T20I,25112,Colin Smith,Colin John Ogilvie Smith,Wicketkeeper batter,Right-hand bat,
CK Coventry,RHB,Leg Break,T20I,55329,Charles Coventry,Charles Kevin Coventry,Top-order batter,Right-hand bat,Legbreak
CK Tshuma,RHB,Right-arm fast,T20I,959823,Charlton Tshuma,Charlton Kirsh Tshuma,Bowler,Right-hand bat,Right-arm fast-medium
CL Cairns,RHB,Right-arm fast,T20I,36597,Chris Cairns,Christopher Lance Cairns,Allrounder,Right-hand bat,Right-arm fast-medium
CM Wright,RHB,Right-arm fast,T20I,25123,Craig Wright,Craig McIntyre Wright,Bowler,Right-hand bat,Right-arm medium
CMW Read,RHB,,T20I,19346,Chris Read,Christopher Mark Wells Read,Wicketkeeper batter,Right-hand bat,
CN Ackermann,RHB,Off Break,T20I,379774,Colin Ackermann,Colin Niel Ackermann,Batting allrounder,Right-hand bat,Right-arm offbreak
CN Greaves,RHB,Leg Break,T20I,873199,Chris Greaves,Christopher Nicholas Greaves,Bowler,Right-hand bat,Legbreak
CO Obuya,RHB,Leg Break,T20I,24752,Collins Obuya,Collins Omondi Obuya,Allrounder,Right-hand bat,Legbreak
CP Rizwan,RHB,Leg Break,T20I,474760,Chundangapoyil Rizwan,Chundangapoyil Puthiyapurayil Rizwan,Middle-order batter,Right-hand bat,Legbreak
CP Schofield,LHB,Leg Break,T20I,20073,Chris Schofield,Christopher Paul Schofield,Bowling allrounder,Left-hand bat,Legbreak
CR Ervine,LHB,Off Break,T20I,55412,Craig Ervine,Craig Richard Ervine,Middle-order batter,Left-hand bat,Right-arm offbreak
CS Baugh,RHB,Leg Break,T20I,51446,Carlton Baugh,Carlton Seymour Baugh,Wicketkeeper,Right-hand bat,Legbreak googly
CS MacLeod,RHB,Right-arm fast,T20I,232435,Calum MacLeod,Calum Scott MacLeod,Top-order batter,Right-hand bat,Right-arm medium-fast
CS Martin,RHB,Right-arm fast,T20I,37700,Chris Martin,Christopher Stewart Martin,Bowler,Right-hand bat,Right-arm fast-medium
CT Mumba,RHB,Right-arm fast,T20I,672775,Carl Mumba,Carl Tapfuma Mumba,Bowler,Right-hand bat,Right-arm fast-medium
CT Mutombodzi,RHB,Leg Break,T20I,333001,Tinotenda Mutombodzi,Confidence Tinotenda Mutombodzi,Allrounder,Right-hand bat,Legbreak googly
CT Tremlett,RHB,Right-arm fast,T20I,21650,Christopher Tremlett,Christopher Timothy Tremlett,Bowler,Right-hand bat,Right-arm medium-fast
CU Jayasinghe,RHB,Right-arm fast,T20I,49287,Chinthaka Jayasinghe,Halwathurage Chinthaka Umesh Jayasinghe,Allrounder,Right-hand bat,Right-arm medium
D Bishoo,LHB,Leg Break,T20I,341593,Devendra Bishoo,Devendra Bishoo,Bowler,Left-hand bat,Legbreak
D Cleaver,RHB,,T20I,440517,Dane Cleaver,Dane Cleaver,Wicketkeeper batter,Right-hand bat,
D Elgar,LHB,Slow left-arm orthodox,T20I,230852,Dean Elgar,Dean Elgar,Opening batter,Left-hand bat,Slow left-arm orthodox
D Ferreira,RHB,Off Break,T20I,698315,Donovan Ferreira,Donovan Ferreira,Allrounder,Right-hand bat,Right-arm offbreak
D Foxcroft,RHB,Off Break,T20I,596099,Dean Foxcroft,Dean Foxcroft,Allrounder,Right-hand bat,Right-arm offbreak
D Ganga,RHB,,T20I,51872,Daren Ganga,Daren Ganga,Batter,Right-hand bat,Right-arm offbreak
D Gough,RHB,Right-arm fast,T20I,13411,Darren Gough,Darren Gough,Bowler,Right-hand bat,Right-arm fast-medium
D la Cock,RHB,Leg Break,T20I,1178065,Divan Cock,Divan la Cock,Opening batter,Right-hand bat,Legbreak
D Madushanka,RHB,Left-arm fast,T20I,793007,Dilshan Madushanka,Lokumarakkalage Dilshan Madushanka,Bowler,Right-hand bat,Left-arm medium-fast
D Mongia,LHB,Slow left-arm orthodox,T20I,31034,Dinesh Mongia,Dinesh Mongia,Allrounder,Left-hand bat,Slow left-arm orthodox
D Murphy,RHB,,T20I,297524,David Murphy,David Murphy,Middle-order batter,Right-hand bat,
D Myers,RHB,Right-arm fast,T20I,946517,Dion Myers,Dion Nephy Myers,Top-order batter,Right-hand bat,Right-arm medium
D Parashar,RHB,Right-arm fast,T20I,1294144,Dhruv Parashar,Dhruv Parashar,Allrounder,Right-hand bat,Right-arm medium
D Paterson,RHB,Right-arm fast,T20I,327947,Dane Paterson,Dane Paterson,Bowler,Right-hand bat,Right-arm fast-medium
D Ramdin,RHB,,T20I,52917,Denesh Ramdin,Denesh Ramdin,Wicketkeeper batter,Right-hand bat,
D Ravu,RHB,Right-arm fast,T20I,1122557,Damien Ravu,Damien Apa Ravu,Bowler,Right-hand bat,Right-arm medium-fast
Danish Aziz,LHB,Slow left-arm orthodox,T20I,793411,Danish Aziz,Danish Aziz,Allrounder,Left-hand bat,Slow left-arm orthodox
Darwish Rasooli,RHB,Off Break,T20I,819441,Darwish Rasooli,Darwish Rasooli,Top-order batter,Right-hand bat,Right-arm offbreak
DAS Gunaratne,RHB,Right-arm fast,T20I,360456,Asela Gunaratne,Downdegedara Asela Sampath Gunaratne,Batter,Right-hand bat,Right-arm medium-fast
Dawlat Ahmadzai,RHB,Right-arm fast,T20I,25917,Dawlat Ahmadzi,Dawlat Khan Ahmadzi,Bowler,Right-hand bat,Right-arm fast-medium
Dawlat Zadran,RHB,Right-arm fast,T20I,516561,Dawlat Zadran,Dawlat Zadran,Bowler,Right-hand bat,Right-arm fast-medium
DBL Powell,RHB,Right-arm fast,T20I,52790,Daren Powell,Daren Brent Lyle Powell,Bowler,Right-hand bat,Right-arm fast-medium
DC Drakes,LHB,Left-arm fast,T20I,906749,Dominic Drakes,Dominic Conneil Drakes,Bowling allrounder,Left-hand bat,Left-arm medium-fast
DC Thomas,RHB,Right-arm fast,T20I,248920,Devon Thomas,Devon Cuthbert Thomas,Top-order batter,Right-hand bat,Right-arm medium
DE Bernard,RHB,Right-arm fast,T20I,51300,David Bernard,David Eddison Bernard,Unknown,Right-hand bat,Right-arm medium-fast
DE Budge,RHB,Right-arm fast,T20I,764321,Dylan Budge,Dylan Evers Budge,Allrounder,Right-hand bat,Right-arm medium
DF Watts,RHB,Right-arm fast,T20I,25120,Fraser Watts,David Fraser Watts,Opening batter,Right-hand bat,Right-arm medium
DG Brownlie,RHB,Right-arm fast,T20I,4493,Dean Brownlie,Dean Graham Brownlie,Middle-order batter,Right-hand bat,Right-arm medium
Dhiman Ghosh,RHB,,T20I,56208,Dhiman Ghosh,Dhiman Ghosh,Wicketkeeper batter,Right-hand bat,
DI Allan,RHB,Right-arm fast,T20I,472153,Duncan Allan,Duncan Iain Allan,Batter,Right-hand bat,Right-arm medium-fast
DJ Reekers,RHB,Right-arm fast,T20I,38261,Darron Reekers,Darron John Reekers,Opening batter,Right-hand bat,Right-arm medium
DK Butler,LHB,Left-arm fast,T20I,51292,Deighton Butler,Deighton Kelvin Butler,Bowler,Left-hand bat,Left-arm fast-medium
DL Maddy,RHB,Right-arm fast,T20I,16876,Darren Maddy,Darren Lee Maddy,Bowler,Right-hand bat,Right-arm medium
DLS van Bunge,RHB,Leg Break,T20I,24964,Daan van Bunge,Daan Lodewjk Samuel van Bunge,Allrounder,Right-hand bat,Legbreak
DM de Silva,RHB,Off Break,T20I,465793,Dhananjaya de Silva,Dhananjaya Maduranga de Silva,Allrounder,Right-hand bat,Right-arm offbreak
DM Richards,RHB,Right-arm fast,T20I,52833,Dale Richards,Dale Maurice Richards,Batter,Right-hand bat,Right-arm medium
DO Christian,RHB,Right-arm fast,T20I,51634,Derwin Christian,Derwin O'Neil Christian,Wicketkeeper batter,Right-hand bat,
DO Obuya,RHB,,T20I,24760,David Obuya,David Oluoch Obuya,Top-order batter,Right-hand bat,
DP Hyatt,RHB,Right-arm fast,T20I,52197,Danza Hyatt,Danza Pacino Hyatt,Allrounder,Right-hand bat,Right-arm medium
DR Briggs,RHB,Slow left-arm orthodox,T20I,310107,Danny Briggs,Danny Richard Briggs,Bowler,Right-hand bat,Slow left-arm orthodox
DR Brown,RHB,Right-arm fast,T20I,9254,Dougie Brown,Douglas Robert Brown,Bowler,Right-hand bat,Right-arm fast-medium
DR Flynn,LHB,Slow left-arm orthodox,T20I,37095,Daniel Flynn,Daniel Raymond Flynn,Middle-order batter,Left-hand bat,Left-arm slow
DR Tuffey,RHB,Right-arm fast,T20I,38620,Daryl Tuffey,Daryl Raymond Tuffey,Bowler,Right-hand bat,Right-arm fast-medium
DS Airee,RHB,Off Break,T20I,794707,Dipendra  Airee,Dipendra Singh Airee,Middle-order batter,Right-hand bat,Right-arm offbreak
DS Smith,LHB,Right-arm fast,T20I,52962,Devon Smith,Devon Sheldon Smith,Opening batter,Left-hand bat,Right-arm offbreak
DSK Madushanka,RHB,Right-arm fast,T20I,1043681,Shehan Madushanka,Devapurage Shehan Madushanka Kumara,Bowler,Right-hand bat,Right-arm fast-medium
DT Johnston,RHB,Right-arm fast,T20I,6038,Trent Johnston,David Trent Johnston,Bowler,Right-hand bat,Right-arm fast-medium
DT Tiripano,RHB,Right-arm fast,T20I,392945,Donald Tiripano,Donald Tatenda Tiripano,Bowler,Right-hand bat,Right-arm fast-medium
E Chigumbura,RHB,Right-arm fast,T20I,55343,Elton Chigumbura,Elton Chigumbura,Allrounder,Right-hand bat,Right-arm fast-medium
E Leie,RHB,Leg Break,T20I,46149,Eddie Leie,Eddie Leie,Bowler,Right-hand bat,Legbreak
E Otieno,RHB,Right-arm fast,T20I,293031,Elijah Otieno,Elijah Otieno Asoyo,Bowler,Right-hand bat,Right-arm medium-fast
E Schiferli,RHB,Right-arm fast,T20I,24943,Edgar Schiferli,Edgar Schiferli,Bowler,Right-hand bat,Right-arm medium-fast
Ebadat Hossain,RHB,Right-arm fast,T20I,932355,Ebadat Hossain,Ebadat Hossain,Bowler,Right-hand bat,Right-arm fast-medium
EC Joyce,LHB,Right-arm fast,T20I,24249,Ed Joyce,Edmund Christopher Joyce,Top-order batter,Left-hand bat,Right-arm medium
EC Rainsford,RHB,Right-arm fast,T20I,55740,Ed Rainsford,Edward Charles Rainsford,Bowler,Right-hand bat,Right-arm fast-medium
Ehsan Khan,RHB,Off Break,T20I,40082,Ehsan Khan,Ehsan Khan,Bowler,Right-hand bat,Right-arm offbreak
Ehsan Nawaz,RHB,Right-arm fast,T20I,718553,Ehsan Nawaz,Ehsan Nawaz,Bowler,Right-hand bat,Right-arm fast-medium
Elias Sunny,LHB,Slow left-arm orthodox,T20I,55883,Elias Sunny,Mohammad Elias Sunny,Bowler,Left-hand bat,Slow left-arm orthodox
EMDY Munaweera,RHB,Off Break,T20I,304735,Dilshan Munaweera,Eldeniya Medagedara Dilshan Yasika Munaweera,Opening batter,Right-hand bat,Right-arm offbreak
EP Thompson,LHB,Left-arm fast,T20I,38626,Ewen Thompson,Ewen Paul Thompson,Bowler,Left-hand bat,Left-arm fast-medium
ES Szwarczynski,RHB,Right-arm fast,T20I,214696,Eric Szwarczynski,Eric Stefan Szwarczynski,Batter,Right-hand bat,Right-arm medium
F Hand,RHB,Right-arm fast,T20I,1099225,Fionn Hand,Fionn Hand,Allrounder,Right-hand bat,Right-arm medium
F Mutizwa,RHB,,T20I,55641,Forster Mutizwa,Forster Mutizwa,Wicketkeeper batter,Right-hand bat,Right-arm offbreak
Fahad Tariq,RHB,Right-arm fast,T20I,943279,Fahad Tariq,Fahad Tariq Raja,Bowler,Right-hand bat,Right-arm medium-fast
Faheem Ashraf,LHB,Right-arm fast,T20I,681117,Faheem Ashraf,Faheem Ashraf,Bowling allrounder,Left-hand bat,Right-arm medium
Faizan Asif,LHB,,T20I,447287,Faizan Asif,Faizan Asif,Opening batter,Left-hand bat,
Fakhar Zaman,LHB,Slow left-arm orthodox,T20I,512191,Fakhar Zaman,Fakhar Zaman,Opening batter,Left-hand bat,Slow left-arm orthodox
Fareed Ahmad,LHB,Left-arm fast,T20I,568136,Fareed Ahmad,Fareed Ahmad Malik,Bowler,Left-hand bat,Left-arm fast-medium
Farhad Reza,RHB,Right-arm fast,T20I,55894,Farhad Reza,Farhad Reza,Allrounder,Right-hand bat,Right-arm fast-medium
Farhan Ahmed,RHB,Slow left-arm orthodox,T20I,950311,Farhan Ahmed,Farhan Ahmed,Bowler,Right-hand bat,Slow left-arm orthodox
Fawad Ahmed,RHB,Leg Break,T20I,240609,Fawad Ahmed,Fawad Ahmed,Bowler,Right-hand bat,Legbreak googly
Fawad Alam,LHB,Slow left-arm chinaman,T20I,40250,Fawad Alam,Fawad Alam,Top-order batter,Left-hand bat,Slow left-arm orthodox
Fayyaz Butt,RHB,Right-arm fast,T20I,436749,Fayyaz Butt,Ahmad Fayyaz Butt,Bowler,Right-hand bat,Right-arm medium-fast
Fazal Niazai,RHB,Right-arm fast,T20I,533949,Fazal Niazai,Fazal Rahman Rahmani,Unknown,Right-hand bat,Right-arm medium
FH Allen,RHB,,T20I,959759,Finn Allen,Finnley Hugh Allen,Top-order batter,Right-hand bat,
FJ Klaassen,RHB,Left-arm fast,T20I,1104703,Fred Klaassen,Frederick Jack Klaassen,Bowler,Right-hand bat,Left-arm medium-fast
FL Reifer,LHB,Right-arm fast,T20I,52808,Floyd Reifer,Floyd Lamonte Reifer,Batter,Left-hand bat,Right-arm medium
G Coetzee,RHB,Right-arm fast,T20I,596010,Gerald Coetzee,Gerald Coetzee,Bowler,Right-hand bat,Right-arm fast
G Goudie,RHB,Right-arm fast,T20I,25476,Gordon Goudie,Gordon Goudie,Bowler,Right-hand bat,Right-arm fast-medium
G Malla,RHB,,T20I,233400,Gyanendra Malla,Gyanendra Malla,Top-order batter,Right-hand bat,
G Motie,LHB,Slow left-arm orthodox,T20I,670045,Gudakesh Motie,Gudakesh Motie-Kanhai,Bowler,Left-hand bat,Slow left-arm orthodox
G Wijekoon,LHB,Left-arm fast,T20I,50345,Gayan Wijekoon,Wijekoon Mudiyanselage Gayan Ramyakumara,Allrounder,Left-hand bat,Left-arm medium
GA Lamb,RHB,Right-arm fast,T20I,55562,Greg Lamb,Gregory Arthur Lamb,Allrounder,Right-hand bat,Right-arm offbreak
GA Rogers,RHB,Slow left-arm chinaman,T20I,272473,Glenn Rogers,Glenn Alan Rogers,Bowler,Right-hand bat,Slow left-arm orthodox
GA Stuurman,RHB,Right-arm fast,T20I,481803,Glenton Stuurman,Glenton Anric Stuurman,Bowler,Right-hand bat,Right-arm fast-medium
GB Brent,RHB,Right-arm fast,T20I,55269,Gary Brent,Gary Bazil Brent,Bowler,Right-hand bat,Right-arm medium
GC Tonge,RHB,Right-arm fast,T20I,53153,Gavin Tonge,Gavin Courtney Tonge,Bowler,Right-hand bat,Right-arm fast-medium
GC Wilson,RHB,,T20I,24609,Gary Wilson,Gary Craig Wilson,Wicketkeeper batter,Right-hand bat,
GD Drummond,RHB,Right-arm fast,T20I,295644,Gordon Drummond,Gordon David Drummond,Bowler,Right-hand bat,Right-arm medium-fast
GD Elliott,RHB,Right-arm fast,T20I,44956,Grant Elliott,Grant David Elliott,Allrounder,Right-hand bat,Right-arm medium
GE Mathurin,LHB,Slow left-arm orthodox,T20I,252940,Garey Mathurin,Garey Earl Mathurin,Allrounder,Left-hand bat,Slow left-arm orthodox
GF Linde,LHB,Slow left-arm orthodox,T20I,481875,George Linde,George Fredrik Linde,Allrounder,Left-hand bat,Slow left-arm orthodox
GH Bodi,LHB,Slow left-arm orthodox,T20I,44089,Gulam Bodi,Gulam Hussain Bodi,Opening batter,Left-hand bat,Left-arm wrist-spin
GH Dockrell,RHB,Slow left-arm orthodox,T20I,348034,George Dockrell,George Henry Dockrell,Allrounder,Right-hand bat,Slow left-arm orthodox
GH Worker,LHB,Slow left-arm orthodox,T20I,277911,George Worker,George Herrick Worker,Batting allrounder,Left-hand bat,Slow left-arm orthodox
Ghulam Shabber,LHB,,T20I,950303,Ghulam Shabber,Ghulam Shabber,Wicketkeeper batter,Left-hand bat,
GI Hume,LHB,Right-arm fast,T20I,379144,Graham Hume,Graham Ian Hume,Bowler,Left-hand bat,Right-arm fast-medium
GJ Batty,RHB,Off Break,T20I,9042,Gareth Batty,Gareth Jon Batty,Bowler,Right-hand bat,Right-arm offbreak
GJ Delany,RHB,Leg Break,T20I,1099379,Gareth Delany,Gareth James Delany,Batting allrounder,Right-hand bat,Legbreak googly
GJ Hopkins,RHB,,T20I,37248,Gareth Hopkins,Gareth James Hopkins,Wicketkeeper batter,Right-hand bat,
GJ Snyman,RHB,Off Break,T20I,594329,Jacques Snyman,Gerrit Jacques Snyman,Batting allrounder,Right-hand bat,Right-arm offbreak
GJ Thompson,RHB,Leg Break,T20I,24616,Greg Thompson,Greg James Thompson,Bowler,Right-hand bat,Legbreak
GJP Kruger,RHB,Right-arm fast,T20I,45888,Garnett Kruger,Garnett John-Peter Kruger,Bowler,Right-hand bat,Right-arm medium-fast
GL Cloete,LHB,,T20I,381030,Gihahn Cloete,Gihahn Love Cloete,Unknown,Left-hand bat,Right-arm offbreak
GM Hamilton,LHB,Right-arm fast,T20I,14020,Gavin Hamilton,Gavin Mark Hamilton,Middle-order batter,Left-hand bat,Right-arm medium-fast
GO Jones,RHB,,T20I,15501,Geraint Jones,Geraint Owen Jones,Wicketkeeper batter,Right-hand bat,
GP Swann,RHB,Off Break,T20I,20431,Graeme Swann,Graeme Peter Swann,Bowler,Right-hand bat,Right-arm offbreak
GR Adair,RHB,Slow left-arm orthodox,T20I,468573,George Adair,George Ross Adair,Top-order batter,Right-hand bat,Slow left-arm orthodox
GSNFG Jayasuriya,LHB,Off Break,T20I,422965,Shehan Jayasuriya,Gampalage Shehan Naveendra De Fonseka Gunawarna Jayasuriya,Batting allrounder,Left-hand bat,Right-arm offbreak
GT Main,RHB,Right-arm fast,T20I,470777,Gavin Main,Gavin Thomas Main,Bowler,Right-hand bat,Right-arm fast
Gulbadin Naib,RHB,Right-arm fast,T20I,352048,Gulbadin Naib,Gulbadin Naib,Batting allrounder,Right-hand bat,Right-arm medium-fast
Gulsan Jha,LHB,Right-arm fast,T20I,1253822,Gulsan Jha,Gulshan Kumar Jha,Bowler,Left-hand bat,Right-arm medium
GW Aldridge,RHB,Right-arm fast,T20I,36187,Graeme Aldridge,Graeme William Aldridge,Bowler,Right-hand bat,Right-arm fast-medium
H Davids,RHB,Right-arm fast,T20I,44752,Henry Davids,Henry Davids,Top-order batter,Right-hand bat,Right-arm medium-fast
H Hiri,RHB,Off Break,T20I,646175,Hiri Hiri,Hiri Hiri,Middle-order batter,Right-hand bat,Right-arm offbreak
H Masakadza,RHB,Right-arm fast,T20I,55608,Hamilton Masakadza,Hamilton Masakadza,Top-order batter,Right-hand bat,Right-arm medium
H Osinde,RHB,Right-arm fast,T20I,212175,Henry Osinde,Henry Osinde,Bowler,Right-hand bat,Right-arm medium-fast
H Patel,RHB,Slow left-arm orthodox,T20I,414248,Hiral Patel,Hiral Patel,Batter,Right-hand bat,Slow left-arm orthodox
HA Varaiya,RHB,Slow left-arm chinaman,T20I,254114,Hiren Varaiya,Hiren Ashok Varaiya,Bowler,Right-hand bat,Slow left-arm orthodox
Haider Ali,RHB,,T20I,1168651,Haider Ali,Haider Ali,Middle-order batter,Right-hand bat,
Hamid Hassan,RHB,Right-arm fast,T20I,311427,Hamid Hassan,Hamid Hassan,Bowler,Right-hand bat,Right-arm fast
Hammad Azam,RHB,Right-arm fast,T20I,384518,Hammad Azam,Hammad Azam,Middle-order batter,Right-hand bat,Right-arm medium
Hamza Tahir,RHB,Slow left-arm orthodox,T20I,751151,Hamza Tahir,Hamza Tahir,Bowler,Right-hand bat,Slow left-arm orthodox
Haris Rauf,RHB,Right-arm fast,T20I,1161606,Haris Rauf,Haris Rauf,Bowler,Right-hand bat,Right-arm fast
Haris Sohail,LHB,Slow left-arm orthodox,T20I,318788,Haris Sohail,Haris Sohail,Middle-order batter,Left-hand bat,Slow left-arm orthodox
Haroon Arshad,RHB,Right-arm fast,T20I,1068983,Haroon Arshad,Haroon Arshad,Bowling allrounder,Right-hand bat,Right-arm medium
Hasan Ali,RHB,Right-arm fast,T20I,681305,Hasan Ali,Hasan Ali,Bowler,Right-hand bat,Right-arm medium-fast
Hasan Mahmud,RHB,Right-arm fast,T20I,926629,Hasan Mahmud,Hasan Mahmud,Bowler,Right-hand bat,Right-arm medium
Hasan Murad,RHB,Slow left-arm orthodox,T20I,990161,Hasan Murad,Hasan Murad,Bowler,Right-hand bat,Slow left-arm orthodox
Haseeb Amjad,RHB,Right-arm fast,T20I,539305,Haseeb Amjad,Haseeb Amjad,Bowler,Right-hand bat,Right-arm medium-fast
Haseebullah Khan,LHB,,T20I,1171127,Haseebullah Khan,Haseebullah Khan,Wicketkeeper batter,Left-hand bat,
Hashmatullah Shahidi,LHB,Off Break,T20I,440970,Hashmatullah Shahidi,Hashmatullah Shahidi,Top-order batter,Left-hand bat,Right-arm offbreak
Hazratullah,LHB,Slow left-arm orthodox,T20I,793457,Hazratullah Zazai,Hazratullah Zazai,Opening batter,Left-hand bat,Slow left-arm orthodox
HB Shipley,RHB,Right-arm fast,T20I,962831,Henry Shipley,Henry Burton Shipley,Bowler,Right-hand bat,Right-arm medium-fast
HC Brook,RHB,Right-arm fast,T20I,911707,Harry Brook,Harry Cherrington Brook,Batter,Right-hand bat,Right-arm medium
HD Rutherford,LHB,Slow left-arm orthodox,T20I,331375,Hamish Rutherford,Hamish Duncan Rutherford,Opening batter,Left-hand bat,Slow left-arm orthodox
HDRL Thirimanne,LHB,Right-arm fast,T20I,301236,Lahiru Thirimanne,Hettige Don Rumesh Lahiru Thirimanne,Top-order batter,Left-hand bat,Right-arm medium-fast
HG Kuhn,RHB,,T20I,45955,Heino Kuhn,Heino Gunther Kuhn,Wicketkeeper batter,Right-hand bat,
HG Munsey,LHB,Right-arm fast,T20I,671805,George Munsey,Henry George Munsey,Opening batter,Left-hand bat,Right-arm medium-fast
HH Dippenaar,RHB,Off Break,T20I,44708,Boeta Dippenaar,Hendrik Human Dippenaar,Opening batter,Right-hand bat,Right-arm offbreak
HJH Marshall,RHB,Right-arm fast,T20I,37696,Hamish Marshall,Hamish John Hamilton Marshall,Batter,Right-hand bat,Right-arm medium
HK Bennett,LHB,Right-arm fast,T20I,226493,Hamish Bennett,Hamish Kyle Bennett,Bowler,Left-hand bat,Right-arm medium-fast
HM Nicholls,LHB,,T20I,539511,Henry Nicholls,Henry Michael Nicholls,Top-order batter,Left-hand bat,Right-arm offbreak
HMCM Bandara,RHB,Leg Break,T20I,48284,Malinga Bandara,Herath Mudiyanselage Charitha Malinga Bandara,Bowler,Right-hand bat,Legbreak
HMRKB Herath,LHB,Slow left-arm orthodox,T20I,49178,Rangana Herath,Herath Mudiyanselage Rangana Keerthi Bandara Herath,Bowler,Left-hand bat,Slow left-arm orthodox
HN Ya France,RHB,Off Break,T20I,308410,Pikky Ya France,Helao Nafidi Ya France,Middle-order batter,Right-hand bat,Right-arm offbreak
HR Walsh,LHB,Leg Break,T20I,443263,Hayden Walsh,Hayden Rashidi Walsh,Bowler,Left-hand bat,Legbreak googly
HS Baidwan,RHB,Right-arm fast,T20I,355583,Harvir Baidwan,Harvir Singh Baidwan,Allrounder,Right-hand bat,Right-arm medium
HT Tector,RHB,Off Break,T20I,961407,Harry Tector,Harry Tom Tector,Middle-order batter,Right-hand bat,Right-arm offbreak
Hussain Talat,LHB,Right-arm fast,T20I,628240,Hussain Talat,Mohammad Hussain Talat,Allrounder,Left-hand bat,Right-arm medium-fast
I Kaia,RHB,Off Break,T20I,465327,Innocent Kaia,Innocent Kaia,Opening batter,Right-hand bat,Legbreak
I Wardlaw,RHB,Right-arm fast,T20I,509107,Iain Wardlaw,Iain Wardlaw,Bowler,Right-hand bat,Right-arm fast-medium
IA Karim,LHB,Slow left-arm orthodox,T20I,348016,Irfan Karim,Irfan Ali Karim,Middle-order batter,Left-hand bat,Right-arm offbreak
Ibrahim Zadran,RHB,Right-arm fast,T20I,921509,Ibrahim Zadran,Ibrahim Zadran,Opening batter,Right-hand bat,Right-arm medium-fast
IDR Bradshaw,LHB,Left-arm fast,T20I,51246,Ian Bradshaw,Ian David Russell Bradshaw,Bowler,Left-hand bat,Left-arm fast-medium
IE O'Brien,RHB,Right-arm fast,T20I,38108,Iain O'Brien,Iain Edward O'Brien,Bowler,Right-hand bat,Right-arm fast-medium
Iftikhar Ahmed,RHB,Off Break,T20I,480603,Iftikhar Ahmed,Iftikhar Ahmed,Middle-order batter,Right-hand bat,Right-arm offbreak
Iftikhar Anjum,RHB,Right-arm fast,T20I,40591,Rao Iftikhar,Rao Iftikhar Anjum,Bowler,Right-hand bat,Right-arm medium
IG Butler,RHB,Right-arm fast,T20I,36331,Ian Butler,Ian Gareth Butler,Bowler,Right-hand bat,Right-arm fast
Ihsanullah,RHB,,T20I,703323,Ihsanullah Janat,Ihsanullah Janat,Top-order batter,Right-hand bat,
Ihsanullah (2),RHB,Right-arm fast,T20I,1283740,Ihsanullah - PAK,Ihsanullah,Bowler,Right-hand bat,Right-arm fast
IJL Trott,RHB,Right-arm fast,T20I,47623,Jonathan Trott,Ian Jonathan Leonard Trott,Top-order batter,Right-hand bat,Right-arm medium
Imad Wasim,LHB,Slow left-arm orthodox,T20I,227758,Imad Wasim,Syed Imad Wasim,Allrounder,Left-hand bat,Slow left-arm orthodox
Imam-ul-Haq,LHB,,T20I,568276,Imam-ul-Haq,Imam-ul-Haq,Top-order batter,Left-hand bat,
Imran Farhat,LHB,Leg Break,T20I,40582,Imran Farhat,Imran Farhat,Top-order batter,Left-hand bat,Legbreak
Imran Haider,RHB,Leg Break,T20I,943275,Imran Haider,Imran Haider,Bowler,Right-hand bat,Legbreak
Imran Khan (1),RHB,Right-arm fast,T20I,783423,Imran Khan,Imran Khan,Bowler,Right-hand bat,Left-arm medium-fast
Imran Nazir,RHB,Leg Break,T20I,40563,Imran Nazir,Imran Nazir,Opening batter,Right-hand bat,Legbreak
Imrul Kayes,LHB,,T20I,280734,Imrul Kayes,Imrul Kayes,Opening batter,Left-hand bat,Slow left-arm orthodox
Inzamam-ul-Haq,RHB,,T20I,40570,Inzamam-ul-Haq,Inzamam-ul-Haq,Batter,Right-hand bat,Slow left-arm orthodox
IR Bell,RHB,Right-arm fast,T20I,9062,Ian Bell,Ian Ronald Bell,Top-order batter,Right-hand bat,Right-arm medium
Irfan Ahmed,RHB,Right-arm fast,T20I,208253,Irfan Ahmed,Irfan Ahmed,Allrounder,Right-hand bat,Right-arm fast-medium
Izatullah Dawlatzai,RHB,Right-arm fast,T20I,402247,Izatullah Dawlatzai,Izatullah Dawlatzai,Bowler,Right-hand bat,Right-arm fast-medium
J Charles,RHB,Slow left-arm orthodox,T20I,333066,Johnson Charles,Johnson Charles,Wicketkeeper batter,Right-hand bat,
J Lewis,RHB,Right-arm fast,T20I,16281,Jon Lewis,Jonathan Lewis,Bowler,Right-hand bat,Right-arm medium
J Little,RHB,Left-arm fast,T20I,928067,Josh Little,Joshua Brian Little,Bowler,Right-hand bat,Left-arm fast-medium
J Liyanage,RHB,Right-arm fast,T20I,681681,Janith Liyanage,Kongala Liyanage Janith Vimukthi,Batting allrounder,Right-hand bat,Right-arm fast-medium
J Louw,RHB,Right-arm fast,T20I,46075,Johann Louw,Johann Louw,Bowler,Right-hand bat,Right-arm medium-fast
J Mubarak,LHB,Off Break,T20I,49633,Jehan Mubarak,Jehan Mubarak,Allrounder,Left-hand bat,Right-arm offbreak
J Mulder,RHB,Leg Break,T20I,1005369,Jacob Mulder,Jacob Mulder,Bowler,Right-hand bat,Legbreak
J Nyumbu,RHB,Off Break,T20I,55666,John Nyumbu,John Nyumbu,Bowler,Right-hand bat,Right-arm offbreak
J Smits,RHB,,T20I,24952,Jeroen Smits,Jeroen Smits,Wicketkeeper batter,Right-hand bat,
JA Duffy,RHB,Right-arm fast,T20I,547766,Jacob Duffy,Jacob Andrew Duffy,Bowler,Right-hand bat,Right-arm fast-medium
JA Rudolph,LHB,Slow left-arm orthodox,T20I,47015,Jacques Rudolph,Jacobus Andries Rudolph,Top-order batter,Left-hand bat,Legbreak googly
JAH Marshall,RHB,Right-arm fast,T20I,37698,James Marshall,James Andrew Hamilton Marshall,Batter,Right-hand bat,Right-arm medium
Jahurul Islam,RHB,,T20I,55944,Jahurul Islam,Mohammad Jahurul Islam,Middle-order batter,Right-hand bat,Right-arm offbreak
Jaker Ali,RHB,,T20I,824541,Jaker Ali,Jaker Ali Anik,Batter,Right-hand bat,
JAR Blain,RHB,Right-arm fast,T20I,25087,John Blain,John Angus Rae Blain,Bowler,Right-hand bat,Right-arm fast-medium
Jatinder Singh,RHB,Off Break,T20I,307756,Jatinder Singh,Jatinder Singh,Batter,Right-hand bat,Right-arm offbreak
Javed Ahmadi,RHB,Off Break,T20I,308235,Javed Ahmadi,Mohammad Javed Ahmadi,Top-order batter,Right-hand bat,Right-arm offbreak
JC Tredwell,LHB,Off Break,T20I,21646,James Tredwell,James Cullum Tredwell,Allrounder,Left-hand bat,Right-arm offbreak
JD Campbell,LHB,Off Break,T20I,348026,John Campbell,John Dillon Campbell,Opening batter,Left-hand bat,Right-arm offbreak
JD Nel,RHB,Right-arm fast,T20I,25481,Dewald Nel,Johann Dewald Nel,Bowler,Right-hand bat,Right-arm medium-fast
JD Wildermuth,RHB,Right-arm fast,T20I,570854,Jack Wildermuth,Jack David Wildermuth,Allrounder,Right-hand bat,Right-arm medium-fast
JDF Vandersay,RHB,Leg Break,T20I,370040,Jeffrey Vandersay,Jeffrey Dexter Francis Vandersay,Bowler,Right-hand bat,Legbreak
JE Root,RHB,Off Break,T20I,303669,Joe Root,Joseph Edward Root,Top-order batter,Right-hand bat,Right-arm offbreak
JF Mooney,LHB,Right-arm fast,T20I,24237,John Mooney,John Francis Mooney,Allrounder,Left-hand bat,Right-arm medium
JH Davey,RHB,Right-arm fast,T20I,407265,Josh Davey,Joshua Henry Davey,Bowler,Right-hand bat,Right-arm medium-fast
JH Stander,RHB,Right-arm fast,T20I,298195,Jan Stander,Jan Hendrik Stander,Bowler,Right-hand bat,Right-arm medium-fast
JJ Atkinson,RHB,,T20I,292152,Jamie Atkinson,James John Atkinson,Wicketkeeper,Right-hand bat,
JJ Smit,RHB,Left-arm fast,T20I,553821,JJ Smit,Johannes Jonathan Smit,Bowling allrounder,Right-hand bat,Left-arm medium-fast
JK Kamande,RHB,Off Break,T20I,24697,Jimmy Kamande,James Kabatha Kamande,Bowler,Right-hand bat,Right-arm offbreak
JK Masara,RHB,Leg Break,T20I,722313,John Masara,John Kumbirai Masara,Bowler,Right-hand bat,Legbreak
JK Mukhiya,RHB,Right-arm fast,T20I,680279,Jitendra Mukhiya,Jitendra Kumar Mukhiya,Bowler,Right-hand bat,Right-arm medium-fast
JL Ontong,RHB,Off Break,T20I,46681,Justin Ontong,Justin Lee Ontong,Allrounder,Right-hand bat,Right-arm offbreak
JM Anderson,LHB,Right-arm fast,T20I,8608,James Anderson,James Michael Anderson,Bowler,Left-hand bat,Right-arm fast-medium
JM How,RHB,Right-arm fast,T20I,37265,Jamie How,Jamie Michael How,Top-order batter,Right-hand bat,Right-arm medium
JM Muirhead,RHB,Leg Break,T20I,533043,James Muirhead,James Matthew Muirhead,Bowler,Right-hand bat,Legbreak
JM Vince,RHB,Right-arm fast,T20I,296597,James Vince,James Michael Vince,Batter,Right-hand bat,Right-arm medium
JN Frylinck,LHB,Left-arm fast,T20I,482478,Jan Frylinck,Jan Nicolaas Frylinck,Allrounder,Left-hand bat,Left-arm fast-medium
JN Gillespie,RHB,Right-arm fast,T20I,5392,Jason Gillespie,Jason Neil Gillespie,Bowler,Right-hand bat,Right-arm fast
JN Loftie-Eaton,LHB,Right-arm fast,T20I,1071473,Jan Nicol Loftie-Eaton,Jan Nicol Loftie-Eaton,Batter,Left-hand bat,Right-arm medium
JN Malan,RHB,Leg Break,T20I,605680,Janneman Malan,Janneman Nieuwoudt Malan,Top-order batter,Right-hand bat,Legbreak
JN Mohammed,RHB,Off Break,T20I,230549,Jason Mohammed,Jason Nazimuddin Mohammed,Middle-order batter,Right-hand bat,Right-arm offbreak
JN Snape,RHB,Off Break,T20I,20278,Jeremy Snape,Jeremy Nicholas Snape,Bowler,Right-hand bat,Right-arm offbreak
JNK Shannon,RHB,Off Break,T20I,303437,James Shannon,James Norman Knight Shannon,Middle-order batter,Right-hand bat,Right-arm offbreak
JNT Vare,RHB,,T20I,25065,Jack Vare,Jack Nomani Tiki Vare,Wicketkeeper batter,Right-hand bat,
JP Bray,LHB,Left-arm fast,T20I,4433,Jeremy Bray,Jeremy Paul Bray,Unknown,Left-hand bat,
JP Inglis,RHB,,T20I,662235,Josh Inglis,Joshua Patrick Inglis,Wicketkeeper batter,Right-hand bat,
JRMVB Sanjaya,RHB,Right-arm fast,T20I,422092,Vikum Sanjaya,Jayasundara Ranasinghe Mudiyanselage Vikum Bandara Sanjaya,Bowler,Right-hand bat,Right-arm fast-medium
JS Foster,RHB,,T20I,12877,James Foster,James Savin Foster,Wicketkeeper batter,Right-hand bat,
JS Jesani,RHB,Off Break,T20I,309207,Jadavji Jesani,Jadhavji Shah Jesani,Bowler,Right-hand bat,Right-arm offbreak
JS Patel,RHB,Off Break,T20I,38141,Jeetan Patel,Jeetan Shashi Patel,Bowler,Right-hand bat,Right-arm offbreak
JT Ball,RHB,Right-arm fast,T20I,414990,Jacob Ball,Jacob Timothy Ball,Bowler,Right-hand bat,Right-arm fast-medium
JT Smuts,RHB,Slow left-arm orthodox,T20I,280490,JJ Smuts,Jon-Jon Trevor Smuts,Batting allrounder,Right-hand bat,Slow left-arm orthodox
Jubair Hossain,RHB,Leg Break,T20I,629066,Jubair Hossain,Jubair Hossain,Bowler,Right-hand bat,Legbreak
Junaid Khan,RHB,Left-arm fast,T20I,259551,Junaid Khan,Mohammad Junaid Khan,Bowler,Right-hand bat,Left-arm fast
Junaid Siddique,LHB,Off Break,T20I,55946,Junaid Siddique,Mohammad Junaid Siddique,Top-order batter,Left-hand bat,Right-arm offbreak
Junaid Siddique (2),RHB,Right-arm fast,T20I,1203754,Muhammad Junaid Siddique,Muhammad Junaid Siddique,Bowler,Right-hand bat,Right-arm medium-fast
Junaid Siddiqui,RHB,Leg Break,T20I,494847,Junaid Siddiqui,Junaid Siddiqui,Allrounder,Right-hand bat,Legbreak
JW Dernbach,RHB,Right-arm fast,T20I,12461,Jade Dernbach,Jade Winston Dernbach,Bowler,Right-hand bat,Right-arm fast-medium
JW Wilson,RHB,Right-arm fast,T20I,38751,Jeff Wilson,Jeffrey William Wilson,Unknown,Right-hand bat,Right-arm fast-medium
JWM Dalrymple,RHB,Off Break,T20I,11974,Jamie Dalrymple,James William Murray Dalrymple,Allrounder,Right-hand bat,Right-arm offbreak
K Bhurtel,RHB,Leg Break,T20I,794713,Kushal Bhurtel,Kushal Bhurtel,Opening batter,Right-hand bat,Legbreak Googly
K Birkenstock,LHB,Right-arm fast,T20I,1057456,Karl Birkenstock,Karl Johan Birkenstock,Middle-order batter,Left-hand bat,Right-arm fast-medium
K Doriga,RHB,,T20I,646173,Kiplin Doriga,Kiplin Doriga,Wicketkeeper batter,Right-hand bat,
K Mishara,LHB,Off Break,T20I,1075863,Kamil Mishara,Rajapaksha Vidana Pathiranalage Kamil Mishara,Opening batter,Left-hand bat,Right-arm offbreak
K Pierre,LHB,Slow left-arm orthodox,T20I,581160,Khary Pierre,Khary Pierre,Allrounder,Left-hand bat,Slow left-arm orthodox
K Sinclair,RHB,Off Break,T20I,1206110,Kevin Sinclair,Kevin Sinclair,Bowler,Right-hand bat,Right-arm offbreak
K Verreynne,RHB,Off Break,T20I,595004,Kyle Verreynne,Kyle Verreynne,Wicketkeeper batter,Right-hand bat,Right-arm offbreak
K Weeraratne,LHB,Right-arm fast,T20I,50860,Kaushalya Weeraratne,Kaushalya Weeraratne,Unknown,Left-hand bat,Right-arm medium-fast
K Zondo,RHB,Off Break,T20I,318842,Khayelihle Zondo,Khayelihle Zondo,Batter,Right-hand bat,Right-arm offbreak
KA Maharaj,RHB,Slow left-arm orthodox,T20I,267724,Keshav Maharaj,Keshav Athmanand Maharaj,Bowler,Right-hand bat,Slow left-arm orthodox
Kaleemullah,RHB,Right-arm fast,T20I,1077307,Kaleemullah,Kaleemullah,Bowler,Right-hand bat,Right-arm medium
Karan KC,RHB,Right-arm fast,T20I,800675,Karan Chhetri,Karan Khatri Chhetri,Allrounder,Right-hand bat,Right-arm fast
Karim Janat,RHB,Right-arm fast,T20I,793467,Karim Janat,Karim Janat,Bowling allrounder,Right-hand bat,Right-arm medium
Karim Sadiq,RHB,Off Break,T20I,319758,Karim Sadiq,Karim Sadiq Khan,Opening batter,Right-hand bat,Right-arm offbreak
Kashif Daud,RHB,Right-arm fast,T20I,229225,Kashif Daud,Kashif Daud,Bowling allrounder,Right-hand bat,Right-arm medium-fast
KD Mills,RHB,Right-arm fast,T20I,37740,Kyle Mills,Kyle David Mills,Bowler,Right-hand bat,Right-arm fast-medium
KD Petersen,RHB,Leg Break,T20I,485676,Keegan Petersen,Keegan Darryl Petersen,Top-order batter,Right-hand bat,Legbreak
KD Shah,LHB,Off Break,T20I,401537,Kinchit Shah,Kinchit Devang Shah,Wicketkeeper batter,Left-hand bat,Right-arm offbreak
KDK Vithanage,LHB,Leg Break,T20I,342616,Kithuruwan Vithanage,Kasun Disi Kithuruwan Vithanage,Middle-order batter,Left-hand bat,Legbreak
KH Prajapati,RHB,,T20I,1276719,Kashyap Prajapati,Kashyap Harishbhai Prajapati,Top-order batter,Right-hand bat,Right-arm offbreak
Khalid Latif,RHB,Off Break,T20I,41046,Khalid Latif,Khalid Latif,Top-order batter,Right-hand bat,Right-arm offbreak
Khalid Shah,LHB,,T20I,1141545,Khalid Shah,Khalid Shah,Opening batter,Left-hand bat,
Khawar Ali,RHB,Leg Break,T20I,585081,Khawar Ali,Khawar Ali,Opening batter,Right-hand bat,Legbreak
Khurram Manzoor,RHB,Off Break,T20I,41140,Khurram Manzoor,Khurram Manzoor,Opening batter,Right-hand bat,Right-arm offbreak
Khurram Nawaz,RHB,,T20I,1077309,Khurram Nawaz,Khurram Nawaz Khan,Middle-order batter,Right-hand bat,
Khushdil Shah,LHB,Slow left-arm orthodox,T20I,716733,Khushdil Shah,Khushdil Shah,Middle-order batter,Left-hand bat,Slow left-arm orthodox
KIC Asalanka,LHB,Off Break,T20I,784367,Charith Asalanka,Kariyawasam Indipalage Charith Asalanka,Batting allrounder,Left-hand bat,Right-arm offbreak
KJ Coetzer,RHB,Right-arm fast,T20I,25446,Kyle Coetzer,Kyle James Coetzer,Top-order batter,Right-hand bat,Right-arm medium-fast
KJ O'Brien,RHB,Right-arm fast,T20I,24605,Kevin O'Brien,Kevin Joseph O'Brien,Batting allrounder,Right-hand bat,Right-arm medium-fast
KM Dabengwa,LHB,Slow left-arm orthodox,T20I,55388,Keith Dabengwa,Keith Mbusi Dabengwa,Allrounder,Left-hand bat,Slow left-arm orthodox
KM Jarvis,RHB,Right-arm fast,T20I,332996,Kyle Jarvis,Kyle Malcolm Jarvis,Bowler,Right-hand bat,Right-arm fast-medium
KMC Bandara,LHB,Left-arm fast,T20I,362079,Chaminda Bandara,Konara Mudiyanselage Chaminda Bandara,Unknown,Left-hand bat,Left-arm medium-fast
KNA Bandara,RHB,Leg Break,T20I,958691,Ashen Bandara,Koralegedera Nadeeja Ashen Bandara,Middle-order batter,Right-hand bat,Legbreak
KO Meth,RHB,Right-arm fast,T20I,232443,Keegan Meth,Keegan Orry Meth,Allrounder,Right-hand bat,Right-arm medium-fast
KOA Powell,LHB,Right-arm fast,T20I,252932,Kieran Powell,Kieran Omar Akeem Powell,Opening batter,Left-hand bat,Right-arm medium
KOK Williams,RHB,Right-arm fast,T20I,450075,Kesrick Williams,Kesrick Omari Kenal Williams,Bowler,Right-hand bat,Right-arm fast-medium
KP Meiyappan,RHB,Leg Break,T20I,1058987,Karthik Meiyappan,Karthik Palaniapan Meiyappan,Bowler,Right-hand bat,Legbreak
KR Mayers,LHB,Right-arm fast,T20I,348056,Kyle Mayers,Kyle Rico Mayers,Batting allrounder,Left-hand bat,Right-arm medium
KS Lokuarachchi,RHB,Leg Break,T20I,49557,Kaushal Lokuarachchi,Kaushal Samaraweera Lokuarachchi,Bowling allrounder,Right-hand bat,Legbreak
KTGD Prasad,RHB,Right-arm fast,T20I,50163,Kariyawasam Prasad,Kariyawasam Tirana Gamage Dhammika Prasad,Bowler,Right-hand bat,Right-arm fast-medium
Kushal Malla,LHB,Slow left-arm orthodox,T20I,1141934,Kushal Malla,Kushal Malla,Batting allrounder,Left-hand bat,Slow left-arm orthodox
KV Morea,RHB,Left-arm fast,T20I,524255,Kabua Morea,Kabua Vagi Morea,Bowler,Right-hand bat,Left-arm medium
L Croospulle,RHB,Off Break,T20I,1027867,Lasith Croospulle,Dian Lasith Shenan Croospulle,Opening batter,Right-hand bat,Right-arm offbreak
L Gregory,RHB,Right-arm fast,T20I,362201,Lewis Gregory,Lewis Gregory,Allrounder,Right-hand bat,Right-arm medium-fast
L Nou,RHB,Right-arm fast,T20I,296184,Loa Nou,Loa Nou,Bowler,Right-hand bat,Right-arm fast-medium
L Siaka,RHB,Right-arm fast,T20I,440990,Lega Siaka,Lega Siaka,Opening batter,Right-hand bat,Right-arm fast-medium
L Sipamla,RHB,Right-arm fast,T20I,698143,Lutho Sipamla, Lubabalo Lutho Sipamla,Bowler,Right-hand bat,Right-arm fast-medium
L Tucker,RHB,,T20I,928057,Lorcan Tucker,Lorcan John Tucker,Wicketkeeper batter,Right-hand bat,
L Vincent,RHB,Right-arm fast,T20I,38714,Lou Vincent,Lou Vincent,Batter,Right-hand bat,Right-arm medium
L Wood,LHB,Left-arm fast,T20I,573170,Luke Wood,Luke Wood,Bowling allrounder,Left-hand bat,Left-arm fast-medium
LA Dawson,RHB,Slow left-arm orthodox,T20I,211855,Liam Dawson,Liam Andrew Dawson,Allrounder,Right-hand bat,Slow left-arm orthodox
LB Williams,LHB,Right-arm fast,T20I,379887,Lizaad Williams,Lizaad Buyron Williams,Bowler,Left-hand bat,Right-arm medium-fast
LD Chandimal,RHB,,T20I,300628,Dinesh Chandimal,Lokuge Dinesh Chandimal,Wicketkeeper batter,Right-hand bat,Right-arm offbreak
LD Madushanka,RHB,Right-arm fast,T20I,428366,Lahiru Madushanka,Lahiru Dilshan Madushanka,Allrounder,Right-hand bat,Right-arm fast-medium
LE Bosman,RHB,Right-arm fast,T20I,44098,Loots Bosman,Lungile Edgar Bosman,Opening batter,Right-hand bat,Right-arm medium
Liton Das,RHB,,T20I,536936,Litton Das,Litton Kumer Das,Wicketkeeper batter,Right-hand bat,
LJ Woodcock,LHB,Slow left-arm orthodox,T20I,38920,Luke Woodcock,Luke James Woodcock,Allrounder,Left-hand bat,Slow left-arm orthodox
LL Tsotsobe,RHB,Left-arm fast,T20I,47666,Lonwabo Tsotsobe,Lonwabo Lopsy Tsotsobe,Bowler,Right-hand bat,Left-arm fast-medium
LM Jongwe,RHB,Right-arm fast,T20I,541224,Luke Jongwe,Luke Mafuwa Jongwe,Bowler,Right-hand bat,Right-arm fast-medium
LN Onyango,RHB,Right-arm fast,T20I,24711,Lameck Onyango,Lameck Onyango Ngoche,Bowler,Right-hand bat,Right-arm medium
LS Baker,LHB,Right-arm fast,T20I,51431,Lionel Baker,Lionel Sionne Baker,Bowler,Left-hand bat,Right-arm medium-fast
LU Igalagamage,RHB,,T20I,704693,Lahiru Igalagamage,Lahiru Udara Igalagamage,Wicketkeeper batter,Right-hand bat,
LV van Beek,RHB,Right-arm fast,T20I,440522,Logan van Beek,Logan Verjus van Beek,Bowler,Right-hand bat,Right-arm medium-fast
M Ansari,RHB,Right-arm fast,T20I,631264,Munis Ansari,Munis S Ansari,Bowler,Right-hand bat,Right-arm fast-medium
M Bhanuka,LHB,,T20I,629075,Minod Bhanuka,Minod Bhanuka Ranasinghe,Top-order batter,Left-hand bat,
M Faraz Akram,LHB,Right-arm fast,T20I,1122851,Faraz Akram,Mohammad Faraz Akram,Allrounder,Left-hand bat,Right-arm medium
M Labuschagne,RHB,Leg Break,T20I,787987,Marnus Labuschagne,Marnus Labuschagne,Batting allrounder,Right-hand bat,Legbreak
M Mosehle,RHB,,T20I,327832,Mangaliso Mosehle,Mangaliso Mosehle,Wicketkeeper batter,Right-hand bat,
M Nasim Baras,LHB,Slow left-arm orthodox,T20I,543633,Nasim Baras,Mohammad Nasim Baras,Bowler,Left-hand bat,Slow left-arm orthodox
M Pushpakumara,LHB,Off Break,T20I,49868,Muthumudalige Pushpakumara,Muthumudalige Pushpakumara,Allrounder,Left-hand bat,Right-arm offbreak
M Shumba,LHB,Slow left-arm orthodox,T20I,951781,Milton Shumba,Milton Shumba,Top-order batter,Left-hand bat,Slow left-arm orthodox
M van Lingen,LHB,Left-arm fast,T20I,833777,Michael van Lingen,Michael van Lingen,Bowling allrounder,Left-hand bat,Left-arm medium
M Zondeki,RHB,Right-arm fast,T20I,48112,Monde Zondeki,Monde Zondeki,Unknown,Right-hand bat,Right-arm fast
MA Aponso,RHB,Slow left-arm orthodox,T20I,429748,Amila Aponso,Malmeege Amila Aponso,Bowler,Right-hand bat,Slow left-arm orthodox
MA Carberry,LHB,Off Break,T20I,10656,Michael Carberry,Michael Alexander Carberry,Opening batter,Left-hand bat,Right-arm offbreak
MA Jones,RHB,Off Break,T20I,1093091,Michael Jones,Michael Alexander Jones,Top-order batter,Right-hand bat,Right-arm offbreak
MA Leask,RHB,Off Break,T20I,414966,Michael Leask,Michael Alexander Leask,Allrounder,Right-hand bat,Right-arm offbreak
MA Ouma,RHB,,T20I,24750,Morris Ouma,Morris Amollo Ouma,Wicketkeeper batter,Right-hand bat,Right-arm offbreak
Mahedi Hasan,RHB,Off Break,T20I,833087,Mahedi Hasan,Mahedi Hasan,Allrounder,Right-hand bat,Right-arm offbreak
Mahmudul Hasan Joy,RHB,Right-arm fast,T20I,1161381,Mahmudul Hasan Joy,Mahmudul Hasan Joy,Top-order batter,Right-hand bat,Right-arm medium
Mahmudullah,RHB,Off Break,T20I,56025,Mahmudullah,Mohammad Mahmudullah,Allrounder,Right-hand bat,Right-arm offbreak
Mansoor Amjad,RHB,Leg Break,T20I,41963,Mansoor Amjad,Mansoor Amjad,Allrounder,Right-hand bat,Legbreak googly
MBS Jonkman,RHB,Right-arm fast,T20I,245397,Mark Jonkman,Mark Benjamin Sebastiaan Jonkman,Bowler,Right-hand bat,Right-arm fast
MC Bascombe,RHB,,T20I,252893,Miles Bascombe,Miles Cameron Bascombe,Batter,Right-hand bat,
MC Sorensen,RHB,Right-arm fast,T20I,531953,Max Sorensen,Max Christian Sorensen,Bowler,Right-hand bat,Right-arm fast-medium
MD Bates,RHB,Left-arm fast,T20I,36590,Michael Bates,Michael David Bates,Bowler,Right-hand bat,Left-arm medium-fast
MD Dai,RHB,Leg Break,T20I,25051,Mahuru Dai,Mahuru Douglas Dai,Allrounder,Right-hand bat,Right-arm medium
MD Gunathilaka,LHB,Off Break,T20I,345821,Danushka Gunathilaka,Mashtayage Danushka Gunathilaka,Allrounder,Left-hand bat,Right-arm offbreak
MD Shanaka,RHB,Right-arm fast,T20I,437316,Dasun Shanaka,Madagamagamage Dasun Shanaka,Allrounder,Right-hand bat,Right-arm medium
MDK Perera,RHB,Off Break,T20I,49920,Dilruwan Perera,Mahawaduge Dilruwan Kamalaneth Perera,Allrounder,Right-hand bat,Right-arm offbreak
ME Trescothick,LHB,Right-arm fast,T20I,21585,Marcus Trescothick,Marcus Edward Trescothick,Opening batter,Left-hand bat,Right-arm medium
Mehedi Hasan Miraz,RHB,Off Break,T20I,629063,Mehidy Hasan Miraz,Mehidy Hasan Miraz,Allrounder,Right-hand bat,Right-arm offbreak
Mehrab Hossain jnr,LHB,Slow left-arm chinaman,T20I,56031,Mehrab Hossain jnr,Mehrab Hossain jnr,Batter,Left-hand bat,Slow left-arm orthodox
Mehran Khan,RHB,Right-arm fast,T20I,888565,Mehran Khan,Mehran Khan,Batter,Right-hand bat,Right-arm medium-fast
MG Bracewell,LHB,Off Break,T20I,326968,Michael Bracewell,Michael Gordon Bracewell,Top-order batter,Left-hand bat,Right-arm offbreak
MG Erasmus,RHB,Off Break,T20I,519070,Gerhard Erasmus,Merwe Gerhard Erasmus,Allrounder,Right-hand bat,Right-arm offbreak
MH Cross,RHB,,T20I,417268,Matthew Cross,Matthew Henry Cross,Wicketkeeper batter,Right-hand bat,
MH Yardy,LHB,Left-arm fast,T20I,23523,Michael Yardy,Michael Howard Yardy,Allrounder,Left-hand bat,Slow left-arm orthodox
Mirwais Ashraf,RHB,Right-arm fast,T20I,387420,Mirwais Ashraf,Mirwais Ashraf,Bowler,Right-hand bat,Right-arm fast-medium
Mirza Baig,RHB,,T20I,1331512,Mirza Baig,Mirza Tahir Baig,Opening batter,Right-hand bat,
MJ Humphreys,RHB,Slow left-arm orthodox,T20I,1263361,Matthew Humphreys,Matthew James Humphreys,Bowler,Right-hand bat,Slow left-arm orthodox
MJ Leach,LHB,Slow left-arm orthodox,T20I,455524,Matthew Jack Leach,Matthew Jack Leach,Bowler,Left-hand bat,Slow left-arm orthodox
MJ Mason,RHB,Right-arm fast,T20I,37701,Michael Mason,Michael James Mason,Bowler,Right-hand bat,Right-arm fast-medium
MJ North,LHB,Off Break,T20I,6943,Marcus North,Marcus James North,Middle-order batter,Left-hand bat,Right-arm offbreak
MJ Prior,RHB,,T20I,18675,Matt Prior,Matthew James Prior,Wicketkeeper batter,Right-hand bat,
MJ Swepson,RHB,Leg Break,T20I,590326,Mitchell Swepson,Mitchell Joseph Swepson,Bowler,Right-hand bat,Legbreak
MJG Rippon,RHB,Slow left-arm orthodox,T20I,380956,Michael Rippon,Michael James Grattan Rippon,Allrounder,Right-hand bat,Left-arm wrist-spin
ML Lewis,RHB,Right-arm fast,T20I,6291,Michael Lewis,Michael Llewellyn Lewis,Bowler,Right-hand bat,Right-arm fast-medium
ML Udawatte,LHB,Off Break,T20I,50802,Mahela Udawatte,Mahela Lakmal Udawatte,Batter,Left-hand bat,Right-arm offbreak
MM Iqbal,RHB,Leg Break,T20I,25433,Moneeb Iqbal,Moneeb Mohammed Iqbal,Batter,Right-hand bat,Legbreak
MN Waller,RHB,Off Break,T20I,55872,Malcolm Waller,Malcolm Noel Waller,Batter,Right-hand bat,Right-arm offbreak
MNK Fernando,RHB,Off Break,T20I,1074333,Muthuthanthirige Fernando,Muthuthanthirige Nuwanidu Keshawa Fernando,Batter,Right-hand bat,Right-arm offbreak
Mohammad Amir,LHB,Left-arm fast,T20I,290948,Mohammad Amir,Mohammad Amir,Bowler,Left-hand bat,Left-arm fast-medium
Mohammad Ghazanfar,RHB,Leg Break,T20I,633428,Mohammad Ghazanfar,Mohammad Ghazanfar,Bowler,Right-hand bat,Legbreak
Mohammad Haris,RHB,Off Break,T20I,1205559,Mohammad Haris,Mohammad Haris,Middle-order batter,Right-hand bat,Right-arm offbreak
Mohammad Hasnain,RHB,Right-arm fast,T20I,1158100,Mohammad Hasnain,Mohammad Hasnain,Bowler,Right-hand bat,Right-arm fast
Mohammad Irfan,RHB,Left-arm fast,T20I,429981,Mohammad Irfan,Mohammad Irfan,Bowler,Right-hand bat,Left-arm fast
Mohammad Kashif,RHB,Off Break,T20I,243073,Mohammad Kashif,Mohammad Kashif,Bowler,Right-hand bat,Right-arm offbreak
Mohammad Mithun,RHB,,T20I,269237,Mohammad Mithun,Mohammad Mithun,Top-order batter,Right-hand bat,
Mohammad Nadeem,RHB,Right-arm fast,T20I,41984,Mohammad Nadeem,Mohammad Nadeem,Allrounder,Right-hand bat,Right-arm medium-fast
Mohammad Naim,LHB,,T20I,990081,Mohammad Naim,Mohammad Naim Sheikh,Opening batter,Left-hand bat,
Mohammad Naveed,RHB,Right-arm fast,T20I,533862,Mohammad Naveed,Mohammad Naveed,Bowler,Right-hand bat,Right-arm medium
Mohammad Nawaz,LHB,Slow left-arm orthodox,T20I,348148,Mohammad Nawaz,Mohammad Nawaz,Allrounder,Left-hand bat,Slow left-arm orthodox
Mohammad Rizwan,RHB,,T20I,323389,Mohammad Rizwan,Mohammad Rizwan,Wicketkeeper batter,Right-hand bat,
Mohammad Saifuddin,LHB,Right-arm fast,T20I,629070,Mohammad Saifuddin,Mohammad Saifuddin,Bowling allrounder,Left-hand bat,Right-arm medium-fast
Mohammad Saleem,RHB,Right-arm fast,T20I,1174749,Mohammad Saleem,Mohammad Saleem Safi,Bowler,Right-hand bat,Right-arm fast
Mohammad Salman,RHB,Leg Break,T20I,41481,Mohammad Salman,Mohammad Salman,Wicketkeeper batter,Right-hand bat,Legbreak
Mohammad Sami,RHB,Right-arm fast,T20I,41324,Mohammad Sami,Mohammad Sami,Bowler,Right-hand bat,Right-arm fast
Mohammad Shahid,RHB,Right-arm fast,T20I,537154,Mohammad Shahid,Mohammad Shahid,Bowler,Right-hand bat,Right-arm medium-fast
Mohammad Shahzad,RHB,,T20I,419873,Mohammad Shahzad,Mohammad Shahzad Mohammadi,Wicketkeeper batter,Right-hand bat,
Mohammad Shahzad (2),RHB,Right-arm fast,T20I,738445,Mohammad Shahzad,Mohammad Shahzad,Allrounder,Right-hand bat,Right-arm medium-fast
Mohammad Tauqir,RHB,Off Break,T20I,25601,Mohammad Tauqir,Mohammad Tauqir,Bowler,Right-hand bat,Right-arm offbreak
Mohammad Wasim,RHB,Leg Break,T20I,1185538,Mohammad Wasim,Mohammad Wasim,Allrounder,Right-hand bat,Right-arm fast-medium
Mohammad Yousuf,RHB,,T20I,43650,Mohammad Yousuf,Mohammad Yousuf,Batter,Right-hand bat,Right-arm offbreak
Mohammed Faraazuddin,RHB,Off Break,T20I,1161043,Mohammed Faraazuddin,Mohammed Faraazuddin,Allrounder,Right-hand bat,Right-arm offbreak
Mohammed Qasim,RHB,Leg Break,T20I,943281,Mohammed Qasim,Mohammed Qasim,Unknown,Right-hand bat,
Mominul Haque,LHB,Slow left-arm orthodox,T20I,373696,Mominul Haque,Mominul Haque,Middle-order batter,Left-hand bat,Slow left-arm orthodox
Mosaddek Hossain,RHB,Off Break,T20I,550133,Mosaddek Hossain,Mosaddek Hossain Saikat,Middle-order batter,Right-hand bat,Right-arm offbreak
MP Breetzke,RHB,,T20I,595267,Matthew Paul Breetzke,Matthew Breetzke,Wicketkeeper batter,Right-hand bat,
MP O'Dowd,RHB,Off Break,T20I,643197,Max O'Dowd,Maxwell Patrick O'Dowd,Opening batter,Right-hand bat,Right-arm offbreak
MP Vaughan,RHB,Off Break,T20I,22182,Michael Vaughan,Michael Paul Vaughan,Opening batter,Right-hand bat,Right-arm offbreak
MR Adair,RHB,Right-arm fast,T20I,526441,Mark Adair,Mark Richard Adair,Bowling allrounder,Right-hand bat,Right-arm fast-medium
MR Gillespie,RHB,Right-arm fast,T20I,37111,Mark Gillespie,Mark Raymond Gillespie,Bowler,Right-hand bat,Right-arm fast-medium
MR Swart,RHB,Off Break,T20I,308794,Michael Swart,Michael Richard Swart,Middle-order batter,Right-hand bat,Right-arm offbreak
Mrittunjoy Chowdhury,LHB,Left-arm fast,T20I,1012137,Mrittunjoy Chowdhury,Mohammad Mrittunjoy Chowdhury Nipun,Bowler,Left-hand bat,Left-arm medium-fast
MRJ Watt,LHB,Slow left-arm orthodox,T20I,659081,Mark Watt,Mark Robert James Watt,Bowler,Left-hand bat,Slow left-arm orthodox
MS Atapattu,RHB,Leg Break,T20I,48124,Marvan Atapattu,Marvan Samson Atapattu,Batter,Right-hand bat,Legbreak
MS Chapman,LHB,Slow left-arm orthodox,T20I,438563,Mark Chapman,Mark Sinclair Chapman,Allrounder,Left-hand bat,Slow left-arm orthodox
MS Crane,RHB,Leg Break,T20I,660889,Mason Crane,Mason Sidney Crane,Bowler,Right-hand bat,Legbreak
MS Kasprowicz,RHB,Right-arm fast,T20I,6126,Michael Kasprowicz,Michael Scott Kasprowicz,Bowler,Right-hand bat,Right-arm fast-medium
MS Panesar,LHB,Slow left-arm orthodox,T20I,18655,Monty Panesar,Mudhsuden Singh Panesar,Bowler,Left-hand bat,Slow left-arm orthodox
MS Sinclair,RHB,Right-arm fast,T20I,38393,Mathew Sinclair,Mathew Stuart Sinclair,Top-order batter,Right-hand bat,Right-arm medium
Mudassar Bukhari,RHB,Right-arm fast,T20I,245166,Mudassar Bukhari,Mudassar Bukhari,Allrounder,Right-hand bat,Right-arm medium-fast
Muhammad Amir,LHB,Slow left-arm orthodox,T20I,1021025,Muhammad Amir,Muhammad Amir Azim Abdul Shukor,Batter,Left-hand bat,Slow left-arm orthodox
Muhammad Jawadullah,LHB,Left-arm fast,T20I,1353033,Muhammad Jawadullah,Muhammad Jawadullah,Bowler,Left-hand bat,Left-arm fast-medium
Muhammad Kaleem,RHB,Right-arm fast,T20I,943295,Muhammad Kaleem,Muhammad Kaleem Burhan,Opening batter,Right-hand bat,Right-arm medium-fast
Muhammad Khan,RHB,,T20I,633421,Muhammad Khan,Muhammad Khan,Wicketkeeper batter,Right-hand bat,
Muhammad Musa,RHB,Right-arm fast,T20I,1072472,Muhammad Musa,Muhammad Musa Khan,Bowler,Right-hand bat,Right-arm fast-medium
Muhammad Usman,LHB,Off Break,T20I,974719,Muhammad Usman,Muhammad Usman,Middle-order batter,Left-hand bat,
Muhammed Shanil,RHB,Right-arm fast,T20I,1061514,Muhammed Shanil,Muhammed Shanil,Unknown,Right-hand bat,Right-arm medium
Mukhtar Ahmed,RHB,Leg Break,T20I,556916,Mukhtar Ahmed,Mukhtar Ahmed,Opening batter,Right-hand bat,Legbreak googly
Muktar Ali,RHB,Right-arm fast,T20I,269332,Muktar Ali,Muktar Ali,Allrounder,Right-hand bat,Right-arm medium-fast
Munim Shahriar,RHB,Right-arm fast,T20I,549950,Munim Shahriar,Munim Shahriar Jummon,Batter,Right-hand bat,Right-arm medium-fast
Munir Dar,RHB,Slow left-arm orthodox,T20I,220613,Munir Dar,Munir Ahmed Dar,Allrounder,Right-hand bat,Slow left-arm orthodox
Mushfiqur Rahim,RHB,,T20I,56029,Mushfiqur Rahim,Mohammad Mushfiqur Rahim,Wicketkeeper batter,Right-hand bat,
MVT Fernando,RHB,Left-arm fast,T20I,465783,Vishwa Fernando,Muthuthanthrige Vishwa Thilina Fernando,Bowler,Right-hand bat,Left-arm medium-fast
MW Machan,LHB,Off Break,T20I,297488,Matt Machan,Matthew William Machan,Top-order batter,Left-hand bat,Right-arm offbreak
MW Parkinson,RHB,Leg Break,T20I,653695,Matt Parkinson,Matthew William Parkinson,Bowler,Right-hand bat,Legbreak
N Boje,LHB,Slow left-arm orthodox,T20I,44091,Nico Boje,Nico Boje,Bowler,Left-hand bat,Slow left-arm orthodox
N Burger,LHB,Left-arm fast,T20I,971349,Nandre Burger,Nandre Burger,Bowler,Left-hand bat,Left-arm fast-medium
N Deonarine,LHB,Off Break,T20I,51659,Narsingh Deonarine,Narsingh Deonarine,Batter,Left-hand bat,Right-arm offbreak
N Dickwella,LHB,,T20I,429754,Niroshan Dickwella,Dickwella Patabendige Dilantha Niroshan Dickwella,Wicketkeeper batter,Left-hand bat,
N Madziva,RHB,Right-arm fast,T20I,453289,Neville Madziva,Neville Madziva,Allrounder,Right-hand bat,Right-arm medium-fast
N M'shangwe,RHB,Leg Break,T20I,392944,Natsai M'shangwe,Natsai M'shangwe,Bowler,Right-hand bat,Legbreak
N Pradeep,RHB,Right-arm fast,T20I,324358,Nuwan Pradeep,Aththachchi Nuwan Pradeep Roshan Fernando,Bowler,Right-hand bat,Right-arm fast-medium
N Thushara,RHB,Right-arm fast,T20I,955235,Nuwan Thushara,Ilandari Dewage Nuwan Thushara,Bowler,Right-hand bat,Right-arm medium-fast
N Vanua,RHB,Right-arm fast,T20I,524253,Norman Vanua,Norman Vanua,Bowler,Right-hand bat,Right-arm medium
N Vimukthi,LHB,Slow left-arm orthodox,T20I,1070154,Vimukthi Silva,Mandamarakkalage Nimesh Vimukthi Silva,Allrounder,Left-hand bat,Slow left-arm orthodox
NA Rock,LHB,,T20I,1112535,Neil Rock,Neil Alan Rock,Wicketkeeper batter,Left-hand bat,
Nadeem Ahmed,RHB,Leg Break,T20I,24230,Nadeem Ahmed,Nadeem Ahmed,Bowler,Right-hand bat,Slow left-arm orthodox
Nadif Chowdhury,RHB,Slow left-arm orthodox,T20I,56053,Nadif Chowdhury,Nadif Chowdhury,Batter,Right-hand bat,Slow left-arm orthodox
Naeem Islam,RHB,Off Break,T20I,56054,Naeem Islam,Mohammed Naeem Islam,Allrounder,Right-hand bat,Right-arm offbreak
Najeeb Tarakai,RHB,,T20I,533953,Najeeb Tarakai,Najeeb Tarakai,Opening batter,Right-hand bat,Right-arm offbreak
Najibullah Zadran,LHB,Off Break,T20I,524049,Najibullah Zadran,Najibullah Zadran,Middle-order batter,Left-hand bat,Right-arm offbreak
Naseem Khushi,RHB,,T20I,1077310,Naseem Khushi,Muhammad Naseem Khushi,Wicketkeeper,Right-hand bat,
Naseem Shah,RHB,Right-arm fast,T20I,1158088,Naseem Shah,Naseem Shah,Bowler,Right-hand bat,Right-arm fast
Nasir Hossain,RHB,Off Break,T20I,300618,Nasir Hossain,Mohammad Nasir Hossain,Allrounder,Right-hand bat,Right-arm offbreak
Nasir Jamshed,LHB,,T20I,42321,Nasir Jamshed,Nasir Jamshed,Opening batter,Left-hand bat,
Nasrulla Rana,RHB,Right-arm fast,T20I,1058924,Nasrulla Rana,Nasrulla Rana,Allrounder,Right-hand bat,Right-arm medium-fast
Nasum Ahmed,LHB,Slow left-arm orthodox,T20I,348049,Nasum Ahmed,Nasum Ahmed,Bowler,Left-hand bat,Slow left-arm orthodox
Nauman Anwar,RHB,Right-arm fast,T20I,788879,Nauman Anwar,Nauman Anwar,Opening batter,Right-hand bat,Right-arm medium-fast
Naved-ul-Hasan,RHB,Right-arm fast,T20I,42272,Naved-ul-Hasan,Rana Naved-ul-Hasan,Bowler,Right-hand bat,Right-arm medium-fast
Naveen-ul-Haq,RHB,Right-arm fast,T20I,793447,Naveen-ul-Haq,Naveen-ul-Haq Murid,Bowler,Right-hand bat,Right-arm medium-fast
Nawroz Mangal,RHB,Off Break,T20I,318334,Nawroz Mangal,Nawroz Khan Mangal,Top-order batter,Right-hand bat,Right-arm offbreak
Nazimuddin,RHB,Right-arm fast,T20I,56059,Nazimuddin,Mohammed Nazimuddin,Batter,Right-hand bat,Right-arm medium
Nazmul Hossain,RHB,Off Break,T20I,56056,Nazmul Hossain,Mohammad Nazmul Hossain,Bowler,Right-hand bat,Right-arm medium-fast
Nazmul Hossain Shanto,LHB,Right-arm fast,T20I,629058,Najmul Hossain Shanto,Najmul Hossain Shanto,Top-order batter,Left-hand bat,Right-arm offbreak
Nazmul Islam,LHB,Slow left-arm orthodox,T20I,446810,Nazmul Islam,Mohammad Nazmul Islam,Bowler,Left-hand bat,Slow left-arm orthodox
NB Budayair,RHB,Right-arm fast,T20I,437757,Naresh Budayair,Naresh Bahadur Budayair,Opening batter,Right-hand bat,Right-arm bowler
ND McKenzie,RHB,Right-arm fast,T20I,46208,Neil McKenzie,Neil Douglas McKenzie,Opening batter,Right-hand bat,Right-arm medium
NE Bonner,RHB,Leg Break,T20I,314650,Nkrumah Bonner,Nkrumah Eljego Bonner,Middle-order batter,Right-hand bat,Legbreak
NFI McCallum,RHB,,T20I,25430,Neil McCallum,Neil Francis Ian McCallum,Middle-order batter,Right-hand bat,
NG Jones,RHB,Right-arm fast,T20I,406308,Nigel Jones,Nigel Geoffrey Jones,Allrounder,Right-hand bat,Right-arm medium
Niaz Ali,LHB,Left-arm fast,T20I,351074,Niaz Ali,Niaz Ali,Middle-order batter,Left-hand bat,Left-arm medium-fast
Nijat Masood,RHB,Right-arm fast,T20I,913843,Nijat Masood,Nijat Masood,Bowler,Right-hand bat,Right-arm medium
Nilansh Keswani,LHB,Slow left-arm orthodox,T20I,1241280,Nilansh Keswani,Nilansh Keswani,Allrounder,Left-hand bat,Slow left-arm orthodox
Nizakat Khan,RHB,Leg Break,T20I,350629,Nizakat Khan,Nizakat Khan,Allrounder,Right-hand bat,Legbreak
NJ Astle,RHB,Right-arm fast,T20I,36185,Nathan Astle,Nathan John Astle,Opening batter,Right-hand bat,Right-arm medium
NJ O'Brien,LHB,,T20I,24289,Niall O'Brien,Niall John O'Brien,Wicketkeeper batter,Left-hand bat,
NJ Reardon,LHB,Right-arm fast,T20I,7529,Nathan Reardon,Nathan Jon Reardon,Middle-order batter,Left-hand bat,Right-arm medium
NM Carter,LHB,Left-arm fast,T20I,44493,Neil Carter,Neil Miller Carter,Allrounder,Left-hand bat,Left-arm medium-fast
NM Hauritz,RHB,Off Break,T20I,5593,Nathan Hauritz,Nathan Michael Hauritz,Bowler,Right-hand bat,Right-arm offbreak
NM Lyon,RHB,Off Break,T20I,272279,Nathan Lyon,Nathan Michael Lyon,Bowler,Right-hand bat,Right-arm offbreak
NM Odhiambo,RHB,Right-arm fast,T20I,308418,Nelson Odhiambo,Nelson Mandela Odhiambo,Bowler,Right-hand bat,Right-arm medium-fast
NN Odhiambo,RHB,Right-arm fast,T20I,238612,Nehemiah Odhiambo,Nehemiah Ngoche Odhiambo,Bowler,Right-hand bat,Right-arm medium-fast
NO Miller,RHB,Slow left-arm orthodox,T20I,52622,Nikita Miller,Nikita O'Brien Miller,Bowler,Right-hand bat,Slow left-arm orthodox
Noor Ahmad,RHB,Slow left-arm orthodox,T20I,1182529,Noor Ahmad,Noor Ahmad Lakanwal,Bowler,Right-hand bat,Left-arm wrist-spin
Noor Ali Zadran,RHB,Right-arm fast,T20I,318340,Noor Ali Zadran,Noor Ali Zadran,Opening batter,Right-hand bat,Right-arm medium-fast
NR Kumar,RHB,Off Break,T20I,348129,Nitish Kumar,Nitish Roenick Kumar,Top-order batter,Right-hand bat,Right-arm offbreak
NS Poonia,RHB,Right-arm fast,T20I,19276,Navdeep Poonia,Navdeep Singh Poonia,Batter,Right-hand bat,Right-arm medium-fast
NT Broom,RHB,Right-arm fast,T20I,36581,Neil Broom,Neil Trevor Broom,Middle-order batter,Right-hand bat,Right-arm medium
Nurul Hasan,RHB,,T20I,410765,Nurul Hasan,Quazi Nurul Hasan,Wicketkeeper batter,Right-hand bat,
NW Bracken,RHB,Left-arm fast,T20I,4185,Nathan Bracken,Nathan Wade Bracken,Bowler,Right-hand bat,Left-arm fast-medium
OE Robinson,RHB,Right-arm fast,T20I,527776,Oliver Robinson,Oliver Edward Robinson,Bowling allrounder,Right-hand bat,Right-arm medium-fast
OJ Hairs,LHB,Off Break,T20I,414973,Oliver Hairs,Oliver James Hairs,Opening batter,Left-hand bat,Right-arm offbreak
OJ Pope,RHB,,T20I,887207,Oliver Pope,Oliver John Douglas Pope,Middle-order batter,Right-hand bat,
Omair Yousuf,RHB,,T20I,1126059,Omair Yousuf,Omair Bin Yousuf,Batter,Right-hand bat,
OP Stone,RHB,Right-arm fast,T20I,457279,Oliver Stone,Oliver Peter Stone,Bowler,Right-hand bat,Right-arm fast
P Jayawickrama,RHB,Slow left-arm orthodox,T20I,1028665,Praveen Jayawickrama,Perumapperuma Arachchige Kaveesha Praveen Jayawickrama,Bowler,Right-hand bat,Slow left-arm orthodox
P Khadka,RHB,Right-arm fast,T20I,25967,Paras Khadka,Paras Khadka,Allrounder,Right-hand bat,Right-arm medium-fast
P Mustard,LHB,,T20I,17185,Phil Mustard,Philip Mustard,Wicketkeeper batter,Left-hand bat,Legbreak
P Nissanka,RHB,Right-arm fast,T20I,1028655,Pathum Nissanka,Pathum Nissanka Silva,Top-order batter,Right-hand bat,
P Utseya,RHB,Off Break,T20I,55820,Prosper Utseya,Prosper Utseya,Bowler,Right-hand bat,Right-arm offbreak
PA Hitchcock,RHB,Right-arm fast,T20I,37263,Paul Hitchcock,Paul Anthony Hitchcock,Unknown,Right-hand bat,Right-arm medium
PA Nixon,LHB,,T20I,18023,Paul Nixon,Paul Andrew Nixon,Top-order batter,Left-hand bat,
PA van Meekeren,RHB,Right-arm fast,T20I,348109,Paul van Meekeren,Paul Adriaan van Meekeren,Bowler,Right-hand bat,Right-arm fast-medium
PADLR Sandakan,RHB,Slow left-arm orthodox,T20I,429738,Lakshan Sandakan,Paththamperuma Arachchige Don Lakshan Rangika Sandakan,Bowler,Right-hand bat,Left-arm wrist-spin
Parvez Hossain Emon,LHB,,T20I,1139511,Parvez Hossain Emon,Mohammad Parvez Hossain Emon,Wicketkeeper batter,Left-hand bat,
Pavandeep Singh,RHB,Slow left-arm orthodox,T20I,633641,Pavandeep Singh,Pavandeep Singh Jagjit Singh,Bowler,Right-hand bat,Slow left-arm orthodox
PC Connell,RHB,Right-arm fast,T20I,303349,Peter Connell,Peter Christopher Connell,Bowler,Right-hand bat,Right-arm medium-fast
PC de Silva,LHB,Slow left-arm orthodox,T20I,345825,Chaturanga de Silva,Pinnaduwage Chaturanga de Silva,Allrounder,Left-hand bat,Slow left-arm orthodox
PD McGlashan,RHB,,T20I,37770,Peter McGlashan,Peter Donald McGlashan,Wicketkeeper batter,Right-hand bat,
PD Salt,RHB,,T20I,669365,Phil Salt,Philip Dean Salt,Top-order batter,Right-hand bat,Right-arm offbreak
PDRL Perera,LHB,Left-arm fast,T20I,49870,Panagodage Perera,Panagodage Don Ruchira Laksiri Perera,Bowler,Left-hand bat,Left-arm medium-fast
PG Fulton,RHB,Right-arm fast,T20I,37091,Peter Fulton,Peter Gordon Fulton,Top-order batter,Right-hand bat,Right-arm medium
PHKD Mendis,LHB,Slow left-arm orthodox,T20I,784373,Kamindu Mendis,Pasqual Handi Kamindu Dilanka Mendis,Allrounder,Left-hand bat,Right-arm offbreak
PJ Hughes,LHB,,T20I,272364,Phillip Hughes,Phillip Joel Hughes,Opening batter,Left-hand bat,
PJ Ingram,RHB,Off Break,T20I,38952,Peter Ingram,Peter John Ingram,Top-order batter,Right-hand bat,Right-arm offbreak
PJ Moor,RHB,,T20I,333000,Peter Moor,Peter Joseph Moor,Wicketkeeper batter,Right-hand bat,Right-arm offbreak
PJ Ongondo,RHB,Right-arm fast,T20I,24762,Peter Ongondo,Peter Jimmy Carter Ongondo,Bowler,Right-hand bat,Right-arm fast-medium
PJ van Biljon,RHB,Right-arm fast,T20I,266268,Pite van Biljon,Petrus Johannes van Biljon,Wicketkeeper batter,Right-hand bat,Right-arm medium
PKD Chase,RHB,Right-arm fast,T20I,524845,Peter Chase,Peter Karl David Chase,Bowler,Right-hand bat,Right-arm medium-fast
PL Mommsen,RHB,Off Break,T20I,461281,Preston Mommsen,Preston Luke Mommsen,Opening batter,Right-hand bat,Right-arm offbreak
PM Liyanagamage,RHB,Right-arm fast,T20I,826689,Pramod Liyanagamage,Pramod Madushan Liyanagamage,Bowler,Right-hand bat,Right-arm medium-fast
PM Nevill,RHB,,T20I,6973,Peter Nevill,Peter Michael Nevill,Wicketkeeper,Right-hand bat,
PM Seelaar,RHB,Slow left-arm orthodox,T20I,208657,Pieter Seelaar,Pieter Marinus Seelaar,Allrounder,Right-hand bat,Slow left-arm orthodox
PM Siddle,RHB,Right-arm fast,T20I,7898,Peter Siddle,Peter Matthew Siddle,Bowler,Right-hand bat,Right-arm fast-medium
PR Brown,RHB,Right-arm fast,T20I,891517,Pat Brown,Patrick Rhys Brown,Bowler,Right-hand bat,Right-arm fast-medium
PR Stirling,RHB,Off Break,T20I,303427,Paul Stirling,Paul Robert Stirling,Batting allrounder,Right-hand bat,Right-arm offbreak
PW Borren,RHB,Right-arm fast,T20I,36592,Peter Borren,Peter William Borren,Allrounder,Right-hand bat,Right-arm medium
PWA Mulder,RHB,Right-arm fast,T20I,698189,Wiaan Mulder,Pieter Willem Adriaan Mulder,Allrounder,Right-hand bat,Right-arm medium
Qadeer Ahmed,RHB,Right-arm fast,T20I,941959,Qadeer Ahmed,Qadeer Ahmed Khan,Bowler,Right-hand bat,Right-arm medium-fast
Qais Ahmad,RHB,Leg Break,T20I,914171,Qais Ahmad,Qais Ahmad Kamawal,Bowler,Right-hand bat,Legbreak
Qasim Akram,RHB,Off Break,T20I,1185475,Qasim Akram,Qasim Akram,Allrounder,Right-hand bat,Right-arm offbreak
R Frylinck,RHB,Right-arm fast,T20I,45204,Robert Frylinck,Robert Frylinck,Allrounder,Right-hand bat,Right-arm medium
R Gunasekera,LHB,Leg Break,T20I,307075,Ruvindu Gunasekera,Ruvindu Gunasekera,Top-order batter,Left-hand bat,Legbreak googly
R Klein,RHB,Right-arm fast,T20I,594996,Ryan Klein,Ryan Klein,Bowler,Right-hand bat,Right-arm medium-fast
R Mondol,RHB,Right-arm fast,T20I,1276980,Ripon Mondol,Ripon Mondol,Bowler,Right-hand bat,Right-arm medium
R Mutumbami,RHB,,T20I,235516,Richmond Mutumbami,Richmond Mutumbami,Wicketkeeper batter,Right-hand bat,Right-arm offbreak
R Ngarava,LHB,Left-arm fast,T20I,806241,Richard Ngarava,Richard Ngarava,Bowler,Left-hand bat,Left-arm fast-medium
R Ravindra,LHB,Slow left-arm orthodox,T20I,959767,Rachin Ravindra,Rachin Ravindra,Batting allrounder,Left-hand bat,Slow left-arm orthodox
R Telemachus,RHB,Right-arm fast,T20I,47539,Roger Telemachus,Roger Telemachus,Bowler,Right-hand bat,Right-arm fast-medium
R Trumpelmann,RHB,Left-arm fast,T20I,698317,Ruben Trumpelmann,Ruben Trumpelmann,Bowler,Right-hand bat,Left-arm fast
RA Bhatti,RHB,,T20I,307077,Rustam Bhatti,Rustam Ali Bhatti,Wicketkeeper batter,Right-hand bat,Right-arm offbreak
RA Reifer,LHB,Left-arm fast,T20I,450101,Raymon Reifer,Raymon Anton Reifer,Allrounder,Left-hand bat,Left-arm medium-fast
Raees Ahmadzai,RHB,Off Break,T20I,320284,Raees Ahmadzai,Raees Khan Ahmadzai,Middle-order batter,Right-hand bat,Right-arm offbreak
Rafatullah Mohmand,RHB,Slow left-arm orthodox,T20I,42439,Rafatullah Mohmand,Rafatullah Mohmand,Opening batter,Right-hand bat,Slow left-arm orthodox
Rahmanullah Gurbaz,RHB,,T20I,974087,Rahmanullah Gurbaz,Rahmanullah Gurbaz,Wicketkeeper batter,Right-hand bat,
Rahmat Shah,RHB,Leg Break,T20I,533956,Rahmat Shah,Rahmat Shah,Allrounder,Right-hand bat,Legbreak Googly
Rakibul Hasan,LHB,Slow left-arm orthodox,T20I,1012131,Rakibul Hasan,Rakibul Hasan,Bowler,Left-hand bat,Slow left-arm orthodox
Rameez Raja (2),RHB,Off Break,T20I,232489,Rameez Raja,Rameez Raja,Top-order batter,Right-hand bat,Right-arm offbreak
Rameez Shahzad,RHB,Off Break,T20I,220519,Rameez Shahzad,Rameez Shahzad,Top-order batter,Right-hand bat,Right-arm offbreak
Raqibul Hasan,RHB,Leg Break,T20I,56093,Raqibul Hasan,Mohammad Raqibul Hasan,Batter,Right-hand bat,Legbreak
RAS Lakmal,RHB,Right-arm fast,T20I,49619,Suranga Lakmal,Ranasinghe Arachchige Suranga Lakmal,Bowler,Right-hand bat,Right-arm fast-medium
Raza Hasan,RHB,Slow left-arm orthodox,T20I,343548,Raza Hasan,Raza Hasan,Bowler,Right-hand bat,Slow left-arm orthodox
RD Berrington,RHB,Right-arm fast,T20I,25490,Richie Berrington,Richard Douglas Berrington,Top-order batter,Right-hand bat,Right-arm medium-fast
RD Rickelton,LHB,,T20I,605661,Ryan Rickelton,Ryan David Rickelton,Wicketkeeper batter,Left-hand bat,
Rehan Ahmed,RHB,Leg Break,T20I,1263691,Rehan Ahmed,Rehan Ahmed,Bowling allrounder,Right-hand bat,Legbreak
RG Aga,RHB,Right-arm fast,T20I,24716,Ragheb Aga,Ragheb Gul Aga,Bowler,Right-hand bat,Right-arm medium-fast
Rishad Hossain,RHB,Leg Break,T20I,1139523,Rishad Hossain,Mohammad Rishad Hossain,Bowler,Right-hand bat,Legbreak
Rizwan Cheema,RHB,Right-arm fast,T20I,361952,Rizwan Cheema,Rizwan Ahmed Cheema,Top-order batter,Right-hand bat,Right-arm medium
RJ Campbell,RHB,Off Break,T20I,4527,Ryan Campbell,Ryan John Campbell,Wicketkeeper batter,Right-hand bat,Right-arm offbreak
RJ Gleeson,RHB,Right-arm fast,T20I,473191,Richard Gleeson,Richard James Gleeson,Bowler,Right-hand bat,Right-arm fast-medium
RJ Kirtley,RHB,Right-arm fast,T20I,15901,James Kirtley,Robert James Kirtley,Bowler,Right-hand bat,Right-arm fast-medium
RJ Nicol,RHB,Right-arm fast,T20I,38058,Rob Nicol,Robert James Nicol,Opening batter,Right-hand bat,Right-arm medium
RJ Ranpura,LHB,Right-arm fast,T20I,542344,Rajeshkumar Ranpura,Rajeshkumar Jagdishchandra Ranpura,Bowler,Left-hand bat,Right-arm fast-medium
RJ Sidebottom,LHB,Left-arm fast,T20I,20187,Ryan Sidebottom,Ryan Jay Sidebottom,Bowler,Left-hand bat,Left-arm fast-medium
RJMGM Rupasinghe,LHB,Leg Break,T20I,218430,Gihan Rupasinghe,Rupasinghe Jayawardene Mudiyanselage Gihan Madushanka Rupasinghe,Middle-order batter,Left-hand bat,Legbreak
RJW Topley,RHB,Left-arm fast,T20I,461632,Reece Topley,Reece James William Topley,Bowler,Right-hand bat,Left-arm fast-medium
RK Kleinveldt,RHB,Right-arm fast,T20I,45949,Rory Kleinveldt,Rory Keith Kleinveldt,Bowler,Right-hand bat,Right-arm fast-medium
RK Paudel,RHB,Off Break,T20I,1072488,Rohit Paudel,Rohit Kumar Paudel,Batting allrounder,Right-hand bat,Right-arm offbreak
RL Bhudia,RHB,Right-arm fast,T20I,24773,Rajesh Bhudia,Rajesh Lalji Bhudia,Bowler,Right-hand bat,Right-arm medium
RL Chase,RHB,Off Break,T20I,391832,Roston Chase,Roston Lamar Chase,Allrounder,Right-hand bat,Right-arm offbreak
RLB Rambukwella,LHB,Off Break,T20I,394871,Ramith Rambukwella,Ramith Laksen Bandara Rambukwella,Opening batter,Left-hand bat,Right-arm offbreak
RM Haq,LHB,Off Break,T20I,25451,Majid Haq,Rana Majid Haq Khan,Bowler,Left-hand bat,Right-arm offbreak
RM Hira,LHB,Slow left-arm orthodox,T20I,232356,Ronnie Hira,Roneel Magan Hira,Bowler,Left-hand bat,Slow left-arm orthodox
RM West,LHB,Left-arm fast,T20I,38759,Regan West,Regan Morris West,Bowler,Left-hand bat,Left-arm fast-medium
RML Taylor,LHB,Left-arm fast,T20I,353431,Rob Taylor,Robert Meadows Lombe Taylor,Allrounder,Left-hand bat,Left-arm medium
RMS Eranga,RHB,Right-arm fast,T20I,267414,Shaminda Eranga,Ranaweera Mudiyanselage Shaminda Eranga,Bowler,Right-hand bat,Right-arm fast-medium
RN Lewis,RHB,Leg Break,T20I,52343,Rawl Lewis,Rawl Nicholas Lewis,Allrounder,Right-hand bat,Legbreak googly
Robiul Islam,RHB,Right-arm fast,T20I,227455,Robiul Islam,SK Robiul Islam,Bowler,Right-hand bat,Right-arm fast-medium
Rohail Nazir,RHB,,T20I,1092313,Rohail Nazir,Rohail Nazir,Wicketkeeper batter,Right-hand bat,
Rohan Mustafa,LHB,Off Break,T20I,307808,Rohan Mustafa,Rohan Mustafa,Top-order batter,Left-hand bat,Right-arm offbreak
Rokhan Barakzai,LHB,Slow left-arm orthodox,T20I,793907,Rokhan Barakzai,Rokhan Barakzai,Bowler,Left-hand bat,Slow left-arm orthodox
Rony Talukdar,RHB,Right-arm fast,T20I,300617,Rony Talukdar,Rony Talukdar,Batter,Right-hand bat,Right-arm slow-medium
RP Arnold,LHB,Off Break,T20I,48122,Russel Arnold,Russel Premakumaran Arnold,Middle-order batter,Left-hand bat,Right-arm offbreak
RP Burl,LHB,Leg Break,T20I,495964,Ryan Burl,Ryan Ponsonby Burl,Middle-order batter,Left-hand bat,Legbreak
RR Emrit,RHB,Right-arm fast,T20I,51784,Rayad Emrit,Rayad Ryan Emrit,Bowling allrounder,Right-hand bat,Right-arm medium-fast
RR Hendricks,RHB,Off Break,T20I,269280,Reeza Hendricks,Reeza Raphael Hendricks,Opening batter,Right-hand bat,Right-arm offbreak
RR Patel,RHB,Off Break,T20I,267455,Rakep Patel,Rakep Rajendra Patel,Wicketkeeper batter,Right-hand bat,Right-arm offbreak
RR Watson,RHB,Off Break,T20I,25428,Ryan Watson,Ryan Robert Watson,Middle-order batter,Right-hand bat,Right-arm medium
RS Fernando,RHB,Off Break,T20I,1217156,Ravindu Suharshana Fernando,Ravindu Suharshana Fernando,Batting allrounder,Right-hand bat,Right-arm offbreak
RS Morton,RHB,Right-arm fast,T20I,52445,Runako Morton,Runako Shakur Morton,Batter,Right-hand bat,Right-arm medium
RTM Mendis,RHB,Off Break,T20I,629084,Ramesh Mendis,Wanigamuni Ramesh Tarinda Mendis,Allrounder,Right-hand bat,Right-arm offbreak
Rubel Hossain,RHB,Right-arm fast,T20I,300619,Rubel Hossain,Mohammad Rubel Hossain,Bowler,Right-hand bat,Right-arm fast
Rumman Raees,RHB,Left-arm fast,T20I,448243,Rumman Raees,Rumman Raees Khan,Bowler,Right-hand bat,Left-arm medium-fast
RW Chakabva,RHB,,T20I,293831,Regis Chakabva,Regis Wiriranai Chakabva,Wicketkeeper batter,Right-hand bat,Right-arm offbreak
RWT Key,RHB,Off Break,T20I,15876,Rob Key,Robert William Trevor Key,Top-order batter,Right-hand bat,Right-arm offbreak
S Bau,LHB,Right-arm fast,T20I,420427,Sese Bau,Sese Bau,Middle-order batter,Left-hand bat,Right-arm offbreak
S Daniel,LHB,Off Break,T20I,1194744,Shevon Daniel,Shevon Daniel,Top-order batter,Left-hand bat,Right-arm offbreak
S Jora,RHB,,T20I,1161022,Sundeep Jora,Sundeep Jora,Middle-order batter,Right-hand bat,
S Mahmood,RHB,Right-arm fast,T20I,643885,Saqib Mahmood,Saqib Mahmood,Bowler,Right-hand bat,Right-arm fast-medium
S Mathur,RHB,Right-arm fast,T20I,1278994,Shiv Mathur,Shiv Mathur,Batter,Right-hand bat,Right-arm medium
S Matsikenyeri,RHB,Off Break,T20I,55612,Stuart Matsikenyeri,Stuart Matsikenyeri,Middle-order batter,Right-hand bat,Right-arm offbreak
S Muniandy,RHB,Right-arm fast,T20I,633638,Sharvin Muniandy,Sharvin Muniandy,Bowler,Right-hand bat,Right-arm medium
S Prasanna,RHB,Leg Break,T20I,268740,Seekkuge Prasanna,Seekkuge Prasanna,Allrounder,Right-hand bat,Legbreak
S Samarawickrama,RHB,,T20I,629076,Sadeera Samarawickrama,Wedagedara Sadeera Rashen Samarawickrama,Wicketkeeper batter,Right-hand bat,
S Udawaththa,LHB,Leg Break,T20I,1414161,Samal Udawaththa,Samal Udawaththa,Middle-order batter,Left-hand bat,Legbreak
S Vesawkar,RHB,Off Break,T20I,25977,Sharad Vesawkar,Sharad Vesawkar,Middle-order batter,Right-hand bat,Right-arm offbreak
S Vijay Unni,RHB,Off Break,T20I,1090866,Vijay Unni,Vijay Unni Suresh Unni,Bowler,Right-hand bat,Right-arm offbreak
SA Edwards,RHB,,T20I,1127317,Scott Edwards,Scott Andrew Edwards,Wicketkeeper batter,Right-hand bat,
Saad Nasim,RHB,Leg Break,T20I,317248,Saad Nasim,Hafiz Saad Nasim,Allrounder,Right-hand bat,Legbreak
Sabbir Rahman,RHB,Leg Break,T20I,373538,Sabbir Rahman,Mohammad Sabbir Rahman,Middle-order batter,Right-hand bat,Legbreak
Sabir Ali,RHB,Left-arm fast,T20I,1328438,Sabir Ali,Sabir Ali,Bowler,Right-hand bat,Left-arm fast-medium
Saeed Ajmal,RHB,Off Break,T20I,42699,Saeed Ajmal,Saeed Ajmal,Bowler,Right-hand bat,Right-arm offbreak
Sagar Pun,RHB,Off Break,T20I,524095,Sagar Pun,Sagar Pun,Opening batter,Right-hand bat,Right-arm offbreak
Sahibzada Farhan,RHB,,T20I,647785,Sahibzada Farhan,Sahibzada Farhan,Middle-order batter,Right-hand bat,
Saif Hassan,RHB,Off Break,T20I,821749,Saif Hassan,Mohammad Saif Hassan,Top-order batter,Right-hand bat,Right-arm offbreak
Saim Ayub,LHB,Right-arm fast,T20I,1161031,Saim Ayub,Saim Ayub,Top-order batter,Left-hand bat,Right-arm medium-fast
Sajedul Islam,LHB,Left-arm fast,T20I,227454,Sajedul Islam,Sajedul Islam,Allrounder,Left-hand bat,Left-arm medium
Samiullah Shenwari,RHB,Leg Break,T20I,318339,Samiullah Shinwari,Samiullah Shinwari,Allrounder,Right-hand bat,Legbreak
Sandeep Goud,RHB,Right-arm fast,T20I,1174024,Sandeep Goud,Sandeep Goud,Allrounder,Right-hand bat,Right-arm medium
Saqlain Haider,LHB,,T20I,779973,Saqlain Haider,Saqlain Haider,Middle-order batter,Left-hand bat,
Saqlain Sajib,LHB,Slow left-arm orthodox,T20I,280737,Saqlain Sajib,Saqlain Sajib,Bowler,Left-hand bat,Slow left-arm orthodox
Sarfraz Ahmed,RHB,,T20I,227760,Sarfaraz Ahmed,Sarfaraz Ahmed,Wicketkeeper batter,Right-hand bat,Right-arm offbreak
Sayed Shirzad,RHB,Left-arm fast,T20I,524050,Sayed Shirzad,Sayed Ahmad Shirzad,Bowler,Right-hand bat,Left-arm medium
SC Getkate,RHB,Right-arm fast,T20I,303508,Shane Getkate,Shane Charles Getkate,Allrounder,Right-hand bat,Right-arm medium-fast
SC Meaker,RHB,Right-arm fast,T20I,297634,Stuart Meaker,Stuart Christopher Meaker,Bowler,Right-hand bat,Right-arm fast-medium
SC Williams,LHB,Right-arm fast,T20I,55870,Sean Williams,Sean Colin Williams,Middle-order batter,Left-hand bat,Slow left-arm orthodox
SCJ Broad,LHB,Right-arm fast,T20I,10617,Stuart Broad,Stuart Christopher John Broad,Bowler,Left-hand bat,Right-arm fast-medium
SD Hope,RHB,,T20I,581379,Shai Hope,Shai Diego Hope,Wicketkeeper batter,Right-hand bat,
SD Parry,RHB,Slow left-arm orthodox,T20I,215058,Stephen Parry,Stephen David Parry,Bowler,Right-hand bat,Slow left-arm orthodox
SE Findlay,LHB,Right-arm fast,T20I,51865,Shawn Findlay,Shawn Eli Findlay,Batter,Left-hand bat,Right-arm medium
Sediqullah Atal,LHB,,T20I,1161050,Sediqullah Atal,Sediqullah Atal,Opening batter,Left-hand bat,
SF Mire,RHB,Right-arm fast,T20I,290462,Solomon Mire,Solomon Farai Mire,Batter,Right-hand bat,Right-arm medium-fast
SG Borthwick,LHB,Leg Break,T20I,310519,Scott Borthwick,Scott George Borthwick,Batting allrounder,Left-hand bat,Legbreak
SH Johnson,LHB,Left-arm fast,T20I,1123718,Spencer Johnson,Spencer Henry Johnson,Bowler,Left-hand bat,Left-arm fast-medium
SHA Rance,RHB,Right-arm fast,T20I,395057,Seth Rance,Seth Hayden Arnold Rance,Bowler,Right-hand bat,Right-arm medium
Shabir Noori,RHB,Off Break,T20I,307653,Shabir Noori,Shabir Ahmad Noori,Top-order batter,Right-hand bat,Right-arm offbreak
Shadab Khan,RHB,Leg Break,T20I,922943,Shadab Khan,Shadab Khan,Allrounder,Right-hand bat,Legbreak
Shafiqullah,RHB,,T20I,362603,Shafiqullah,Shafiqullah Shafiq,Wicketkeeper batter,Right-hand bat,
Shafiul Islam,RHB,Right-arm fast,T20I,288305,Shafiul Islam,Shafiul Islam,Bowler,Right-hand bat,Right-arm fast-medium
Shahadat Hossain,RHB,Right-arm fast,T20I,56149,Shahadat Hossain,Kazi Shahadat Hossain,Bowler,Right-hand bat,Right-arm medium-fast
Shaheen Shah Afridi,LHB,Left-arm fast,T20I,1072470,Shaheen Shah Afridi,Shaheen Shah Afridi,Bowler,Left-hand bat,Left-arm fast
Shahidullah,LHB,Slow left-arm orthodox,T20I,633366,Shahidullah,Shahidullah Kamal,Batting allrounder,Left-hand bat,Slow left-arm orthodox
Shahnawaz Dhani,RHB,Right-arm fast,T20I,1203995,Shahnawaz Dahani,Shahnawaz Dahani,Bowler,Right-hand bat,Right-arm fast-medium
Shahzaib Hasan,RHB,,T20I,370846,Shahzaib Hasan,Mohammad Shahzaib Hasan Khan,Opening batter,Right-hand bat,Right-arm offbreak
Shaiman Anwar,RHB,Right-arm fast,T20I,43121,Shaiman Anwar,Shaiman Anwar Butt,Top-order batter,Right-hand bat,Legbreak googly
Shakeel Ansar,RHB,,T20I,42814,Shakeel Ansar,Shakeel Ansar,Wicketkeeper batter,Right-hand bat,
Shamim Hossain,LHB,Off Break,T20I,1161044,Shamim Hossain,Shamim Hossain Patwari,Allrounder,Left-hand bat,Right-arm offbreak
Shamsur Rahman,RHB,Off Break,T20I,56154,Shamsur Rahman,Mohammad Shamsur Rahman,Opening batter,Right-hand bat,
Shan Masood,LHB,Right-arm fast,T20I,233901,Shan Masood,Shan Masood Khan,Opening batter,Left-hand bat,Right-arm medium-fast
Shapoor Zadran,LHB,Left-arm fast,T20I,319746,Shapoor Zadran,Shapoor Zadran,Bowler,Left-hand bat,Left-arm fast-medium
Sharafuddin Ashraf,RHB,Leg Break,T20I,633362,Sharafuddin Ashraf,Sharafuddin Ashraf,Allrounder,Right-hand bat,Slow left-arm orthodox
Shariz Ahmad,LHB,Leg Break,T20I,1278252,Shariz Ahmad,Shariz Ahmad,Bowler,Left-hand bat,Legbreak
Sharjeel Khan,LHB,Leg Break,T20I,227762,Sharjeel Khan,Sharjeel Khan,Opening batter,Left-hand bat,Legbreak
Shoaib Khan jnr,LHB,Right-arm fast,T20I,42889,Shoaib Khan,Shoaib Khan,Opening batter,Left-hand bat,Right-arm medium-fast
Shohidul Islam,RHB,Right-arm fast,T20I,56125,Shohidul Islam,MD Shohidul Islam,Bowler,Right-hand bat,Right-arm medium
Shoriful Islam,LHB,Left-arm fast,T20I,990039,Shoriful Islam,Mohammad Shoriful Islam,Bowler,Left-hand bat,Left-arm medium-fast
SHT Kandamby,LHB,Leg Break,T20I,49363,Thilina Kandamby,Sahan Hewa Thilina Kandamby,Top-order batter,Left-hand bat,Legbreak
Shuvagata Hom,RHB,Off Break,T20I,402992,Shuvagata Hom,Shuvagata Hom Chowdhury,Batting allrounder,Right-hand bat,Right-arm offbreak
SI Mahmood,RHB,Right-arm fast,T20I,17944,Sajid Mahmood,Sajid Iqbal Mahmood,Bowler,Right-hand bat,Right-arm fast-medium
Sikandar Raza,RHB,Off Break,T20I,299572,Sikandar Raza,Sikandar Raza Butt,Batting allrounder,Right-hand bat,Right-arm offbreak
Simi Singh,RHB,Off Break,T20I,1005257,Simi Singh,Simi Singh,Bowling allrounder,Right-hand bat,Right-arm offbreak
SJ Baard,RHB,Right-arm fast,T20I,437927,Stephan Baard,Stephan Julian Baard,Batter,Right-hand bat,Right-arm medium-fast
SJ Benn,LHB,Slow left-arm orthodox,T20I,51248,Sulieman Benn,Sulieman Jamaal Benn,Bowler,Left-hand bat,Slow left-arm orthodox
SJ Erwee,LHB,Off Break,T20I,324260,Sarel Erwee,Sarel Johannes Erwee,Opening batter,Left-hand bat,Right-arm offbreak
SJ Harmison,RHB,Right-arm fast,T20I,14054,Stephen Harmison,Stephen James Harmison,Bowler,Right-hand bat,Right-arm fast-medium
SJ Myburgh,LHB,Off Break,T20I,233712,Stephan Myburgh,Stephanus Johannes Myburgh,Opening batter,Left-hand bat,Right-arm offbreak
SK Atai,LHB,Slow left-arm orthodox,T20I,1115033,Simon Atai,Simon Kwalahu Atai,Wicketkeeper batter,Left-hand bat,Slow left-arm orthodox
SM Davies,LHB,,T20I,12450,Steven Davies,Steven Michael Davies,Wicketkeeper,Left-hand bat,
SM Sharif,RHB,Right-arm fast,T20I,414970,Safyaan Sharif,Safyaan Mohammed Sharif,Bowler,Right-hand bat,Right-arm medium-fast
SM Sharma,RHB,Right-arm fast,T20I,1199670,Sanchit Sharma,Sanchit Mohan Sharma,Bowler,Right-hand bat,Right-arm medium
SMA Priyanjan,RHB,Off Break,T20I,233802,Ashan Priyanjan,Subasinghe Mudiyanselage Ashan Priyanjan,Allrounder,Right-hand bat,Right-arm offbreak
SMLD Samarakoon,LHB,Right-arm fast,T20I,924551,Samarakoon Samarakoon,Samarakoon Mudiyanselage Lahiru Dharshana Samarakoon,Allrounder,Left-hand bat,Right-arm fast-medium
SMLD Samarakoon,LHB,Right-arm fast,T20I,924551,Samarakoon,Samarakoon Mudiyanselage Lahiru Dharshana Samarakoon,Allrounder,Left-hand bat,Right-arm fast-medium
SNJ O'Keefe,RHB,Slow left-arm orthodox,T20I,7069,Steve O'Keefe,Stephen Norman John O'Keefe,Allrounder,Right-hand bat,Slow left-arm orthodox
SO Ngoche,RHB,Slow left-arm orthodox,T20I,308515,Shem Ngoche,Shem Obado Ngoche,Bowler,Right-hand bat,Slow left-arm orthodox
SO Tikolo,RHB,Right-arm fast,T20I,24728,Steve Tikolo,Stephen Ogonji Tikolo,Allrounder,Right-hand bat,Right-arm offbreak
Sohag Gazi,RHB,Off Break,T20I,444135,Sohag Gazi,Sohag Gazi,Bowler,Right-hand bat,Right-arm offbreak
Sohaib Maqsood,RHB,Off Break,T20I,43266,Sohaib Maqsood,Sohaib Maqsood,Middle-order batter,Right-hand bat,Right-arm offbreak
Sohail Khan,RHB,Right-arm fast,T20I,317252,Sohail Khan,Sohail Khan,Bowler,Right-hand bat,Right-arm fast-medium
Sompal Kami,RHB,Right-arm fast,T20I,701215,Sompal Kami,Sompal Kami,Bowling allrounder,Right-hand bat,Right-arm fast-medium
Soumya Sarkar,LHB,Right-arm fast,T20I,436677,Soumya Sarkar,Soumya Sarkar,Middle-order batter,Left-hand bat,Right-arm medium-fast
SP Gauchan,RHB,Slow left-arm orthodox,T20I,25964,Shakti Gauchan,Shakti Prasad Gauchan,Bowler,Right-hand bat,Slow left-arm orthodox
SP Khakurel,RHB,,T20I,446807,Subash Khakurel,Subash Prasad Khakurel,Wicketkeeper batter,Right-hand bat,
SP Patil,RHB,,T20I,447458,Swapnil Patil,Swapnil Prakash Patil,Wicketkeeper batter,Right-hand bat,
SR Clark,RHB,Right-arm fast,T20I,4582,Stuart Clark,Stuart Rupert Clark,Bowler,Right-hand bat,Right-arm fast-medium
SR Patel,RHB,Slow left-arm orthodox,T20I,18632,Samit Patel,Samit Rohit Patel,Allrounder,Right-hand bat,Slow left-arm orthodox
SR Thompson,LHB,Right-arm fast,T20I,414821,Stuart Thompson,Stuart Robert Thompson,Bowler,Left-hand bat,Right-arm medium-fast
SS McKechnie,RHB,,T20I,459752,Scott McKechnie,Scott Stephen McKechnie,Wicketkeeper batter,Right-hand bat,
SS Pathirana,LHB,Slow left-arm orthodox,T20I,212756,Sachith Pathirana,Sachith Shanaka Pathirana,Allrounder,Left-hand bat,Slow left-arm orthodox
SSB Magala,RHB,Right-arm fast,T20I,379776,Sisanda Magala,Sisanda Somila Bruce Magala,Bowler,Right-hand bat,Right-arm fast-medium
SSD Arachchige,LHB,Off Break,T20I,693975,Sahan Arachchige,Sahan Shashintha Diyamantha Arachchige,Batting allrounder,Left-hand bat,Right-arm offbreak
SSJ Brooks,RHB,Leg Break,T20I,230555,Shamarh Brooks,Shamarh Shaqad Joshua Brooks,Top-order batter,Right-hand bat,Legbreak
ST de Silva,LHB,Right-arm fast,T20I,807469,Thikshila de Silva,Sammu Nirwantha Thikshila de Silva,Allrounder,Left-hand bat,Right-arm fast-medium
ST Finn,RHB,Right-arm fast,T20I,210283,Steven Finn,Steven Thomas Finn,Bowler,Right-hand bat,Right-arm fast-medium
ST Gabriel,RHB,Right-arm fast,T20I,446101,Shannon Gabriel,Shannon Terry Gabriel,Bowler,Right-hand bat,Right-arm fast
Sufiyan Muqeem,LHB,Slow left-arm orthodox,T20I,1329697,Sufiyan Muqeem,Sufiyan Muqeem,,Left-hand bat,Left arm Wrist spin
Suhrawadi Shuvo,LHB,Slow left-arm orthodox,T20I,56138,Sohrawordi Shuvo,MD Sohrawordi Shuvo,Bowler,Left-hand bat,Slow left-arm orthodox
Sultan Ahmed,RHB,Slow left-arm orthodox,T20I,42876,Sultan Ahmed,Sultan Ahmed,Wicketkeeper batter,Right-hand bat,
Sumon Khan,LHB,Right-arm fast,T20I,1163490,Sumon Khan,Sumon Khan,Bowler,Left-hand bat,Right-arm medium
SW Masakadza,RHB,Right-arm fast,T20I,343529,Shingi Masakadza,Shingirai Winston Masakadza,Bowler,Right-hand bat,Right-arm fast-medium
SW Poynter,RHB,,T20I,308294,Stuart Poynter,Stuart William Poynter,Wicketkeeper batter,Right-hand bat,
Syazrul Idrus,RHB,Right-arm fast,T20I,402140,Syazrul Idrus,Syazrul Ezat Idrus,Bowler,Right-hand bat,Right-arm medium
Syed Aziz,LHB,Right-arm fast,T20I,868003,Syed Aziz,Syed Aziz Syed Mubarak,Batting allrounder,Left-hand bat,Right-arm medium
Syed Rasel,LHB,Left-arm fast,T20I,56160,Syed Rasel,Syed Rasel,Bowler,Left-hand bat,Left-arm medium-fast
T Bavuma,RHB,Right-arm fast,T20I,372116,Temba Bavuma,Temba Bavuma,Middle-order batter,Right-hand bat,Right-arm medium
T Kaitano,RHB,Off Break,T20I,493765,Takudzwanashe Kaitano,Takudzwanashe Kaitano,Opening batter,Right-hand bat,Right-arm offbreak
T Maruma,RHB,Leg Break,T20I,235524,Timycen Maruma,Timycen Hlahla Maruma,Top-order batter,Right-hand bat,Legbreak googly
T Marumani,LHB,Off Break,T20I,946507,Tadiwanashe Marumani,Tadiwanashe Marumani,Top-order batter,Left-hand bat,Right-arm offbreak
T Mishra,RHB,Right-arm fast,T20I,24790,Tanmay Mishra,Tanmay Mishra,Middle-order batter,Right-hand bat,Right-arm fast-medium
T Munyonga,RHB,Off Break,T20I,1122853,Tony Munyonga,Tony Tanaka Munyonga,Allrounder,Right-hand bat,Right-arm offbreak
T Mupariwa,RHB,Right-arm fast,T20I,55652,Tawanda Mupariwa,Tawanda Mupariwa,Bowler,Right-hand bat,Right-arm fast-medium
T Muzarabani,RHB,Right-arm fast,T20I,232444,Taurai Muzarabani,Taurai Muzarabani,Bowler,Right-hand bat,Right-arm fast-medium
T Panyangara,RHB,Right-arm fast,T20I,55705,Tinashe Panyangara,Tinashe Panyangara,Bowler,Right-hand bat,Right-arm fast-medium
T Sangha,RHB,Leg Break,T20I,1170471,Tanveer Sangha,Tanveer Sangha,Bowler,Right-hand bat,Legbreak
T Suri,RHB,,T20I,1411891,Tanish Suri,Tanish Suri,Wicketkeeper batter,Right-hand bat,
T van der Gugten,RHB,Right-arm fast,T20I,333782,Timm van der Gugten,Timm van der Gugten,Bowler,Right-hand bat,Right-arm fast-medium
TA Blundell,RHB,Off Break,T20I,440516,Tom Blundell,Thomas Ackland Blundell,Wicketkeeper batter,Right-hand bat,Right-arm offbreak
Taijul Islam,LHB,Slow left-arm orthodox,T20I,401057,Taijul Islam,Taijul Islam,Bowler,Left-hand bat,Slow left-arm orthodox
TAM Siriwardana,LHB,Slow left-arm orthodox,T20I,222354,Milinda Siriwardana,Tisse Appuhamilage Milinda Siriwardana,Allrounder,Left-hand bat,Slow left-arm orthodox
Tamim Iqbal,LHB,,T20I,56194,Tamim Iqbal,Tamim Iqbal Khan,Opening batter,Left-hand bat,
Tanveer Ahmed,RHB,Right-arm fast,T20I,919549,Tanveer Ahmed,Tanveer Ahmed,Bowler,Right-hand bat,Right-arm medium-fast
Tanvir Ahmed,RHB,Right-arm fast,T20I,43307,Tanvir Ahmed,Tanvir Ahmed,Bowler,Right-hand bat,Right-arm fast-medium
Tanvir Islam,LHB,Slow left-arm orthodox,T20I,932665,Tanvir Islam,Tanvir Islam,Bowler,Left-hand bat,Slow left-arm orthodox
Tanwir Afzal,RHB,Right-arm fast,T20I,260036,Tanwir Afzal,Tanwir Afzal,Allrounder,Right-hand bat,Right-arm fast-medium
Tanzim Hasan Sakib,RHB,Right-arm fast,T20I,1139520,Tanzim Hasan Sakib,Tanzim Hasan Sakib,Bowler,Right-hand bat,Right-arm medium
Taskin Ahmed,LHB,Right-arm fast,T20I,538506,Taskin Ahmed,Taskin Ahmed,Bowler,Left-hand bat,Right-arm fast
Tayyab Tahir,RHB,Leg Break,T20I,824159,Tayyab Tahir,Tayyab Tahir,Middle-order batter,Right-hand bat,Legbreak
TB de Bruyn,RHB,Right-arm fast,T20I,486672,Theunis de Bruyn,Theunis Booysen de Bruyn,Middle-order batter,Right-hand bat,Right-arm medium-fast
TC Bruce,RHB,Off Break,T20I,707113,Tom Bruce,Thomas Charles Bruce,Top-order batter,Right-hand bat,Right-arm offbreak
TD Astle,RHB,Leg Break,T20I,213674,Todd Astle,Todd Duncan Astle,Bowler,Right-hand bat,Legbreak
TE Kane,RHB,Right-arm fast,T20I,571707,Tyrone Kane,Tyrone Edward Kane,Bowler,Right-hand bat,Right-arm medium-fast
TG Gordon,LHB,Right-arm fast,T20I,208755,Tyson Gordon,Tyson George Gordon,Middle-order batter,Left-hand bat,Right-arm fast-medium
TGJ Gruijters,RHB,Right-arm fast,T20I,364300,Tim Gruijters,Timothy George Johannus Gruijters,Top-order batter,Right-hand bat,Right-arm medium
TJ Murtagh,LHB,Right-arm fast,T20I,17134,Tim Murtagh,Timothy James Murtagh,Bowler,Left-hand bat,Right-arm fast-medium
TJG Pringle,RHB,Slow left-arm orthodox,T20I,1193548,Tim Pringle,Timothy James Gerard Pringle,Allrounder,Right-hand bat,Slow left-arm orthodox
TK Musakanda,RHB,Right-arm fast,T20I,596375,Tarisai Musakanda,Tarisai Kenneth Musakanda,Top-order batter,Right-hand bat,Right-arm medium
TL Best,RHB,Right-arm fast,T20I,51436,Tino Best,Tino la Bertram Best,Bowler,Right-hand bat,Right-arm fast
TL Chatara,RHB,Right-arm fast,T20I,425639,Tendai Chatara,Tendai Larry Chatara,Bowler,Right-hand bat,Right-arm fast-medium
TL Chivanga,RHB,Right-arm fast,T20I,1059122,Tanaka Chivanga,Tanaka Lance Chivanga,Bowler,Right-hand bat,Right-arm fast
TLW Cooper,RHB,Off Break,T20I,219885,Tom Cooper,Tom Lexley William Cooper,Middle-order batter,Right-hand bat,Right-arm offbreak
TM Dowlin,RHB,Off Break,T20I,51660,Travis Dowlin,Travis Montague Dowlin,Batter,Right-hand bat,Right-arm offbreak
TM Odoyo,RHB,Right-arm fast,T20I,24705,Thomas Odoyo,Thomas Odoyo Migai,Bowling allrounder,Right-hand bat,Right-arm medium-fast
TN de Grooth,RHB,Off Break,T20I,25022,Tom de Grooth,Tom Nico de Grooth,Middle-order batter,Right-hand bat,Right-arm offbreak
Towhid Hridoy,RHB,Off Break,T20I,990031,Towhid Hridoy,Md Towhid Hridoy,Top-order batter,Right-hand bat,Right-arm offbreak
TP Ura,RHB,,T20I,302845,Tony Ura,Tony Pala Ura,Opening batter,Right-hand bat,
TS Chisoro,LHB,Left-arm fast,T20I,235519,Tendai Chisoro,Tendai Sam Chisoro,Bowler,Left-hand bat,Left-arm fast-medium
TS Kamunhukamwe,RHB,Off Break,T20I,713811,Tinashe Kamunhukamwe,Tinashe Stephen Kamunhukamwe,Opening batter,Right-hand bat,Right-arm offbreak
TT Bresnan,RHB,Right-arm fast,T20I,9310,Tim Bresnan,Timothy Thomas Bresnan,Allrounder,Right-hand bat,Right-arm medium-fast
TWM Latham,LHB,,T20I,388802,Tom Latham,Thomas William Maxwell Latham,Wicketkeeper batter,Left-hand bat,Right-arm medium
Umair Ali,RHB,Right-arm fast,T20I,888455,Umair Ali,Umair Ali Khan,Batter,Right-hand bat,
Umar Akmal,RHB,,T20I,317273,Umar Akmal,Umar Akmal,Middle-order batter,Right-hand bat,Right-arm offbreak
Umar Amin,LHB,Right-arm fast,T20I,288211,Umar Amin,Umar Amin,Top-order batter,Left-hand bat,Right-arm medium
Usama Mir,RHB,Leg Break,T20I,647667,Usama Mir,Usama Mir,Bowler,Right-hand bat,Legbreak
Usman Ghani,RHB,,T20I,711559,Usman Ghani,Usman Ghani,Opening batter,Right-hand bat,
Usman Mushtaq,RHB,Right-arm fast,T20I,43515,Usman Mushtaq,Usman Mushtaq,Middle-order batter,Right-hand bat,Right-arm medium-fast
Usman Qadir,LHB,Slow left-arm orthodox,T20I,348152,Usman Qadir,Usman Qadir,Bowler,Left-hand bat,Legbreak
Usman Shinwari,RHB,Left-arm fast,T20I,697279,Usman Shinwari,Usman Khan Shinwari,Bowler,Right-hand bat,Left-arm medium-fast
UWMBCA Welegedara,RHB,Left-arm fast,T20I,51019,Chanaka Welegedara,Uda Walawwe Mahim Bandaralage Chanaka Asanga Welegedara,Bowler,Right-hand bat,Left-arm fast-medium
V Aravind,RHB,,T20I,1178586,Vriitya Aravind,Vriitya Aravind,Wicketkeeper batter,Right-hand bat,
V Permaul,RHB,Slow left-arm orthodox,T20I,274921,Veerasammy Permaul,Veerasammy Permaul,Bowler,Right-hand bat,Slow left-arm orthodox
V Sibanda,RHB,Right-arm fast,T20I,55787,Vusi Sibanda,Vusimuzi Sibanda,Opening batter,Right-hand bat,Right-arm medium
V Viyaskanth,RHB,Leg Break,T20I,1153149,Vijayakanth Viyaskanth,Vijayakanth Viyaskanth,Bowler,Right-hand bat,Legbreak
VB van Jaarsveld,LHB,Right-arm fast,T20I,47846,Vaughn van Jaarsveld,Vaughn Bernard van Jaarsveld,Opening batter,Left-hand bat,Right-arm medium
VD Philander,RHB,Right-arm fast,T20I,46945,Vernon Philander,Vernon Darryl Philander,Allrounder,Right-hand bat,Right-arm fast-medium
Vikramjit Singh,LHB,Right-arm fast,T20I,1153767,Vikramjit Singh,Vikramjit Singh,Opening batter,Left-hand bat,Right-arm medium-fast
Virandeep Singh,RHB,Slow left-arm orthodox,T20I,633660,Virandeep Singh,Virandeep Singh Jagjit Singh,Wicketkeeper batter,Right-hand bat,Slow left-arm orthodox
VM Nyauchi,RHB,Right-arm fast,T20I,453277,Victor Nyauchi,Victor Munyaradzi Nyauchi,Bowler,Right-hand bat,Right-arm fast-medium
VS Solanki,RHB,Off Break,T20I,20286,Vikram Solanki,Vikram Singh Solanki,Middle-order batter,Right-hand bat,Right-arm offbreak
VV Morea,RHB,Right-arm fast,T20I,387435,Vani Morea,Vani Vagi Morea,Middle-order batter,Right-hand bat,Right-arm medium
W Barresi,RHB,,T20I,44407,Wesley Barresi,Wesley Barresi,Batter,Right-hand bat,Right-arm offbreak
W Madhevere,RHB,Off Break,T20I,938959,Wessley Madhevere,Wessley Nyasha Madhevere,Allrounder,Right-hand bat,Right-arm offbreak
WA Young,RHB,Off Break,T20I,547749,Will Young,William Alexander Young,Top-order batter,Right-hand bat,Right-arm offbreak
Wafadar Momand,RHB,Right-arm fast,T20I,973945,Wafadar Momand,Wafadar Momand,Bowler,Right-hand bat,Right-arm fast
Wahab Riaz,RHB,Left-arm fast,T20I,43590,Wahab Riaz,Wahab Riaz,Bowler,Right-hand bat,Left-arm fast
Waqas Barkat,RHB,Leg Break,T20I,350632,Waqas Barkat,Waqas Barkat,Wicketkeeper batter,Right-hand bat,Legbreak
Waqas Maqsood,LHB,Left-arm fast,T20I,533561,Waqas Maqsood,Waqas Maqsood,Bowler,Left-hand bat,Left-arm fast-medium
Waseem Muhammad,RHB,Right-arm fast,T20I,1241277,Muhammad Waseem,Muhammad Waseem,Opening batter,Right-hand bat,Right-arm fast
WB Rankin,LHB,Right-arm fast,T20I,24599,Boyd Rankin,William Boyd Rankin,Bowler,Left-hand bat,Right-arm fast-medium
WG Jacks,RHB,Off Break,T20I,897549,William Jacks,William George Jacks,Batter,Right-hand bat,Right-arm offbreak
WIA Fernando,RHB,Right-arm fast,T20I,784369,Avishka Fernando,Weerahandige Inol Avishka Fernando,Opening batter,Right-hand bat,Right-arm medium-fast
WJ Lubbe,LHB,Off Break,T20I,429886,Wihan Lubbe,Wihan Johannes Lubbe,Top-order batter,Left-hand bat,Right-arm offbreak
WK McCallan,RHB,Off Break,T20I,24251,Kyle McCallan,William Kyle McCallan,Allrounder,Right-hand bat,Right-arm offbreak
WKD Perkins,RHB,,T20I,230557,William Perkins,William Keith Donald Perkins,Wicketkeeper batter,Right-hand bat,
WP Masakadza,LHB,Slow left-arm orthodox,T20I,571703,Wellington Masakadza,Wellington Pedzisai Masakadza,Bowler,Left-hand bat,Slow left-arm orthodox
WT Gavera,RHB,Right-arm fast,T20I,302850,Willie Gavera,Willie Toua Gavera,Bowler,Right-hand bat,Right-arm fast
WTS Porterfield,LHB,Off Break,T20I,24611,William Porterfield,William Thomas Stuart Porterfield,Batter,Left-hand bat,Right-arm offbreak
WU Tharanga,LHB,,T20I,50747,Upul Tharanga,Warushavithana Upul Tharanga,Batter,Left-hand bat,
WW Hinds,LHB,Right-arm fast,T20I,52057,Wavell Hinds,Wavell Wayne Hinds,Batter,Left-hand bat,Right-arm medium
XJ Doherty,LHB,Slow left-arm orthodox,T20I,5017,Xavier Doherty,Xavier John Doherty,Bowler,Left-hand bat,Slow left-arm orthodox
XM Marshall,RHB,Off Break,T20I,52626,Xavier Marshall,Xavier Melbourne Marshall,Opening batter,Right-hand bat,Right-arm offbreak
Y Cariah,LHB,Leg Break,T20I,431902,Yannic Cariah,Yannic Cariah,Bowler,Left-hand bat,Legbreak
Yamin Ahmadzai,RHB,Right-arm fast,T20I,440968,Yamin Ahmadzai,Mohammad Yamin Ahmadzai,Bowler,Right-hand bat,Right-arm medium-fast
Yasim Murtaza,LHB,Slow left-arm orthodox,T20I,233904,Yasim Murtaza,Yasim Murtaza,Allrounder,Left-hand bat,Slow left-arm orthodox
Yasir Ali Chowdhury,RHB,Off Break,T20I,629059,Yasir Ali,Yasir Ali Chowdhury,Middle-order batter,Right-hand bat,Right-arm offbreak
Yasir Arafat,RHB,Right-arm fast,T20I,43654,Yasir Arafat,Yasir Arafat Satti,Allrounder,Right-hand bat,Right-arm fast-medium
Yasir Shah,RHB,Leg Break,T20I,43685,Yasir Shah,Yasir Shah,Bowler,Right-hand bat,Legbreak googly
Z Crawley,RHB,Off Break,T20I,665053,Zak Crawley,Zak Crawley,Top-order batter,Right-hand bat,Right-arm offbreak
Zahid Hussain,LHB,Slow left-arm orthodox,T20I,43726,Zahid Hussain,Zahid Hussain,Bowler,Left-hand bat,Slow left-arm orthodox
Zahid Mahmood,RHB,Leg Break,T20I,433614,Zahid Mahmood,Zahid Mahmood,Bowler,Right-hand bat,Legbreak
Zahir Khan,LHB,Slow left-arm orthodox,T20I,712219,Zahir Khan,Zahir Khan Pakteen,Bowler,Left-hand bat,Left arm Wrist spin
Zahoor Khan,RHB,Right-arm fast,T20I,384525,Zahoor Khan,Zahoor Khan,Bowler,Right-hand bat,Right-arm medium-fast
Zakir Hasan,LHB,,T20I,697059,Zakir Hasan,Mohammad Zakir Hasan,Wicketkeeper batter,Left-hand bat,
Zaman Khan,RHB,Right-arm fast,T20I,1272475,Zaman Khan,Zaman Khan,Bowler,Right-hand bat,Right-arm fast
Zamir Khan,LHB,Slow left-arm orthodox,T20I,542323,Zamir Khan,Zamir Khan,Bowler,Left-hand bat,Slow left-arm orthodox
Zawar Farid,RHB,Right-arm fast,T20I,1196500,Zawar Farid,Zawar Farid,Bowler,Right-hand bat,Right-arm medium
ZE Green,LHB,,T20I,596664,Zane Green,Zane Edward Green,Wicketkeeper batter,Left-hand bat,
Zeeshan Ali (2),RHB,,T20I,386302,Zeeshan Ali,Zeeshan Ali,Wicketkeeper batter,Right-hand bat,
Zeeshan Maqsood,LHB,Slow left-arm orthodox,T20I,585083,Zeeshan Maqsood,Zeeshan Maqsood,Opening batter,Left-hand bat,Slow left-arm orthodox
Zeeshan Siddiqui,RHB,Leg Break,T20I,318615,Zeeshan Siddiqui,Zeeshan Ahmed Siddiqui,Batter,Right-hand bat,Legbreak
Ziaur Rahman,RHB,Right-arm fast,T20I,56167,Ziaur Rahman,Ziaur Rahman,Allrounder,Right-hand bat,Right-arm fast-medium
Ziaur Rahman (2),RHB,Right-arm fast,T20I,56167,Ziaur Rahman,Ziaur Rahman,Allrounder,Right-hand bat,Right-arm fast-medium
Zubaid Akbari,LHB,Slow left-arm orthodox,T20I,1015437,Zubaid Akbari,Zubaid Akbari,Batting allrounder,Left-hand bat,Slow left-arm orthodox
Zubaidi Zulkifle,RHB,Right-arm fast,T20I,913847,Zubaidi Zulkifle,Ahmad Zubaidi Zulkifle,Batter,Right-hand bat,Right-arm medium
Zulfiqar Babar,RHB,Slow left-arm orthodox,T20I,43871,Zulfiqar Babar,Zulfiqar Babar,Bowler,Right-hand bat,Slow left-arm orthodox
Zulqarnain Haider,RHB,,T20I,43860,Zulqarnain Haider,Zulqarnain Haider,Wicketkeeper batter,Right-hand bat,
A Khaka,RHB,Right-arm fast,WT20,387261,Ayabonga Khaka,Ayabonga Khaka,Bowler,Right-hand bat,Right-arm medium
A King,RHB,Leg Break,WT20,944393,Alana King,Alana Maria King,Allrounder,Right-hand bat,Legbreak
A Reddy,RHB,Right-arm fast,WT20,960867,Arundhati Reddy,Arundhati Reddy,Bowler,Right-hand bat,Right-arm medium-fast
AA Patil,RHB,Off Break,WT20,578451,Anuja Patil,Anuja Arun Patil,Bowler,Right-hand bat,Right-arm offbreak
AC Jayangani,LHB,Off Break,WT20,318853,Chamari Athapaththu,Athapaththu Mudiyanselage Chamari Jayangani Kumai Athapaththu,Batting allrounder,Left-hand bat,Right-arm offbreak
AC Kerr,RHB,Leg Break,WT20,803971,Amelia Kerr,Amelia Charlotte Kerr,Allrounder,Right-hand bat,Legbreak
AJ Healy,RHB,,WT20,275486,Alyssa Healy,Alyssa Jean Healy,Wicketkeeper batter,Right-hand bat,
BL Mooney,LHB,,WT20,381258,Beth Mooney,Bethany Louise Mooney,Wicketkeeper batter,Left-hand bat,
BS Fulmali,RHB,Right-arm fast,WT20,961179,Bharti Fulmali,Bharti Shrikrushna Fulmali,Unknown,Right-hand bat,Right-arm medium-fast
D Hazell,RHB,Off Break,WT20,297079,Danielle Hazell,Danielle Hazell,Bowler,Right-hand bat,Right-arm offbreak
D Hemalatha,RHB,Off Break,WT20,961107,Dayalan Hemalatha,Dayalan Hemalatha,Top-order batter,Right-hand bat,Right-arm offbreak
DB Sharma,LHB,Off Break,WT20,597811,Deepti Sharma,Deepti Bhagwan Sharma,Allrounder,Left-hand bat,Right-arm offbreak
DJS Dottin,RHB,Right-arm fast,WT20,355349,Deandra Dottin,Deandra Jalisa Shakira Dottin,Allrounder,Right-hand bat,Right-arm fast-medium
DN Wyatt,RHB,,WT20,254168,Danni Wyatt,Danielle Nicole Wyatt,Top-order batter,Right-hand bat,Right-arm offbreak
DP Vaidya,LHB,Leg Break,WT20,709837,Devika Vaidya,Devika Purnendu Vaidya,Allrounder,Left-hand bat,Legbreak
E Bisht,LHB,Slow left-arm orthodox,WT20,442048,Ekta Bisht,Ekta Bisht,Bowler,Left-hand bat,Slow left-arm orthodox
EA Perry,RHB,Right-arm fast,WT20,275487,Ellyse Perry,Ellyse Alexandra Perry,Allrounder,Right-hand bat,Right-arm fast-medium
H Deol,RHB,Leg Break,WT20,960845,Harleen Deol,Harleen Deol,Middle-order batter,Right-hand bat,Legbreak googly
H Kaur,RHB,Off Break,WT20,372317,Harmanpreet Kaur,Harmanpreet Kaur Bhullar,Allrounder,Right-hand bat,Right-arm offbreak
HASD Siriwardene,RHB,Off Break,WT20,54850,Shashikala Siriwardene,Hettimulla Appuhamilage Shashikala Dedunu Siriwardene,Unknown,Right-hand bat,Right-arm offbreak
HK Matthews,RHB,Off Break,WT20,474308,Hayley Matthews,Hayley Kristen Matthews,Opening batter,Right-hand bat,Right-arm offbreak
J Goswami,RHB,Right-arm fast,WT20,53932,Jhulan Goswami,Jhulan Nishit Goswami,Bowler,Right-hand bat,Right-arm medium
Jahanara Alam,RHB,Right-arm fast,WT20,343649,Jahanara Alam,Jahanara Alam,Bowler,Right-hand bat,Right-arm medium
JI Rodrigues,RHB,,WT20,883405,Jemimah Rodrigues,Jemimah Ivan Rodrigues,Middle-order batter,Right-hand bat,Right-arm offbreak
KL Cross,RHB,Right-arm fast,WT20,297085,Kate Cross,Kathryn Laura Cross,Bowler,Right-hand bat,Right-arm medium-fast
Komal Zanzad,RHB,Left-arm fast,WT20,961195,Komal Zanzad,Komal Ravindra Zanzad,Unknown,Right-hand bat,Left-arm medium-fast
KP Navgire,RHB,,WT20,1289983,Kiran Prabhu Navgire,Kiran Prabhu Navgire,Unknown,Right-hand bat,
L Wolvaardt,RHB,,WT20,922481,Laura Wolvaardt,Laura Wolvaardt,Opening batter,Right-hand bat,
LM Kasperek,RHB,Off Break,WT20,306524,Leigh Kasperek,Leigh Meghan Kasperek,Bowler,Right-hand bat,Right-arm offbreak
LMM Tahuhu,RHB,Right-arm fast,WT20,380929,Lea Tahuhu,Lea-Marie Maureen Tahuhu,Bowler,Right-hand bat,Right-arm medium-fast
M Joshi,RHB,Right-arm fast,WT20,960815,Mansi Joshi,Mansi Joshi,Bowler,Right-hand bat,Right-arm medium-fast
M Raj,RHB,Leg Break,WT20,54273,Mithali Raj,Mithali Dorai Raj,Top-order batter,Right-hand bat,Legbreak
Manali Dakshini,RHB,Right-arm fast,WT20,799381,Manali Dakshini,Manali Kishor Dakshini,Unknown,Right-hand bat,Right-arm medium
MD Sonawane,RHB,Leg Break,WT20,1255518,Maya Sonawane,Maya Dattatray Sonawane,Bowler,Right-hand bat,Legbreak
Meghna Singh,RHB,Right-arm fast,WT20,709839,Meghna Singh,Meghna Singh,Bowler,Right-hand bat,Right-arm medium
ML Schutt,RHB,Right-arm fast,WT20,420314,Megan Schutt,Megan Schutt,Bowler,Right-hand bat,Right-arm fast-medium
MM Lanning,RHB,Right-arm fast,WT20,329336,Meg Lanning,Meghann Moira Lanning,Top-order batter,Right-hand bat,Right-arm medium
MR Meshram,RHB,Right-arm fast,WT20,490624,Mona Meshram,Mona Rajesh Meshram,Middle-order batter,Right-hand bat,Right-arm medium
N Chantam,RHB,Right-arm fast,WT20,486942,Natthakan Chantham,Natthakan Chantham,Batter,Right-hand bat,Right-arm medium-fast
NR Sciver,RHB,Right-arm fast,WT20,515905,Nat Sciver,Natalie Ruth Sciver,Allrounder,Right-hand bat,Right-arm medium
P Vastrakar,RHB,Right-arm fast,WT20,883413,Pooja Vastrakar,Pooja Vastrakar,Bowler,Right-hand bat,Right-arm medium
Poonam Yadav,RHB,Leg Break,WT20,630972,Poonam Yadav,Poonam Yadav,Bowler,Right-hand bat,Legbreak googly
PS Punia,RHB,Right-arm fast,WT20,883391,Priya Punia,Priya Surender Punia,Top-order batter,Right-hand bat,Right-arm medium
R Kanojiya,RHB,Slow left-arm orthodox,WT20,1213233,Rashi Kanojiya,Rashi Kanojiya,Bowler,Right-hand bat,Slow left-arm orthodox
Renuka Singh,RHB,Right-arm fast,WT20,960853,Renuka Singh,Renuka Singh Thakur,Bowler,Right-hand bat,Right-arm medium-fast
RM Ghosh,RHB,Right-arm fast,WT20,1212830,Richa Ghosh,Richa Manabendra Ghosh,Wicketkeeper batter,Right-hand bat,Right-arm medium
RP Yadav,RHB,Slow left-arm orthodox,WT20,960737,Radha Yadav,Radha Prakash Yadav,Bowler,Right-hand bat,Slow left-arm orthodox
RS Gayakwad,RHB,Slow left-arm orthodox,WT20,709635,Rajeshwari Gayakwad,Rajeshwari Shivanand Gayakwad,Bowler,Right-hand bat,Slow left-arm orthodox
S Ecclestone,RHB,Slow left-arm orthodox,WT20,878039,Sophie Ecclestone,Sophie Ecclestone,Bowler,Right-hand bat,Slow left-arm orthodox
S Luus,RHB,Leg Break,WT20,487007,Sune Luus,Sune Luus,Allrounder,Right-hand bat,Legbreak
S Mandhana,LHB,,WT20,597806,Smriti Mandhana,Smriti Shriniwas Mandhana,Opening batter,Left-hand bat,Right-arm offbreak
S Meghana,RHB,Right-arm fast,WT20,556529,Sabbhineni Meghana,Sabbhineni Meghana,Opening batter,Right-hand bat,Right-arm medium
S Pandey,RHB,Right-arm fast,WT20,442145,Shikha Pandey,Shikha Subas Pandey,Allrounder,Right-hand bat,Right-arm medium
S Verma,RHB,,WT20,597821,Sushma Verma,Sushma Verma Devi,Unknown,Right-hand bat,
Salma Khatun,RHB,Off Break,WT20,301603,Salma Khatun,Salma Khatun,Allrounder,Right-hand bat,Right-arm offbreak
SC Selman,RHB,Right-arm fast,WT20,355356,Shakera Selman,Shakera Casandra Selman,Bowler,Right-hand bat,Right-arm medium
SD Bahadur,LHB,Right-arm fast,WT20,1204925,Simran Bahadur,Simran Dil Bahadur,Bowling allrounder,Left-hand bat,Right-arm medium
SD Pradhan,RHB,Off Break,WT20,602513,Sushree Dibyadarshini,Sushree Dibyadarshini Pradhan,Unknown,Right-hand bat,Right-arm offbreak
SFM Devine,RHB,Right-arm fast,WT20,231740,Sophie Devine,Sophie Frances Monique Devine,Batting allrounder,Right-hand bat,Right-arm medium
Shafali Verma,RHB,,WT20,1182523,Shafali Verma,Shafali Verma,Opening batter,Right-hand bat,Right-arm offbreak
Sharmin Akhter,RHB,,WT20,535868,Sharmin Akhter,Sharmin Akhter Supta,Opening batter,Right-hand bat,
SIR Dunkley,RHB,Leg Break,WT20,885815,Sophia Dunkley,Sophia Ivy Rose Dunkley,Batting allrounder,Right-hand bat,Legbreak
Sneh Rana,RHB,Off Break,WT20,556537,Sneh Rana,Sneh Rana,Bowling allrounder,Right-hand bat,Right-arm offbreak
SR Taylor,RHB,Off Break,WT20,355359,Stafanie Taylor,Stafanie Roxann Taylor,Allrounder,Right-hand bat,Right-arm offbreak
SW Bates,RHB,Right-arm fast,WT20,54565,Suzie Bates,Suzannah Wilson Bates,Allrounder,Right-hand bat,Right-arm medium
T Bhatia,RHB,,WT20,883423,Taniya Bhatia,Taniya Bhatia,Wicketkeeper batter,Right-hand bat,
V Chandu,RHB,Off Break,WT20,960923,Venkateshappa Chandu,Venkateshappa Chandu,Bowler,Right-hand bat,Right-arm offbreak
V Krishnamurthy,RHB,Leg Break,WT20,442205,Veda Krishnamurthy,Veda Krishnamurthy,Middle-order batter,Right-hand bat,Legbreak
YH Bhatia,LHB,,WT20,960715,Yastika Bhatia,Yastika Harish Bhatia,Middle-order batter,Left-hand bat,Slow left-arm orthodox
A Kamboj,RHB,Right-arm fast,IPL,1175428,Anshul Kamboj,Anshul Kamboj,Allrounder,Right-hand bat,Right-arm medium
Arshad Khan,LHB,Left-arm fast,IPL,1244751,Mohd Arshad Khan,Arshad Khan,Bowler,Left-hand bat,Left arm Medium
KT Maphaka,LHB,Left-arm fast,IPL,1294342,Kwena Tshegofatso Maphaka,Kwena Maphaka,Bowler,Left-hand bat,Left arm Medium
M Siddharth,RHB,Slow left-arm orthodox,IPL,1151286,Manimaran Siddharth,Manimaran Siddharth,Bowler,Right-hand bat,Slow Left arm Orthodox
MJ Suthar,LHB,Slow left-arm orthodox,IPL,1175426,Manav Jagdusakumar Suthar,Manav  Suthar,Bowling allrounder,Left-hand bat,Slow Left arm Orthodox
MP Yadav,RHB,Right-arm fast,IPL,1292563,Mayank Prabhu Yadav,Mayank Yadav,Bowler,Right-hand bat,Right-arm fast
Naman Dhir,RHB,Off Break,IPL,1287032,Naman Dhir,Naman Dhir,Top-order batter,Right-hand bat,Right-arm offbreak
S Joseph,LHB,Right-arm fast,IPL,1356971,Shamar Joseph,Shamar Joseph,Bowler,Left-hand bat,Right-arm fast
Sumit Kumar,RHB,Right-arm fast,IPL,1159734,Sumit Kumar,Sumit Kumar,Allrounder,Right-hand bat,Right-arm medium-fast
V Kaverappa,RHB,Right-arm fast,IPL,1155262,Vidwath Kaverappa,Vidwath Kaverappa,Bowler,Right-hand bat,Right-arm fast-medium
Sameer Rizvi,RHB,Off Break,IPL,1175489,Sameer Rizvi,Sameer Rizvi,Batter,Right-hand bat,Right-arm offbreak
SB Dubey,LHB,Off Break,IPL,1252585,Shubham Badriprasad Dubey,Shubham Dubey,Middle-order batter,Left-hand bat,Right-arm offbreak
A Raghuvanshi,RHB,Slow left-arm orthodox,IPL,1292495,Angkrish Raghuvanshi,Angkrish Raghuvanshi,Top-order batter,Right-hand bat,Slow left-arm orthodox
Ashutosh Sharma,RHB,,IPL,1131978,Ashutosh Sharma,Ashutosh Sharma,Batting allrounder,Right-hand bat,
Saurav Chauhan,LHB,Off Break,IPL,1287369,Saurav Chauhan,Saurav Chauhan,Top-order batter,Left-hand bat,Right-arm offbreak
J Fraser-McGurk,RHB,Leg Break,IPL,1168049,Jake Fraser-McGurk,Jake Fraser-McGurk,Batter,Right-hand bat,Legbreak
Tanush Kotian,RHB,Off Break,IPL,1125960,Tanush Karunakar Kotian,Tanush Kotian,Bowling allrounder,Right-hand bat,Right-arm offbreak
T Kohler-Cadmore,RHB,Off Break,IPL,470633,Tom Kohler-Cadmore,Tom Kohler-Cadmore,Wicketkeeper batter,Right-hand bat,Right-arm offbreak
BR Sharath,RHB,,IPL,917231,Belur Ravi Sharath,Belur Ravi Sharath,Wicketkeeper batter,,
Kumar Kushagra,RHB,,IPL,1207295,Kumar Kushagra,Kumar Kushagra,Wicketkeeper batter,,
AA Kulkarni,RHB,Right-arm fast,IPL,1403153,Arshin Atul Kulkarni,Arshin Kulkarni,Allrounder,Right-hand bat,Right-arm medium
Shivam Singh,RHB,Off Break,IPL,1380113,Shivam Singh,Shivam Singh,Allrounder,Right-hand bat,Right-arm offbreak
JA Clarkson,RHB,Right-arm fast,T20I,928015,Joshua Andrew Clarkson,Joshua Clarkson,Batting allrounder,Right-hand bat,Right-arm medium
Mohammad Ishaq,RHB,,T20I,1076579,Mohammad Ishaq,Mohammad Ishaq Shirzad,Wicketkeeper batter,,
Ijaz Ahmad Ahmadzai,RHB,Right-arm fast,T20I,1276922,Ijaz Ahmad Ahmadzai,Ijaz Ahmad Ahmadzai,Allrounder,Right-hand bat,Right-arm medium
Nangeyalia Kharote,LHB,Slow left-arm orthodox,T20I,1199434,Nangeyalia Kharote,Nangeyalia Kharote,Allrounder,Left-hand bat,Slow Left arm Orthodox
M Joseph,RHB,,T20I,1407142,Maahir Joseph,Maahir Joseph,Top-order batter,Right-hand bat,
H Pieterse,LHB,Right-arm fast,T20I,1192197,Heinrigh Pieterse,Heinrigh Pieterse,Allrounder,Left-hand bat,Right-arm medium
G Van Heerden,RHB,Right-arm fast,T20I,946177,George Van Heerden,George Van Heerden,Top-order batter,Right-hand bat,Right-arm medium
L Botha,RHB,Right-arm fast,T20I,1255246,Lehan Botha,Lehan Botha,,Right-hand bat,Right-arm medium
R Baaleri,RHB,Off Break,T20I,1155516,Richmond Baaleri,Richmond Baaleri,Allrounder,Right-hand bat,Right-arm offbreak
JK Vifah,RHB,Right-arm fast,T20I,308507,James Vifah,James K Vifah,Allrounder,Right-hand bat,Right-arm medium
OH Agbomadzie,LHB,Left-arm fast,T20I,,Obed Agbomadzie,Obed Harvey Agbomadzie,Allrounder,Left-hand bat,Left arm Medium
J Raubenheimer,RHB,Right-arm fast,T20I,595881,Jason Raubenheimer,Jason Raubenheimer,Allrounder,Right-hand bat,Right-arm medium
Devender Singh,RHB,,T20I,1273700,Devender Singh,Devender Singh Malik,Wicketkeeper batter,Right-hand bat,
KM Awala,RHB,Off Break,T20I,1107676,Kelvin Awala,Kelvin Marko Awala,Allrounder,Right-hand bat,Right-arm offbreak
TK Joseph,RHB,,T20I,1107673,Joseph Theodore,Joseph Theodore,Wicketkeeper batter,Right-hand bat,
TB Robinson,RHB,Right-arm fast,T20I,1290929,Timothy Robinson,Timothy Blake Robinson,Top-order batter,Right-hand bat,Right-arm medium
Usman Khan,RHB,Off Break,T20I,1123428,Usman Khan,Usman Khan,Top-order batter,Right-hand bat,Right-arm offbreak
Irfan Khan,RHB,Right-arm fast,T20I,1199426,Irfan Khan,Muhammad Irfan Khan,Middle-order batter,Right-hand bat,Right-arm medium
D Foxcroft,RHB,Off Break,T20I,596099,Dean Foxcroft,Dean Foxcroft,Allrounder,Right-hand bat,Right-arm offbreak
J Gumbie,RHB,,T20I,596376,Joylord Gumbie,Joylord Gumbie,Wicketkeeper batter,Right-hand bat,
Tanzid Hasan,LHB,,T20I,990023,Tanzid Hasan,Tanzid Hasan Tamim,Opening batter,Left-hand bat,
J Campbell,LHB,Leg Break,T20I,1120613,Johnathan Campbell,Johnathan Mitchell Ross Campbell,Allrounder,Left-hand bat,Legbreak
AGS Gous,RHB,,T20I,485379,Andries Gous,Andries Gustav Stephanus Gous,Wicketkeeper batter,Right-hand bat,
Aaron Jones,RHB,Leg Break,T20I,957645,Aaron Jones,Aaron Jones,Top-order batter,Right-hand bat,Legbreak googly
R Bakum,RHB,Right-arm fast,T20I,1107671,Rexford Bakum,Rexford Bakum,Allrounder,Right-hand bat,Right-arm medium
M Aboagye,RHB,Leg Break,T20I,1089764,Michael Aboagye,Michael Aboagye,Allrounder,Right-hand bat,Legbreak
MD Patel,RHB,,T20I,1159641,Monank Patel,Monank Dilipbhai Patel,Wicketkeeper batter,Right-hand bat,
G Bakiweyem,RHB,Right-arm fast,T20I,585463,Godfred Bakiweyem,Godfred Bakiweyem,Allrounder,Right-hand bat,Right-arm medium
ZGF Foulkes,RHB,Right-arm fast,T20I,1202098,Zakary Foulkes,Zakary Glen Foulkes,Allrounder,Right-hand bat,Right-arm medium
XC Bartlett,RHB,Right-arm fast,T20I,1050545,Xavier Bartlett,Xavier Colin Bartlett,Bowler,Right-hand bat,Right-arm fast-medium
KS Bagabena,RHB,Right-arm fast,T20I,308693,Kofi Bagabena,Kofi Stephen Bagabena,Bowler,Right-hand bat,Right-arm medium
Syed Aqeel Israr,RHB,Right-arm fast,T20I,1400994,Syed Israr,Syed Aqeel Israr,Bowler,Right-hand bat,Right-arm medium
E Frosler,RHB,Right-arm fast,T20I,1255962,Ethan Frosler,Ethan Frosler,Bowler,Right-hand bat,Right-arm medium
L Ntanzi,RHB,Right-arm fast,T20I,1071023,Lifa Ntanzi,Lifa Ntanzi,Bowler,Right-hand bat,Right-arm fast
J Prodehl,RHB,Slow left-arm orthodox,T20I,1282001,Jesse Prodehl,Jesse Prodehl,Bowler,Right-hand bat,Slow Left arm Orthodox
AQM Yako,RHB,Right-arm fast,T20I,1425077,Aphiwe Yako,Aphiwe Qhayiya Mihlali Yako,Allrounder,Right-hand bat,Right-arm medium
Abrar Ahmed,RHB,Leg Break,T20I,734459,Abrar Ahmed,Abrar Ahmed,Bowler,Right-hand bat,Legbreak googly
W O'Rourke,RHB,Right-arm fast,T20I,1211825,William O'Rourke,William Peter O'Rourke,Bowler,Right-hand bat,Right-arm fast-medium
SN Netravalkar,RHB,Left-arm fast,T20I,398513,Saurabh Netravalkar,Saurabh Naresh Netravalkar,Bowler,Right-hand bat,Left-arm fast-medium
Ali Khan,RHB,Right-arm fast,T20I,927119,Ali Khan,Muhammad Ahsan Ali Khan,Bowler,Right-hand bat,Right-arm fast-medium
Jasdeep Singh,RHB,Right-arm fast,T20I,772471,Jasdeep Singh,Jasdeep Singh,Bowler,Right-hand bat,Right-arm medium
A Nao,RHB,Right-arm fast,T20I,524247,Alei Nao,Alei Nao,Bowler,Right-hand bat,Right-arm medium
J Kariko,LHB,Slow left-arm orthodox,T20I,1295879,John Kariko,John Kariko,Bowler,Left-hand bat,Slow Left arm Orthodox
OEG Baartman,RHB,Right-arm fast,T20I,535353,Ottneil Baartman,Ottneil Emile Graham Baartman,Bowler,Right-hand bat,Right-arm medium-fast
C Kyewuta,RHB,Right-arm fast,T20I,1107651,Cosmas Kyewuta,Cosmas Kyewuta,Bowler,Right-hand bat,Right-arm medium
DM Nakrani,LHB,Left-arm fast,T20I,731523,Dinesh Nakrani,Dinesh Maganiai Nakrani,Allrounder,Left-hand bat,Left arm Medium
Bilal Hassun,RHB,Right-arm fast,T20I,1151338,Bilal Hassun,Bilal Hassun,Bowler,Right-hand bat,Right-arm medium-fast
AR Ramjani,LHB,Slow left-arm orthodox,T20I,1178061,Alpesh Ramjani,Alpesh Ravilal Ramjani,Allrounder,Left-hand bat,Slow Left arm Orthodox
H Ssenyondo,RHB,Slow left-arm orthodox,T20I,420490,Henry Ssenyondo,Henry Ssenyondo,Bowler,Right-hand bat,Slow Left arm Orthodox
C Kyewuta,RHB,Right-arm fast,T20I,1107651,Cosmas Kyewuta,Cosmas Kyewuta,Bowler,Right-hand bat,Right-arm medium
B Masaba,RHB,Right-arm fast,T20I,420492,Brian Masaba,Brian Masaba,Bowler,Right-hand bat,Right-arm fast-medium
Shakeel Ahmed,LHB,Slow left-arm orthodox,T20I,681801,Shakeel Ahmed,Shakeel Ahmed,Bowler,Left-hand bat,Slow Left arm Orthodox
NP Kenjige,RHB,Slow left-arm orthodox,T20I,1041679,Nosthusha Kenjige,Nosthusha Pradeep Kenjige,Bowler,Right-hand bat,Slow Left arm Orthodox
VJ Kingma,RHB,Right-arm fast,T20I,416103,Vivian Kingma,Vivian Jilling Kingma,Bowler,Right-hand bat,Right-arm medium
J Miyaji,RHB,Right-arm fast,T20I,1178060,Juma Miyagi,Juma Miyagi,Bowler,Right-hand bat,Right-arm medium-fast
F Nsubuga,RHB,Off Break,T20I,26139,Franco Nsubuga,Franco Nsubuga,Allrounder,Right-hand bat,Right-arm offbreak
SC van Schalkwyk,LHB,Right-arm fast,T20I,334621,Shadley Schalkwyk,Shadley Claude van Schalkwyk,Allrounder,Left-hand bat,Right-arm medium
Milind Kumar,RHB,Off Break,T20I,451947,Milind Kumar,Milind Kumar,Allrounder,Right-hand bat,Right-arm offbreak
NK Patel,RHB,Slow left-arm orthodox,T20I,233258,Nisarg Patel,Nisarg Ketankumar Patel,Allrounder,Right-hand bat,Slow Left arm Orthodox
MW Forde,RHB,Right-arm fast,T20I,1209190,Matthew Forde,Matthew Walter Forde,Bowler,Right-hand bat,Right-arm medium
N Peter,RHB,Leg Break,T20I,946483,Nqabayomzi Peter,Nqabayomzi Peter,Bowler,Right-hand bat,Legbreak
Riazat Ali Shah,RHB,Right-arm fast,T20I,1129565,Riazat Shah,Riazat Ali Shah,Batting allrounder,Right-hand bat,Right-arm medium
PE Kruger,RHB,Right-arm fast,T20I,499560,Patrick Kruger,Patrick Earl Kruger,Batting allrounder,Right-hand bat,Right-arm medium
RB Patel,RHB,Slow left-arm orthodox,T20I,1151337,Ronak Patel,Ronak Bharatibhai Patel,Batter,Right-hand bat,Slow Left arm Orthodox
S Sesazi,LHB,Right-arm fast,T20I,531312,Simon Ssesazi,Simon Ssesazi,Wicketkeeper batter,Left-hand bat,Right arm Slow
RG Mukasa,RHB,Off Break,T20I,233528,Roger Mukasa,Roger Galwanao Mukasa,Wicketkeeper batter,Right-hand bat,Right-arm offbreak
R Obuya,RHB,,T20I,1380565,Robinson Obuya,Robinson Obuya,Batter,Right-hand bat,
PS Athavale,RHB,Off Break,T20I,1402600,Pratik Athavale,Pratik Shrikant Athavale,Wicketkeeper batter,Right-hand bat,Right-arm offbreak
Khalid Kail,RHB,,T20I,624813,Khalid Kail,Khalid Kail,Middle-order batter,Right-hand bat,
Shoaib Khan,RHB,Right-arm fast,T20I,1276700,Shoaib Khan,Shoaib Khan,Batter,Right-hand bat,Right-arm medium
M Levitt,RHB,Right-arm fast,T20I,1071504,Michael Levitt,Michael Levitt,Top-order batter,Right-hand bat,Right-arm fast
SA Engelbrecht,RHB,Off Break,T20I,315035,Sybrand Engelbrecht,Sybrand Abraham Engelbrecht,Allrounder,Right-hand bat,Right-arm offbreak
K Waiswa,RHB,Right-arm fast,T20I,928109,Kenneth Waiswa,Kenneth Waiswa,Allrounder,Right-hand bat,Right-arm medium
Shayan Jahangir,RHB,Right-arm fast,T20I,647771,Shayan Jahangir,Shayan Jahangir,Batter,Right-hand bat,Right-arm medium-fast
A Athanaze,LHB,Off Break,T20I,1078692,Alick Athanaze,Alick Athanaze,Batting allrounder,Left-hand bat,Right-arm offbreak
A Johnson,RHB,Off Break,T20I,1323683,Aaron Johnson,Aaron Johnson,Batter,Right-hand bat,Right-arm offbreak
NR Kirton,LHB,,T20I,820685,Nicholas Kirton,Nicholas Rasheed Kirton,Batting allrounder,,
S Movva,RHB,,T20I,1206190,Shreyas Movva,Shreyas Movva,Wicketkeeper batter,Right-hand bat,
Ravinderpal Singh,RHB,Off Break,T20I,1159653,Ravinderpal Singh,Ravinderpal Singh,Batter,Right-hand bat,Right-arm offbreak
Saad Bin Zafar,LHB,Slow left-arm orthodox,T20I,359746,Saad Bin Zafar,Saad Bin Zafar,Allrounder,Left-hand bat,Slow Left arm Orthodox
Kaleem Sana,RHB,Left-arm fast,T20I,385938,Kaleem Sana,Kaleem Sana Rehman,,Right-hand bat,Left-arm medium-fast
D Heyliger,RHB,Right-arm fast,T20I,1061467,Dilon Heyliger,Dilon Heyliger,Bowler,Right-hand bat,Right-arm medium
N Davin,RHB,Leg Break,T20I,595790,Nikolaas Davin,Nikolaas Davin,Batter,Right-hand bat,Legbreak
M van Lingen,LHB,Slow left-arm orthodox,T20I,833777,Michael van Lingen,Michael van Lingen,Bowling allrounder,Left-hand bat,Slow Left arm Orthodox
A Dutt,RHB,Off Break,T20I,1195672,Aryan Dutt,Aryan Dutt,Bowler,Right-hand bat,Right-arm offbreak
TJG Pringle,RHB,Slow left-arm orthodox,T20I,1193548,Tim Pringle,Timothy James Gerard Pringle,Allrounder,Right-hand bat,Slow Left arm Orthodox
SI Kamea,LHB,Left-arm fast,T20I,1115025,Semo Kamea,Semo Igo Kamea,Bowler,Left-hand bat,Left-arm fast
J Kariko,LHB,Slow left-arm orthodox,T20I,1295879,John Kariko,John Kariko,Bowler,Left-hand bat,Slow Left arm Orthodox
AK Sah,RHB,Off Break,T20I,1058510,Anil Sah,Anil Kumar Sah,Batting allrounder,Right-hand bat,Right-arm offbreak
Aasif Sheikh,RHB,,T20I,1058514,Aasif Sheikh,Aasif Sheikh,Wicketkeeper batter,Right-hand bat,
F Achelam,RHB,,T20I,1107652,Fred Achelam,Fred Achelam,Wicketkeeper batter,Right-hand bat,
B Masaba,RHB,Right-arm fast,T20I,420492,Brian Masaba,Brian Masaba,Allrounder,Right-hand bat,Right-arm fast-medium
BJ McMullen,RHB,Right-arm fast,T20I,949473,Brandon McMullen,Brandon McMullen,Batting allrounder,Right-hand bat,Right-arm medium
NS Dhaliwal,RHB,Right-arm fast,T20I,817069,Navneet Dhaliwal,Navneet Singh Dhaliwal,Middle-order batter,Right-hand bat,Right-arm medium-fast
Pargat Singh,RHB,Off Break,T20I,446690,Pargat Singh,Pargat Singh,Allrounder,Right-hand bat,Right-arm offbreak
JT Brassell,RHB,Right-arm fast,T20I,1310415,Jack Brassell,Jack Thomas Brassell,Bowler,Right-hand bat,Right-arm medium
JOA Gordon,RHB,Right-arm fast,T20I,276370,Jeremy Gordon,Jeremy Oliver Alster Gordon,Bowler,Right-hand bat,Right-arm fast-medium
JG Bethell,LHB,Slow left-arm orthodox,T20I,1194959,Jacob Bethell,Jacob Graham Bethell,Batting allrounder,Left-hand bat,Slow Left arm Orthodox
C Connolly,LHB,Slow left-arm orthodox,T20I,1210488,Cooper Connolly,Cooper Connolly,Batting allrounder,Left-hand bat,Slow Left arm Orthodox
C Cassell,RHB,Right-arm fast,T20I,1444192,Charlie Cassell,Charlie Cassell,Bowler,Right-hand bat,Right-arm fast
J Jarvis,RHB,Right-arm fast,T20I,1278263,Jack Jarvis,Jack Jarvis,Bowler,Right-hand bat,Right-arm medium-fast
JJ Davidson,RHB,Right-arm fast,T20I,1195676,Jasper Davidson,Jasper John Davidson,Bowler,Right-hand bat,Right-arm fast
BJ Currie,RHB,Left-arm fast,T20I,1000791,Bradley Currie,Bradley James Currie,Bowler,Right-hand bat,Left arm Medium
C Wickramasinghe,LHB,Right-arm fast,T20I,1186658,Chamindu Wickramasinghe,Chamindu Wickramasinghe,Batting allrounder,Left-hand bat,Right-arm medium-fast
DN Wellalage,LHB,Slow left-arm orthodox,T20I,1152427,Dunith Wellalage,Dunith Nethmika Wellalage,Bowler,Left-hand bat,Slow Left arm Orthodox
JL Smith,RHB,,T20I,1096092,Jamie Smith,Jamie Luke Smith,Wicketkeeper batter,Right-hand bat,
JP Greaves,RHB,Right-arm fast,T20I,510823,Justin Greaves,Justin Pierre Greaves,Allrounder,Right-hand bat,Right-arm medium
Jahandad Khan,LHB,Left-arm fast,T20I,1402359,Jahandad Khan,Jahandad Khan,Allrounder,Left-hand bat,Left-arm medium-fast
DR Mousley,LHB,Off Break,T20I,1172968,Daniel Mousley,Daniel Richard Mousley,Batting allrounder,Left-hand bat,Right-arm offbreak
T Musekiwa,RHB,Right-arm fast,T20I,1258606,Tashinga Musekiwa,Tashinga Musekiwa,Batting allrounder,Right-hand bat,Right-arm medium
C Tear,RHB,,T20I,1266476,Charlie Tear,Charlie Tear,Wicketkeeper batter,Right-hand bat,
Agha Salman,RHB,Off Break,T20I,623977,Salman Agha,Salman Ali Agha,Allrounder,Right-hand bat,Right-arm offbreak
A Simelane,RHB,Right-arm fast,T20I,1070754,Andile Simelane,Andile Simelane,Allrounder,Right-hand bat,Right-arm fast
JNT Seales,LHB,Right-arm fast,T20I,1199304,Jayden Seales,Jayden Nigel Tristen Seales,Bowler,Left-hand bat,Right-arm fast-medium
Mohammad Ali,RHB,Right-arm fast,T20I,1158175,Mohammad Ali,Mohammad Ali,Bowler,Right-hand bat,Right-arm fast-medium
T Gwandu,RHB,Right-arm fast,T20I,1038205,Trevor Gwandu,Trevor Wesley Gwandu,Bowler,Right-hand bat,Right-arm medium
T Hinds,RHB,Right-arm fast,T20I,1152714,Terrance Hinds,Terrance Hinds,Bowler,Right-hand bat,Right-arm medium-fast
J Overton,RHB,Right-arm fast,T20I,510530,Jamie Overton,Jamie Overton,Bowling allrounder,Right-hand bat,Right-arm fast
MJ Hay,RHB,,T20I,1243738,Mitchell Hay,Mitchell James Hay,Wicketkeeper batter,Right-hand bat,
SK Springer,RHB,Right-arm fast,T20I,820689,Shamar Springer,Shamar Kamal Springer,Allrounder,Right-hand bat,Right-arm fast-medium
Hassan Nawaz,RHB,Right-arm fast,T20I,1398125,Hasan Nawaz,Hasan Nawaz,Top-order batter,Right-hand bat,Right-arm medium
JF Smith,RHB,Right-arm fast,T20I,498582,Jason Smith,Jason Franswyn Smith,Top-order batter,Right-hand bat,Right-arm medium-fast
JM Cox,RHB,,T20I,1112537,Jordan Cox,Jordan Matthew Cox,Wicketkeeper batter,Right-hand bat,
TT Maposa,RHB,Right-arm fast,T20I,1360042,Tinotenda Maposa,Tinotenda Tinashe Maposa,Bowler,Right-hand bat,Right-arm medium
Dayyaan Galiem,RHB,Right-arm fast,T20I,550189,Dayyaan Galiem,Abdu Dayyaan Galiem,Bowling allrounder,Right-hand bat,Right-arm medium-fast
JA Turner,RHB,Right-arm fast,T20I,1261866,John Turner,John Andrew Turner,Bowler,Right-hand bat,Right-arm fast-medium
Saim Ayub,LHB,Off Break,T20I,1161031,Saim Ayub,Saim Ayub,Top-order batter,Left-hand bat,Right-arm offbreak
R Minz,LHB,Slow left-arm orthodox,IPL,1350762,Robin Minz,Robin Minz,Wicketkeeper batter,Left-hand bat,Slow Left arm Orthodox
PVSN Raju,RHB,Right-arm fast,IPL,1392201,Satyanarayana Raju,Penumatsa Venkata Satyanarayana Raju,Bowler,Right-hand bat,Right-arm medium-fast
Suryansh Shedge,RHB,Right-arm fast,IPL,1339698,Suryansh Shedge,Suryansh Shedge,Batting allrounder,Right-hand bat,Right-arm medium-fast
V Nigam,RHB,Leg Break,IPL,1449074,Vipraj Nigam,Vipraj Nigam,Bowler,Right-hand bat,Legbreak
Aniket Verma,RHB,Right-arm fast,IPL,1409976,Aniket Verma,Aniket Verma,Batter,Right-hand bat,Right-arm medium-fast
Priyansh Arya,LHB,Off Break,IPL,1175456,Priyansh Arya,Priyansh Arya,Opening batter,Left-hand bat,Right-arm offbreak
V Puthur,RHB,Slow left-arm orthodox,IPL,1460388,Vignesh Puthur,Vignesh Puthur,Bowler,Right-hand bat,Left-arm wrist-spin
Zeeshan Ansari,RHB,Leg Break,IPL,942371,Zeeshan Ansari,Zeeshan Ansari,Bowler,Right-hand bat,Legbreak googly
Prince Yadav,RHB,Right-arm fast,IPL,1350768,Prince Yadav,Prince Yadav,Bowler,Right-hand bat,Right-arm fast
Ashwani Kumar,LHB,Left-arm fast,IPL,1209126,Ashwani Kumar,Ashwani Kumar,Bowler,Left-hand bat,Left arm Medium
DS Rathi,RHB,Leg Break,IPL,1460529,Digvesh Rathi,Digvesh Singh Rathi,Bowler,Right-hand bat,Legbreak
BJ Jacobs,RHB,Right-arm fast,T20I,1410577,Bevon Jacobs,Bevon-John Jacobs,Middle-order batter,Right-hand bat,Right-arm medium
Muhammad Zohaib,LHB,Off Break,T20I,1486141,Muhammad Zohaib,Muhammad Zohaib,Opening batter,Left-hand bat,Right-arm offbreak
J Blades,RHB,Left-arm fast,T20I,1403089,Jediah Blades,Jediah Blades,Bowler,Right-hand bat,Left arm Medium
R Chopra,RHB,,T20I,1388460,Rahul Chopra,Rahul Chopra,Wicketkeeper batter,Right-hand bat,
Zuhaib Zubair,RHB,Leg Break,T20I,1241253,Zuhaib Zubair,Zuhaib Zubair,Bowler,Right-hand bat,Legbreak googly
Sikander Zulfiqar,RHB,Right-arm fast,T20I,526482,Sikander Zulfiqar,Sikander Zulfiqar,Batter,Right-hand bat,Right-arm medium
DT Doram,LHB,Slow left-arm orthodox,T20I,643133,Daniel Doram,Daniel Tarric Doram,Bowler,Left-hand bat,Slow Left arm Orthodox
C Bosch,RHB,Right-arm fast,T20I,594322,Corbin Bosch,Corbin Bosch,Allrounder,Right-hand bat,Right-arm fast-medium
LG Pretorius,LHB,,T20I,1385640,Lhuan Pretorius,Lhuan-dre Gilbert Pretorius,Wicketkeeper batter,Left-hand bat,
RA Herman,LHB,,T20I,596097,Rubin Hermann,Rubin Andrew Hermann,Wicketkeeper batter,Left-hand bat,
MJ Owen,RHB,Right-arm fast,T20I,1213979,Mitchell Owen,Mitchell J Owen,Middle-order batter,Right-hand bat,Right-arm medium
Matiullah Khan,RHB,Right-arm fast,T20I,1241201,Matiullah Khan,Matiullah Khan,Bowler,Right-hand bat,Right-arm medium-fast
K Klein,RHB,Right-arm fast,T20I,1195670,Kyle Klein,Kyle Klein,Bowler,Right-hand bat,Right-arm medium
Kalhan Challu,RHB,Off Break,T20I,1093862,Kalhan Challu,Kalhan Challu,Middle-order batter,Right-hand bat,Right-arm offbreak
Zeeshan Ali,RHB,,T20I,386302,Zeeshan Ali,Zeeshan Ali,Wicketkeeper batter,Right-hand bat,
NRJ Croes,RHB,,T20I,1191381,Noah Croes,Noah Roderick Joseph Croes,Batter,Right-hand bat,
MADI Hemantha,RHB,Leg Break,T20I,721041,Dushan Hemantha,Dushan Ishara Hemantha,Allrounder,Right-hand bat,Legbreak
S Muthusamy,LHB,Slow left-arm orthodox,T20I,535393,Senuran Muthusamy,Senuran Muthusamy,Batting allrounder,Left-hand bat,Slow Left arm Orthodox
R Smaran,LHB,Off Break,IPL,1327722,Ravichandran Smaran,Ravichandran Smaran,Top-order batter,Left-hand bat,Right-arm offbreak
Brijesh Sharma,RHB,Right-arm fast,IPL,1515046,Brijesh Sharma,Brijesh Sharma,Bowler,Right-hand bat,Right-arm medium
Himmat Singh,RHB,Off Break,IPL,805235,Himmat Singh,Himmat Singh,Batter,Right-hand bat,Right-arm offbreak
N Sindhu,LHB,Slow left-arm orthodox,IPL,1292506,Nishant Sindhu,Nishant Sindhu,Allrounder,Left-hand bat,Slow Left arm Orthodox
T Dahiya,RHB,,IPL,1460372,Tejasvi Dahiya,Tejasvi Dahiya,Wicketkeeper batter,Right-hand bat,
Urvil Patel,RHB,,IPL,1131570,Urvil Patel,Urvil Mukesh Patel,Wicketkeeper batter,Right-hand bat,
Musheer Khan,RHB,Slow left-arm orthodox,IPL,1316430,Musheer Khan,Musheer Khan,Allrounder,Right-hand bat,Slow Left arm Orthodox
MS Bhandage,LHB,Right-arm fast,IPL,1057399,Manoj Bhandage,Manoj Shivaramsa Bhandage,Allrounder,Left-hand bat,Right-arm medium-fast
KS Rathore,LHB,,IPL,1339031,Kunal Rathore,Kunal Singh Rathore,Wicketkeeper batter,Left-hand bat,
SU Parakh,LHB,Leg Break,IPL,1451028,Sahil Parakh,Sahil Ulhas Parakh,Top-order batter,Left-hand bat,Legbreak
PR Veer,LHB,Slow left-arm orthodox,IPL,1403197,Prashant Veer,Prashant Ramendra Veer,Bowling allrounder,Left-hand bat,Slow Left arm Orthodox
MD Choudhary,RHB,,IPL,1354217,Mukul Choudhary,Mukul Dalip Choudhary,Wicketkeeper batter,Right-hand bat,
Kartik Sharma,RHB,,IPL,1459392,Kartik Sharma,Kartik Sharma,Wicketkeeper batter,Right-hand bat,
PP Hinge,RHB,Right-arm fast,IPL,1216167,Praful Hinge,Praful Prakash Hinge,Bowler,Right-hand bat,Right-arm medium-fast
Shivang Kumar,RHB,Slow left-arm orthodox,IPL,1512089,Shivang Kumar,Shivang Kumar,Bowling allrounder,Right-hand bat,Left-arm wrist-spin
Ravi Singh,LHB,Leg Break,IPL,1461577,Ravi Singh,Ravi Singh,Middle-order batter,Left-hand bat,Legbreak
A Mhatre,RHB,Off Break,IPL,1452455,Ayush Mhatre,Ayush Mhatre,Top-order batter,Right-hand bat,Right-arm offbreak
SK Rasheed,RHB,Leg Break,IPL,1292497,Shaik Rasheed,Shaik Rasheed,Batter,Right-hand bat,Legbreak
V Suryavanshi,LHB,Slow left-arm orthodox,IPL,1408688,Vaibhav Sooryavanshi,Vaibhav Sooryavanshi,Top-order batter,Left-hand bat,Slow Left arm Orthodox
E Malinga,LHB,Right-arm fast,IPL,1306214,Eshan Malinga,Kiribathgala Kankanamalage Eshan Malinga Dharmasena,Bowler,Left-hand bat,Right-arm fast-medium
M Tiwari,RHB,Right-arm fast,IPL,1460385,Madhav TiwariÊ,Madhav TiwariÊ,Allrounder,Right-hand bat,Right-arm medium-fast
Ashok Sharma,RHB,Right-arm fast,IPL,1299879,Ashok Sharma,Ashok Sharma,Bowler,Right-hand bat,Right-arm fast
Harsh Dubey,LHB,Slow left-arm orthodox,IPL,1216159,Harsh Dubey,Harsh Surendra Dubey,Allrounder,Left-hand bat,Slow Left arm Orthodox
DV Malewar,RHB,Leg Break,IPL,1421992,Danish Malewar,Danish Vishnu Malewar,Top-order batter,Right-hand bat,Legbreak
S Arora,RHB,,IPL,1199281,Salil Arora,Salil Arora,Wicketkeeper batter,Right-hand bat,
Krish Bhagat,RHB,Right-arm fast,IPL,1454586,Krish Bhagat,Krish Bhagat,Bowler,Right-hand bat,Right-arm medium
DA Payne,RHB,Left-arm fast,IPL,362710,David Payne,David Alan Payne,Bowler,Right-hand bat,Left arm Fast medium
Akshat Raghuwanshi,RHB,Off Break,IPL,1300795,Akshat Raghuwanshi,Akshat Raghuwanshi,Middle-order batter,Right-hand bat,Right-arm offbreak
Auqib Nabi,RHB,Right-arm fast,IPL,1159732,Auqib Nabi,Auqib Nabi,Bowler,Right-hand bat,Right-arm medium
AM Ghazanfar,RHB,Off Break,IPL,1326798,AM Ghazanfar,AM Ghazanfar,Bowler,Right-hand bat,Right-arm offbreak
Sakib Hussain,RHB,Right-arm fast,IPL,1340422,Sakib Hussain,Sakib Hussain,Bowler,Right-hand bat,Right-arm medium
Yash Raj Punja,RHB,Leg Break,IPL,1515186,Yash Raj Punja,Yash Raj Punja,Bowler,Right-hand bat,Legbreak googly
SR Dubey,RHB,Left-arm fast,IPL,1206492,Saurabh Dubey,Saurabh Rajendraprasad Dubey,Bowler,Right-hand bat,Left-arm medium-fast
Gurjapneet Singh,RHB,Left-arm fast,IPL,1269869,Gurjapneet Singh,Gurjapneet Singh,Bowler,Right-hand bat,Left-arm medium-fast
T Vijay,RHB,Off Break,IPL,1292527,Tripurana Vijay,Tripurana Vijay,Bowler,Right-hand bat,Right-arm offbreak
RS Ghosh,RHB,Right-arm fast,IPL,1339053,Ramakrishna Ghosh,Ramakrishna Shekhar Ghosh,,Right-hand bat,Right-arm medium-fast
Abhinandan Singh,RHB,Right-arm fast,IPL,1449085,Abhinandan Singh,Abhinandan Singh,Bowler,Right-hand bat,Right-arm medium-fast
SS Mishra,LHB,Left-arm fast,IPL,1175457,Sushant Mishra,Sushant Samirkumar Mishra,Bowler,Left-hand bat,Left-arm medium-fast
Raghu Sharma,RHB,Leg Break,IPL,1122621,Raghu Sharma,Raghu Shivam Sharma,Bowler,Right-hand bat,Legbreak